player,player_norm,team,pos,minutes,ninety_s,games,0,1,2,3,4,5,6
Alejandro Jiménez,Alejandro Jimenez,"AC Milan,Bournemouth",D M S,2396,26.62,32,1.373131759634857,4.201343961477885,-2.6051205500589196,1.3322062363751064,1.7989593088957057,0.5087559057438648,-0.08899846121251814
Samuel Chukwueze,Samuel Chukwueze,"AC Milan,Fulham",M S,1075,11.94,24,7.751836561502606,1.4284251630734395,0.21481707203485895,0.7293252612420349,-0.4606238071606096,0.7621844088453988,0.9220544944028863
Adrien Rabiot,Adrien Rabiot,"AC Milan,Marseille",M S,2636,29.29,30,3.2296757233067788,3.82765284692188,-0.4997750163789852,-1.0339774357847455,1.068572391911753,0.7185295134242702,1.2505212179407028
Niclas Füllkrug,Niclas Fullkrug,"AC Milan,West Ham",F S,1042,11.58,28,14.802782511214362,1.7853533556762111,-6.251177870990243,-5.927725029932854,-3.2095858468463403,0.6173402853680717,-1.15459484500229
Piero Hincapié,Piero Hincapie,"Arsenal,Bayer Leverkusen",D S,1876,20.84,26,1.8692782216258288,10.94585587017814,-1.7820796517052533,-2.734567482621755,-1.5837126081021933,-1.6967804481729023,0.9265667127035294
Donyell Malen,Donyell Malen,"Aston Villa,Roma",F,2099,23.32,39,8.764848312483215,-2.9452397365146954,-0.478068752670776,-3.345572005231699,-2.123733473091643,1.1987112262615258,0.5590188466957484
Ademola Lookman,Ademola Lookman,"Atalanta,Atletico Madrid",F M S,1441,16.01,24,19.503828148881674,3.2581831324369928,-2.715502909540595,-2.0299838488043673,-5.351213648950658,0.22277066088762262,0.26972973182574145
Nicolás González,Nicolas Gonzalez,"Atletico Madrid,Juventus",D F M S,1494,16.6,26,12.849050771162737,3.403220378005317,-4.666485212208246,-4.885071090522589,-0.2264279059872955,1.6932194368922038,0.454753938765079
Conor Gallagher,Conor Gallagher,"Atletico Madrid,Tottenham",M S,1859,20.66,35,13.524281507448132,15.369088036574981,-5.727166928098979,-2.019292345298991,5.71600480366774,-0.2316880491152824,0.058231366185007134
Fabian Rieder,Fabian Rieder,"Augsburg,Rennes",D F M S,2531,28.12,35,5.300839458169169,2.531653944324756,-1.1625963456854946,2.6273715929425303,0.9861934365630556,-1.1079733007347434,1.3499977391942886
Jonathan Rowe,Jonathan Rowe,"Bologna,Marseille",F M S,1681,18.68,29,7.553802401200537,0.14873215375035626,-3.607363456988746,-0.17380526153437806,-0.8036790920623169,4.475318870226744,-0.14907546012223663
Pascal Groß,Pascal Gross,"Borussia Dortmund,Brighton",M S,2254,25.04,30,12.632600618107528,14.648851971359877,1.2963177548922415,0.9244046979735158,-2.767603187192321,-2.086667183588408,-1.3661957957551711
Luca Netz,Luca Netz,"Borussia M.Gladbach,Nottingham Forest",D S,1285,14.28,22,7.0033885233993995,11.50138773709069,-4.207546547304164,2.2013595780513304,-1.1656150818490472,-1.36423173144394,-0.5195605634805526
Diego Coppola,Diego Coppola,"Brighton,Paris FC",D,1362,15.13,18,-3.714611642989968,12.727125860639866,-9.321812756555452,-2.620190716911542,-2.144861835441191,-5.731075315144392,-0.6557610059584896
Brajan Gruda,Brajan Gruda,"Brighton,RasenBallsport Leipzig",F M S,1476,16.4,31,12.321042952503662,3.5864493196112193,-2.880409491600243,2.3279231509574405,-0.870602924451432,3.6476280498929987,0.4286544186660705
Bryan Zaragoza,Bryan Zaragoza,"Celta Vigo,Roma",F M S,1278,14.2,23,10.266151117948315,3.1163235011032566,-2.554383962446158,3.025643495937826,-1.1719998930382796,4.1403597405793,0.2897321120773146
Fernando López,Fernando Lopez,"Celta Vigo,Wolverhampton Wanderers",F M S,1390,15.44,26,-1.8355559548172693,-4.826724860275771,-0.021833641656300775,3.0652621232400374,-1.246912820913769,-1.1809893832064464,-0.7409278603002579
Mamadou Sarr,Mamadou Sarr,"Chelsea,Strasbourg",D,1405,15.61,18,-1.6468298942756852,10.042371907839092,-2.8959228224346427,-2.798149599427419,0.37897201122878754,-2.6381462705356493,-1.1342785549331402
Stefan Posch,Stefan Posch,"Como,Mainz 05",D,1761,19.57,30,2.9663249317480966,13.062759337403232,-4.00658161512594,0.5523413333759415,-1.2062316491341942,-4.140666346115692,-0.8088429372437024
Odsonne Edouard,Odsonne Edouard,"Crystal Palace,Lens",F S,1880,20.89,30,7.239572975610374,-4.921500016717744,-3.079765263442167,-5.10727342888783,-0.20660182969115976,-1.1280896109644893,-0.37985382872639967
Jaydee Canvot,Jaydee Canvot,"Crystal Palace,Toulouse",D S,1514,16.82,22,-2.9571108113244886,4.470689717977225,-2.5162667240104803,-1.5632484320531888,-0.44225107535071223,-0.8651607130295461,-1.6317577853243501
Yeremi Pino,Yeremi Pino,"Crystal Palace,Villarreal",F M S,2299,25.54,36,8.110232002349424,2.048928438936722,-1.1996691554804488,2.422093323165642,-0.9147155781594043,-0.7344534958723016,-1.927210098874772
Sepe Elye Wahi,Sepe Elye Wahi,"Eintracht Frankfurt,Nice",F S,1246,13.84,24,2.528379830736237,-6.592670813405133,-1.1026031178365587,-2.7061581034729443,3.8643875729993096,-3.9625524296190138,-0.5765730074188691
Arnaud Kalimuendo Muinga,Arnaud Kalimuendo Muinga,"Eintracht Frankfurt,Nottingham Forest",F M S,1506,16.73,28,-2.7615578878820597,-6.4572726362415676,-0.309945235341295,2.6441908896722004,-2.740840009807466,-2.727102675616767,1.2122074878428797
Tete Morente,Tete Morente,"Elche,Lecce",D M S,1799,19.99,29,4.497285126891708,3.75038325112043,-3.1141801595868834,0.5122392205246903,0.6612979970642322,1.3065594423372748,-0.024754673494326758
Cyril Ngonge,Cyril Ngonge,"Espanyol,Torino",F S,1428,15.87,29,10.723451848375403,1.3125438745689346,-4.984805719859417,-0.17100223608182827,-0.7377330307257894,3.427436008848622,-0.27503548793934635
Jack Harrison,Jack Harrison,"Fiorentina,Leeds",D F M S,1215,13.5,26,12.458992657033395,7.830944379977614,-6.307862950055872,3.5233061746445857,1.6121354354305732,1.1046255972894683,0.12456781304296724
Manor Solomon,Manor Solomon,"Fiorentina,Villarreal",F M S,1001,11.12,22,5.6669075544596845,1.7028764213063328,4.081356037242627,0.4866953951888104,1.078004328200035,3.9732432896964784,1.9244825316131722
Martín Satriano,Martin Satriano,"Getafe,Lyon",F M,2305,25.61,29,3.866067443188979,-1.4431334474810813,-0.9662389283561779,-2.022723654675786,0.7640359884745744,1.0607309108746092,1.5599934248822498
Ladislav Krejcí,Ladislav Krejci,"Girona,Wolverhampton Wanderers",D M S,2565,28.5,30,-2.080765616926528,5.569915919723138,-1.072460803253534,-1.859978219692415,-1.7043523135351561,-1.3826056908519766,0.8105922796110633
Benjamin Pavard,Benjamin Pavard,"Inter,Marseille",D S,2022,22.47,28,-1.640379723086775,4.417170214360671,0.527494803944476,-1.3705342917499004,-0.9814417334054614,-2.461239425784818,-0.34584839743564
Jeremie Boga,Jeremie Boga,"Juventus,Nice",F M S,1311,14.57,29,12.270487348517927,3.307023989907239,0.3157530116214954,-1.174685327381043,-0.5642436495792109,4.076144157921207,1.1100795487172626
Valentín Castellanos,Valentin Castellanos,"Lazio,West Ham",F S,2127,23.63,29,8.609159072902825,-2.575807327513366,-4.596437895530876,-3.459223655164978,-3.1259247558686774,1.1256575442293981,0.9530416620136241
Mohamed Kaba,Mohamed Kaba,"Lecce,Nantes",M S,1642,18.24,28,1.023277568675829,1.978398231877385,-2.4879313365150826,0.46144840122167174,2.147919343075011,1.1168777257701523,-1.4427627817752324
Endrick,Endrick,"Lyon,Real Madrid",F M S,1253,13.92,17,13.293910664340093,-0.6263424544008828,-1.8449858451709105,-1.6266171474832718,-1.857860724129362,2.4218335511310842,-0.19873262973397626
Georges Mikautadze,Georges Mikautadze,"Lyon,Villarreal",F S,2335,25.94,35,6.561471342142606,-4.562838247387629,-1.3602137957948806,-3.735560483028674,-2.185622640667903,1.6228071691495936,-0.2290984308321152
Sael Kumbedi,Sael Kumbedi,"Lyon,Wolfsburg",D M S,1894,21.04,25,-0.05832410206484569,3.0639702017495596,-2.4494987546281806,3.1589027131648617,-0.5943816506039893,-0.4019189198174622,-0.6924266929361524
Sheraldo Becker,Sheraldo Becker,"Mainz 05,Osasuna",F S,1099,12.21,23,5.283964219832021,-2.038221865748179,1.3190647025760638,-0.8724755419666005,-1.7179593108444235,1.1050853724638348,-0.9133835778490962
Arnaud Nordin,Arnaud Nordin,"Mainz 05,Rennes",D F M S,1054,11.71,23,7.804056464131976,2.4507659750852926,-2.211231907900109,-1.8402387643120974,1.8186895350068193,5.833926481430875,0.432421010415992
Ulisses García,Ulisses Garcia,"Marseille,Sassuolo",D S,1144,12.71,17,1.3726049699780691,2.8485162535810744,1.1237623393053602,2.683746142156497,0.007691770103394149,-4.172168540669206,1.5829143210785321
Naif Aguerd,Naif Aguerd,"Marseille,West Ham",D,1587,17.63,18,-5.903335537993496,-1.7833118690287755,3.979057902539748,-2.1779483398129194,-0.32807559055895114,3.4121518346480353,1.396619376473856
Angel Gomes,Angel Gomes,"Marseille,Wolverhampton Wanderers",M S,1394,15.49,26,11.563941339659271,14.86183391397281,0.39418962278198283,-1.9191717688650214,0.2840713490692027,-1.401912229276385,0.8311936504325188
Simon Adingra,Simon Adingra,"Monaco,Sunderland",D F M S,1536,17.07,28,10.036740641004151,5.420484700316689,-4.399725764178776,0.44273336132926266,1.2798434323749623,0.5817966337409549,1.5041671663829106
Nick Woltemade,Nick Woltemade,"Newcastle United,VfB Stuttgart",F M S,2043,22.7,34,3.7927199347126743,-2.656930109996797,-1.8458405378631284,-1.35070755555257,1.6296453306892758,-1.0413218518141822,0.9438369739819994
Marshall Munetsi,Marshall Munetsi,"Paris FC,Wolverhampton Wanderers",F M S,1848,20.53,28,3.8968166696215727,1.6595950655306364,-6.130298371033276,-1.2992865663029827,1.0543105846902394,-0.9199585246830528,0.0942587630484702
Xavi Simons,Xavi Simons,"RasenBallsport Leipzig,Tottenham",F M S,1858,20.64,29,16.971076199459624,9.159800156733606,-2.622800912178015,-0.7336980463088882,-0.06423043776460594,5.708561864825048,0.9966857246910603
Haissem Hassan,Haissem Hassan,Real Oviedo,F M S,3626,40.29,66,0.5861497890799576,-1.0455551131379148,-0.11211699344641697,1.933163901792757,1.5744421865592733,1.9580809692101622,-1.2837195575134455
Unai Núñez,Unai Nunez,"Valencia,Verona",D S,2190,24.33,30,-1.3582358869356765,10.523303379735557,-5.498645424147273,-2.337296664212924,-1.9014946672195194,-2.2896650568445525,-0.7118662817203216
Guido Rodríguez,Guido Rodriguez,"Valencia,West Ham",M S,1469,16.32,22,2.2730430639901655,10.573889370998847,-3.5091386295421807,-2.7060968557342377,2.525303495795754,-0.8626816701766956,3.082774225598239
Bukayo Saka,Bukayo Saka,Arsenal,F M S,2239,24.88,31,8.016471525433488,0.461852248093163,0.8336826704039544,-0.03326439312758535,-1.1813972317690633,1.1087503763661217,-0.6772693475631129
Declan Rice,Declan Rice,Arsenal,D M S,3111,34.57,36,0.8544237440268082,1.282129102248835,2.878730457057398,-0.19180267633545198,0.6181519878720203,-0.30013763476999383,-0.05360063848634813
Gabriel,Gabriel,Arsenal,D S,2748,30.53,32,-3.754065306439003,0.2011464011847979,0.6095590950163025,-1.7777762695188277,-1.6994457009104147,1.1832913300678125,-0.2190422990675915
Gabriel Martinelli,Gabriel Martinelli,Arsenal,F M S,1025,11.39,30,9.251944798691582,-1.060064021579837,-0.7779521159102267,-1.5940749197252881,-0.3610039484649318,-0.16458326578422952,-2.140895483614027
Jurriën Timber,Jurrien Timber,Arsenal,D S,2475,27.5,30,-1.678979908879356,-0.5909591622204898,0.335232857962075,-0.33283606191063675,-0.5456635112140192,0.05246976119092539,-0.3096230697791192
Leandro Trossard,Leandro Trossard,Arsenal,F M S,2026,22.51,31,4.770583157095666,-1.6780468644335906,0.335547730465398,0.24996864735219948,-0.13746601589339136,0.6156277819244703,-0.21438041385982132
Martin Odegaard,Martin Odegaard,Arsenal,M S,1347,14.97,24,2.8495986127262665,0.17654939641680928,3.9403197485425254,2.0984317318911057,-0.8166874090179649,-2.415997680787083,-1.0938194394191658
Martín Zubimendi,Martin Zubimendi,Arsenal,D M S,3040,33.78,38,-2.7906972716430323,0.5953516258491836,1.247826155446882,-1.041493773391949,0.17568927243072982,-0.5941678017432003,1.8019228915297416
Mikel Merino,Mikel Merino,Arsenal,F M S,1002,11.13,22,7.959352894597469,8.36734285545122,-4.659708546887443,-2.9432563896455166,2.6802965655062576,-0.5560625761369321,-0.4934110715584428
Noni Madueke,Noni Madueke,Arsenal,F M S,1246,13.84,26,7.59291027404835,-0.7020466013375741,0.20643045948888672,-1.2437898663069518,-0.7006291319690345,0.8648818675238276,0.510696543031557
Piero Hincapié,Piero Hincapie,Arsenal,D S,1786,19.84,25,-1.5630196497001965,4.034571917488268,0.5710715468423753,-1.024821120357842,-0.8410782458666576,-0.043717664840227904,0.41349240516487495
Riccardo Calafiori,Riccardo Calafiori,Arsenal,D S,1755,19.5,26,-1.8252050405368767,3.2732037175709072,-0.1471272514160043,-2.6088926562257457,0.08965855489792939,0.5562370588548765,-0.9597951312886197
Viktor Gyokeres,Viktor Gyokeres,Arsenal,F S,2255,25.06,36,1.395778238421662,-6.236658438775106,-1.651639638341484,0.2410957195426777,-1.0814209144436764,-2.481492915672715,0.9753793104003342
William Saliba,William Saliba,Arsenal,D S,2609,28.99,31,-3.2068113356479233,2.1244891955856953,1.8674868702393272,-2.1410153628607005,0.4213241750547985,0.13513917194601477,0.5018083344088748
Eberechi Eze,Eberechi Eze,"Arsenal,Crystal Palace",F M S,1928,21.42,33,5.854781993292023,-0.3110538129260294,0.0007895862910950502,0.5032770287154984,-0.2802004089211018,2.291116831970645,1.9978675444448766
Amadou Onana,Amadou Onana,Aston Villa,M S,1793,19.92,25,-1.0595795539482713,2.2685516570915016,-0.18478449452886905,-1.819775645075887,1.7783994466838258,1.7682510534925968,-0.32227060554273806
Boubacar Kamara,Boubacar Kamara,Aston Villa,M S,1434,15.93,18,-1.4447270885399164,1.4242924137173507,-0.38441390444815976,-0.17965210181514105,2.156014086176193,-0.45665726195092404,-0.13771342201206307
Emiliano Buendía,Emiliano Buendia,Aston Villa,M S,1778,19.76,36,2.216699221928795,-1.2733741994853762,0.052884553941764646,0.11425498707308085,2.4635565158152466,-0.39234566881724375,1.2833831925435506
Ezri Konsa Ngoyo,Ezri Konsa Ngoyo,Aston Villa,D,3036,33.73,34,-4.876492796033578,0.31901926532700176,1.635175616251543,-1.5312925823747228,-0.04514372085177354,2.3903663842920424,-0.7211535038348513
Ian Maatsen,Ian Maatsen,Aston Villa,D S,1587,17.63,30,-0.2876895296306782,0.24325490645573966,0.09743403821781496,1.3525388704637502,0.14843887252518348,0.49406584690178557,-1.245726591973983
John McGinn,John McGinn,Aston Villa,M S,2221,24.68,30,2.977160532881436,1.3609652278720232,0.7954626766615056,1.1637855901895062,1.5400905076740734,0.8538751616449834,1.7640593544140344
Lamare Bogarde,Lamare Bogarde,Aston Villa,D M S,1011,11.23,28,-3.640885361115777,-0.4332802859232105,-0.4692258101656085,1.5126664904081477,1.3973823235308636,0.770735904376788,-0.17466963891463977
Lucas Digne,Lucas Digne,Aston Villa,D S,1857,20.63,31,-0.7412394634935972,1.7670314530009632,0.30444692962480085,2.1387551729578616,-0.9524455233733776,0.889387565914782,-0.7152003697745069
Matthew Cash,Matthew Cash,Aston Villa,D S,3040,33.78,35,-1.8059071453159714,0.08393312499504264,0.6553451391287173,1.3746292783306682,-0.22034420338110747,-0.385313188065932,1.326136266382393
Morgan Rogers,Morgan Rogers,Aston Villa,F M,3301,36.68,37,2.5808991589396872,-2.919969850896394,0.2928406478036771,0.8618704438490685,1.382217335845592,-1.1083559551149702,1.6915086126429117
Ollie Watkins,Ollie Watkins,Aston Villa,F S,2908,32.31,37,2.188954170927295,-5.631006692964633,-0.9477473935399773,-2.0378241709687868,-1.593414993607362,-0.3965939896476293,-0.7523879980720302
Pau Torres,Pau Torres,Aston Villa,D S,1679,18.66,21,-2.277129685994935,2.70448657873854,-0.31441953829637725,-1.305789699386972,-0.47491551164453955,-1.0711115710988586,-0.0907711530991883
Tyrone Mings,Tyrone Mings,Aston Villa,D S,1314,14.6,17,-3.8023045684464405,-0.43932221022161877,-0.012195451253314055,-0.5600359109480794,-1.1769446539927253,-0.904185610884227,-1.222052603833461
Youri Tielemans,Youri Tielemans,Aston Villa,M S,1861,20.68,25,3.5250083083603565,5.089796787356288,0.7983835638370258,0.2437611645754861,-0.7605344405196708,0.9594917845874411,-0.937005367716816
Adam Smith,Adam Smith,Bournemouth,D S,1079,11.99,22,-1.438272399573724,3.6662981558489047,-2.182236519307594,2.584801156370577,-0.4988312248566111,-1.618759973290319,-0.5301111073634484
Adrien Truffert,Adrien Truffert,Bournemouth,D,3391,37.68,38,-2.04548095141446,0.48851650566853694,0.001941452943512722,1.5502710189155313,-0.33414283072736384,0.10099238950534314,-0.5244434155032219
Alejandro Jiménez,Alejandro Jimenez,Bournemouth,D M S,2354,26.16,31,-1.6408044633471566,-0.2322849231801842,-0.4630594882035785,1.2112262752062064,1.1830934747169457,0.732873005920579,-0.11456554406102677
Alex Scott,Alex Scott,Bournemouth,M S,2915,32.39,37,-0.8179759932877798,0.5295841696763844,0.2888566002832688,0.12983472469317964,-0.4130010819878485,0.7923234323112665,-0.08975757859199433
Amine Adli,Amine Adli,Bournemouth,M S,1036,11.51,31,0.9368594767918635,-1.244483362911438,-1.202785961029903,-0.1789601056592434,0.003561931220472608,-0.08680581061365295,0.23071309642022098
Bafode Diakite,Bafode Diakite,Bournemouth,D S,1276,14.18,18,-1.9452114596236547,5.969077728051637,-0.7168913016265731,-4.355047395814207,-0.23847494759018129,-1.703245712331389,1.3508144608653279
David Brooks,David Brooks,Bournemouth,M S,1191,13.23,31,5.265427920105595,-3.195787770212342,0.23582011202512212,-0.3505870438725175,-2.582085025021105,-0.1879798309579627,-4.076592192323735
Eli Junior Kroupi,Eli Junior Kroupi,Bournemouth,F M S,1708,18.98,33,2.415248645771287,-4.257114041641981,0.5737897193932496,-0.9470984919243841,1.3365452622622496,-2.340219896429762,2.8642070547974487
Evanilson,Evanilson,Bournemouth,F S,2810,31.22,36,0.27022116993912143,-5.22837494800315,-0.7785498881132071,-1.1856880512596515,0.02889567612050922,-0.057266177132525395,-3.0699019986197587
James Hill,James Hill,Bournemouth,D S,2100,23.33,29,-4.606730856315425,1.1446029826753321,-0.6554286053024152,-0.017104485744090455,-2.8276642231453253,1.253216213109736,-0.5837155335549162
Marcos Senesi,Marcos Senesi,Bournemouth,D,3298,36.64,37,-2.851273340655942,2.5796339826671146,-0.5137156616853291,0.27887581523171207,-2.311989922655248,-0.7102639464850239,-1.4258866085133401
Marcus Tavernier,Marcus Tavernier,Bournemouth,M S,2779,30.88,34,2.566806657985169,-1.7312834499600864,0.7327004682007542,0.8491154041659503,-0.9341576116072743,-0.21016047568513196,-1.3948829071001079
Rayan,Rayan,Bournemouth,M S,1146,12.73,15,1.1974792712118536,-2.9099826542361296,1.359983613821928,0.2897611600543133,0.9674823945608225,-1.0228105934671754,1.804841953050455
Tyler Adams,Tyler Adams,Bournemouth,M S,1805,20.06,25,-2.198584082616493,1.5880994719698884,-1.3127247379012323,1.0297390901471761,1.268695086934471,-0.6883770317842639,-0.20852589021018422
Antoine Semenyo,Antoine Semenyo,"Bournemouth,Manchester City",F M,3220,35.78,37,1.753066687407661,-2.8744812132705233,0.6566505557110321,-0.7879607535202596,1.4666240727281459,-1.1553863308231398,3.1989895261298953
Dango Ouattara,Dango Ouattara,Brentford,F M S,2303,25.59,32,1.8352655883598386,-3.8689874636283705,-1.5100695464110587,0.6852571632475181,-1.6730788646489594,-0.8048062965165054,-0.3891044393942713
Jordan Henderson,Jordan Henderson,Brentford,M S,1935,21.5,32,-1.8829376710005525,0.5085234193124278,1.1026536124932802,1.6921568037521024,-1.3747765441092967,-1.8469295789871965,0.8903333697682312
Keane Lewis-Potter,Keane Lewis-Potter,Brentford,D F M S,1949,21.66,36,0.2745823289148082,0.9050749366713393,-0.600878009589914,0.9514870734162769,-0.4178914149537849,0.5042731138730302,-0.052024056784502434
Kevin Schade,Kevin Schade,Brentford,F M S,2781,30.9,35,0.7105797581517135,-4.412278549301407,-1.5980158232305557,-0.09300182239872573,-1.3801140226159847,-1.0274235387772626,-1.0000169997173252
Kristoffer Ajer,Kristoffer Ajer,Brentford,D S,1809,20.1,27,-3.778550110522061,-0.04083532580951961,-0.7993752339916198,-0.25302762749359387,-1.6228746296904424,0.9104741241315988,0.6911439141307132
Mathias Jensen,Mathias Jensen,Brentford,M S,2258,25.09,36,0.9356293625716725,0.49042619380947033,0.9365415435041116,2.496482171344912,1.4056406229833314,-2.423024073401953,1.1911191154357161
Michael Kayode,Michael Kayode,Brentford,D,3281,36.46,37,-2.322602227981651,-0.1582349568704809,0.928589999667921,0.6276797666435988,-0.058744551327133285,1.1666824310980002,0.6312645527597599
Mikkel Damsgaard,Mikkel Damsgaard,Brentford,M S,2085,23.17,33,4.29569867803459,2.838876212968094,0.8317456646383806,2.9518836515133327,-0.399524725388666,-0.16101683305969647,0.2771658341427402
Nathan Collins,Nathan Collins,Brentford,D S,2966,32.96,35,-3.7582886693231585,0.5854349046317832,-0.06136571931745599,-1.2572132151034778,-1.2623515961781355,0.3440903744261379,-0.4180931417400886
Rico Henry,Rico Henry,Brentford,D S,1315,14.61,25,-3.1283956258181442,-0.8045952051817943,-1.1899432393856395,1.6717818707433683,-0.0674735572174696,0.6630354161970351,-0.09267574401922442
Sepp van den Berg,Sepp van den Berg,Brentford,D S,2758,30.64,32,-4.1014330948236974,-0.14917047816054563,-1.0186561862653933,-1.4422675055410574,-1.9743404432314169,0.9895447815817646,-0.9525356167276454
Thiago,Thiago,Brentford,F S,3292,36.58,38,1.2366624774632387,-5.028726641568392,-1.2076392091825545,-2.3502515987256585,0.030538671816732546,-1.2246175741781316,-0.8810765090849039
Vitaly Janelt,Vitaly Janelt,Brentford,M S,1421,15.79,25,1.5302943630441033,5.356988802240725,-0.8450583471386222,1.1734651135789858,-0.24904086734888858,-0.35294145074554834,-0.1427455608189456
Yehor Yarmolyuk,Yehor Yarmolyuk,Brentford,M S,2679,29.77,37,-2.020623089248076,0.23033848619421415,-0.3110849191997097,1.141174657005127,0.9720232018884335,-1.4325771290238942,-0.3825534132167322
Carlos Baleba,Carlos Baleba,Brighton,M S,1692,18.8,31,1.640896035551726,4.190523739428735,-1.664226529629522,-0.6140029686500573,2.0111848442984597,1.218186712446391,0.07315186341992533
Danny Welbeck,Danny Welbeck,Brighton,F S,2286,25.4,37,0.6584440562975605,-4.8512785719725775,0.3114466199235167,-1.580943881020714,0.9770764169396909,-2.0783897856449194,1.4980954421785884
Diego Gómez,Diego Gomez,Brighton,F M S,2186,24.29,32,0.2674360721473217,-1.387125730738272,-0.9289472240005073,-0.25788831442225274,0.17349810332627194,-0.576436331639439,-0.7526330531803426
Ferdi Kadioglu,Ferdi Kadioglu,Brighton,D M S,3145,34.94,37,-1.9111054579787194,-0.17889628094960552,1.0562029933657968,0.48539838658171663,0.012393969646430638,0.6063607952988873,-0.7865546294653913
Georginio Rutter,Georginio Rutter,Brighton,F M S,1784,19.82,32,2.644937066854281,-2.7554340968201307,-0.6993095588622883,1.169246530086671,0.5885881551246455,-0.00110677602545999,0.03380029500901217
Jack Hinshelwood,Jack Hinshelwood,Brighton,D M S,1773,19.7,27,-0.9694959092933046,-1.4780792059709444,1.043921303703104,-0.6532598070284785,-0.7695640665846123,-2.1423162109230587,0.7450218791438807
Jan Paul van Hecke,Jan Paul van Hecke,Brighton,D,3214,35.71,36,-3.376136185662905,1.941203892252025,0.9729044118532276,-1.61888643025794,-1.0780409851267494,0.11564840329191667,0.3279862686024431
Joël Veltman,Joel Veltman,Brighton,D S,1025,11.39,24,-1.7345218223419154,3.6546303672780893,-2.3471637829484298,0.5578933978077885,0.5421667982997723,1.1115354257330496,-0.1618051642163331
Kaoru Mitoma,Kaoru Mitoma,Brighton,F M S,1723,19.14,25,4.20060454031486,-0.7397679072459986,-0.6110943311793838,-0.5747131845396504,-0.024961667288778137,-0.5452476526221282,-0.5496351408785191
Lewis Dunk,Lewis Dunk,Brighton,D S,2831,31.46,33,-2.9626101547425594,2.222609440855658,1.2864849162684713,-2.212358135481004,-0.22896515545695126,-1.1313294480016194,-0.3839531189910999
Mats Wieffer,Mats Wieffer,Brighton,D S,1922,21.36,26,-0.8774686796827421,0.3988239577342255,0.3462864302420902,0.26722276700724357,1.1628344600571485,-0.8837155279873439,-0.20228351358546923
Maxim De Cuyper,Maxim De Cuyper,Brighton,D M S,1412,15.69,30,0.8476765945402638,-0.4072926106835008,2.039505942331946,3.049399806484093,-1.4474123850054519,-0.6232152780271399,0.9303088245810117
Pascal Groß,Pascal Gross,Brighton,M S,1635,18.17,19,7.565955596457392,8.736134810129226,2.3885804879447634,0.9285437365801156,-1.717760469060357,-1.361235800190282,-0.6734510880043263
Yankuba Minteh,Yankuba Minteh,Brighton,M S,2410,26.78,34,2.1660179040259826,-1.7801875191428171,0.8459001284600387,2.2580713814842923,-1.4623884023128635,0.594391680015761,-0.7061239699491866
Yasin Ayari,Yasin Ayari,Brighton,M S,1918,21.31,29,-0.2603391821758989,-0.05549120800036888,-0.4756440382882072,1.2963412138931112,0.7830896328111492,-0.012493985641157194,0.4243887909748769
Axel Tuanzebe,Axel Tuanzebe,Burnley,D,1209,13.43,14,-3.870658554208214,0.8695761585172986,-0.7845436300166428,0.17425856901790582,0.41747102598227986,0.367859553169196,-0.02383637194064404
Bashir Humphreys,Bashir Humphreys,Burnley,D S,1585,17.61,20,-3.1813021328461275,-0.03768829227951008,-0.7518379480742017,1.057574805792907,-0.4956680860116758,-0.34969470751037196,-0.6132581283686587
Chimuanya Ugochukwu,Chimuanya Ugochukwu,Burnley,M S,2407,26.74,35,-2.279259681314683,-1.7567838363720356,-0.26245174774509605,0.076711634867493,1.6214950149808278,0.20877435704794087,0.7841555970262147
Florentino Luís,Florentino Luis,Burnley,M S,2146,23.84,31,-2.4899245410462316,0.6255555365790055,-0.8739928193972776,0.218021389801699,2.82832314540399,-0.8323278055612451,-1.4478753092179968
Hannibal Mejbri,Hannibal Mejbri,Burnley,M S,1251,13.9,27,1.8450012792767096,-0.21931337766108644,-0.05574748246862258,2.5158572401858628,0.7135877041435414,1.8021354912050245,0.34726897462493667
Hjalmar Ekdal,Hjalmar Ekdal,Burnley,D S,1545,17.17,19,-5.52339404562596,-0.40757484235488994,-0.4504201365108069,-0.3659037788400757,-1.525500915152457,1.5893472308955268,-0.2075095403697633
Jacob Bruun Larsen,Jacob Bruun Larsen,Burnley,F M S,1003,11.14,28,4.02756640270527,-1.525278223539125,-0.24523712029108355,0.050790468964136345,1.3399842521326262,-0.9846522877886786,-0.35514413409700246
Jaidon Anthony,Jaidon Anthony,Burnley,F M S,2777,30.86,37,0.983132610242434,-2.3023174251167347,0.01875600913876801,1.4400155652215783,0.7473416257401044,-0.6791576519679055,1.9299705443466835
Josh Cullen,Josh Cullen,Burnley,M,1533,17.03,18,-0.08629293734780052,2.9615935391105346,0.5411616196891856,0.4097697920916543,0.8224975027055269,0.42331488529868255,1.0273583181639612
Josh Laurent,Josh Laurent,Burnley,D M S,1720,19.11,33,-2.8244185218311126,-0.8729514146284675,-2.0162594106369744,1.882663538950337,0.008004240053544434,-0.5464093391140885,0.33579888417321957
Kyle Walker,Kyle Walker,Burnley,D M S,3101,34.46,36,-3.409573434598138,0.6289790392641732,-0.44421793454598674,1.0492193789392148,-0.350392937013883,-0.2680414990369991,-0.407700483225239
Loum Tchaouna,Loum Tchaouna,Burnley,F M S,1268,14.09,29,2.80828954117622,-0.9018619709528933,-1.3779722067212896,1.6188830262760727,0.2590912072844626,-0.17110050103287655,1.037219022455235
Lucas Pires,Lucas Pires,Burnley,D S,1391,15.46,20,-0.7714280367517359,0.31191476122487494,-0.6707842202368509,2.8295425257708815,0.04167353166236134,-0.22049274411991668,-0.13998830569692727
Lyle Foster,Lyle Foster,Burnley,F M S,1375,15.28,26,1.4341517516110063,-3.4925352690721008,-1.1530292535789999,-1.2282193970904818,2.216588689604023,-1.2179846688835076,0.018757977312965496
Marcus Edwards,Marcus Edwards,Burnley,F M S,1054,11.71,23,2.97290258300015,-2.700137805890449,0.9082342536542403,1.8478147432243106,1.20875018720732,-0.6169109583686938,-1.3404792762024962
Maxime Estève,Maxime Esteve,Burnley,D,2946,32.73,34,-5.678618067313823,0.18600991880540368,-0.3417911956063009,-0.004869031418389573,-1.4004836653825827,1.6776810163460774,-0.045628857325878
Quilindschy Hartman,Quilindschy Hartman,Burnley,D,1843,20.48,21,-2.744121799041034,0.04327606317573497,-0.16973170157137812,2.5104415848249957,-1.4377164745556323,0.2605800314794081,-0.4394468741972952
Zian Flemming,Zian Flemming,Burnley,F S,1795,19.94,29,0.3309583043473328,-5.124994599365112,-2.2936984430233416,-1.6057218674486664,0.11413228644098458,-1.4335313304691721,1.651490886739993
James Ward-Prowse,James Ward-Prowse,"Burnley,West Ham",M S,1082,12.02,18,6.849726626083282,8.330911155767106,0.7458383188953956,2.0426838138785093,-0.7389853548196604,-0.05878704437317244,0.6944982604148056
Alejandro Garnacho,Alejandro Garnacho,Chelsea,F M S,1285,14.28,24,10.100550127872605,0.08451311912171108,-1.1610446706449715,-0.9838445555280267,-0.6007578215351267,1.4038644942431617,-1.8144118769128008
Andrey Santos,Andrey Santos,Chelsea,M S,1217,13.52,27,3.4703337793242266,7.540227889213759,-2.30539262078873,-3.181649019191911,2.099008842498753,1.5587750602897632,0.2111514664985144
Cole Palmer,Cole Palmer,Chelsea,F M S,2007,22.3,26,8.09217228425058,1.0451351439434167,1.8750258355485623,-1.358614738317674,-2.6430162667008945,1.8207951351629825,0.5221319504509435
Enzo Fernández,Enzo Fernandez,Chelsea,M S,3149,34.99,36,2.859173635793552,-0.5502166327729359,2.3796031160681643,-0.5884481983624097,-0.6121743325292021,-2.144314249175721,-1.6451670797302664
Jorrel Hato,Jorrel Hato,Chelsea,D S,1131,12.57,22,-3.3049131008573305,1.040892933532213,0.9443517378643209,1.3060863672572192,-0.2607174385913019,-0.2723312945122417,-1.042373333159519
João Pedro,Joao Pedro,Chelsea,F M S,2698,29.98,35,1.605181886100094,-4.2026573177314,-0.411710115517969,-1.910079036503335,-0.7747563433787542,0.5504961417729444,0.6909901924622482
Liam Delap,Liam Delap,Chelsea,F S,1064,11.82,28,7.922846816650067,-2.9023216202557123,-7.330856797291602,-2.588947114295984,-0.1941450605807869,0.9686349208358834,-0.6142679655263056
Malo Gusto,Malo Gusto,Chelsea,D M S,2306,25.62,34,-1.012006398752699,0.6131639547412192,2.764771443199302,-0.0006983359743410793,0.4516863677660717,-0.8918944398003477,0.1991285314370864
Marc Cucurella,Marc Cucurella,Chelsea,D M S,2714,30.16,34,-1.469866129344056,0.0836872307270195,1.219669879901152,0.5488805676445709,-0.2850330238184293,-1.0372186822341656,0.2028866266601058
Moisés Caicedo,Moises Caicedo,Chelsea,M S,2811,31.23,33,-0.7366578107119657,3.526193010458995,1.2945283744694225,-1.026342391323015,2.101762280669366,0.2929111580863327,0.06835011455707199
Pedro Neto,Pedro Neto,Chelsea,F M S,2667,29.63,34,2.521085557446552,-1.9974848079711127,3.550799670759665,1.4197118196504845,0.2658418132588101,-0.6013491349333687,-0.19653908888556285
Reece James,Reece James,Chelsea,D M S,1927,21.41,29,-0.3654920917707382,2.1864521756710866,2.306065760328248,0.2979150248388687,-0.7615452457337075,0.32432947769769843,0.3000516856169532
Trevoh Chalobah,Trevoh Chalobah,Chelsea,D S,2781,30.9,34,-4.158994810208833,1.0085087275236158,1.782675750589774,-1.8082653675893066,-0.8713136922843593,0.252237109007889,1.3812081211048706
Wesley Fofana,Wesley Fofana,Chelsea,D S,1745,19.39,25,-4.228384475984601,1.3129811472430408,0.9603836658681035,-1.5040357042634953,-0.1684039035918904,0.5398627529378655,-0.8821249256462961
Adam Wharton,Adam Wharton,Crystal Palace,M S,2596,28.84,34,0.6453813188062841,0.7192066757859673,1.2143294097718091,1.9375302310789273,0.3543730962916173,-0.3180531595020953,-0.8006321547075332
Chris Richards,Chris Richards,Crystal Palace,D S,2819,31.32,33,-4.481973919844762,0.1691178592610608,-0.39188917211776647,0.06919460670132146,-1.5423598710742938,0.34077528544298336,-0.07766944260913645
Daichi Kamada,Daichi Kamada,Crystal Palace,M S,1924,21.38,28,-0.997331367585443,0.049888225651231494,0.5934305059185101,0.8254430726400361,0.891755860625802,0.8697716364468431,-1.5503420197896551
Daniel Muñoz,Daniel Munoz,Crystal Palace,D,2417,26.86,29,0.5343362625322008,0.9998702957610736,-1.4675382692453205,1.4962559035727951,-0.1250745609774358,-1.0488189313015819,0.735824602969065
Ismaila Sarr,Ismaila Sarr,Crystal Palace,F M S,2181,24.23,28,2.786659288161695,-3.315128658002694,-0.8819192839878424,-0.6680786353888666,-1.6812243950952968,-0.23971533025828337,-0.8287824791039061
Jaydee Canvot,Jaydee Canvot,Crystal Palace,D S,1334,14.82,20,-4.101617594815431,0.7536188807097837,-0.6760920973406079,-0.9247081265048508,-0.27533086334842416,0.21526205034550447,-1.4274979274889792
Jean-Philippe Mateta,Jean-Philippe Mateta,Crystal Palace,F S,2225,24.72,32,2.378745708375955,-5.549611336984665,-2.215831308560323,-1.7474293761672608,-1.2202147661966671,-0.5124313153633239,-1.6451195494783488
Jefferson Lerma,Jefferson Lerma,Crystal Palace,D M S,1693,18.81,31,-0.35665689961236036,2.433906286088883,-1.0026485118213275,-0.9318623761964229,0.4046363836932186,0.0010868411643051308,-1.6197359324662524
Maxence Lacroix,Maxence Lacroix,Crystal Palace,D,3094,34.38,35,-4.126850744175011,0.34113662927109656,-0.4082016560014074,-0.9021719376996695,-1.1100263748397352,0.818445997729983,-1.1012429758131317
Tyrick Mitchell,Tyrick Mitchell,Crystal Palace,D S,3258,36.2,38,-2.417994759153723,-0.4849901798217847,-0.5398083843043661,1.982144770002069,-1.091057224338408,0.33424694568803043,-0.3926551907983148
Will Hughes,Will Hughes,Crystal Palace,M S,1567,17.41,31,1.3504641707906728,1.8003183402769325,-1.9499103756508123,1.9816525503193667,1.9362589906293648,-0.9509886365497972,-1.6317923884551826
Yeremi Pino,Yeremi Pino,Crystal Palace,F M S,2134,23.71,34,3.2158417084598265,-1.831608831857278,0.5027047326155789,2.2283205830012998,-0.6301092195898387,-0.8229410493139327,-1.89048186377543
Marc Guehi,Marc Guehi,"Crystal Palace,Manchester City",D,3150,35.0,35,-2.8111337264413025,1.3527781768002893,1.30294037238486,-2.03567267918831,-1.6514304124941248,0.5602619425867104,-0.8771414999655787
Brennan Johnson,Brennan Johnson,"Crystal Palace,Tottenham",D F M S,1709,18.99,34,2.82225851937001,-1.9187852016496643,-1.736694514821985,1.1503562548679973,-1.1177507064465209,0.5745828900654528,0.22548677610520354
Jørgen Strand Larsen,Jorgen Strand Larsen,"Crystal Palace,Wolverhampton Wanderers",F S,2353,26.14,36,1.6585314694113749,-3.9071555739539012,-2.960447025849305,-1.431306499008946,1.3835493290609124,-0.5095572518822816,-0.22284323134869544
Beto,Beto,Everton,F S,1552,17.24,37,1.816903686562427,-6.45119542805126,-1.7572855531121838,-3.2326076032090887,0.9295146765418114,-2.1558946072627694,-0.3989823900022088
Dwight McNeil,Dwight McNeil,Everton,F M S,1184,13.16,22,10.368312092553303,5.709755247667004,-2.2408951559621957,3.577698374498052,-1.1919473874593343,1.1005285534395028,0.08918792569206532
Idrissa Gueye,Idrissa Gueye,Everton,M,2120,23.56,25,-1.8215640864048834,-0.20523185444479736,0.8754322556923015,-0.15776338742291982,1.1244637164081916,0.24852014389620544,-0.03153247769342194
Iliman Ndiaye,Iliman Ndiaye,Everton,M,2805,31.17,32,0.8734744105410587,-1.7353640170168831,-0.18420796718748125,1.5244307996926973,0.3766366887478568,0.854617402360044,0.3508217963926337
Jack Grealish,Jack Grealish,Everton,F M S,1645,18.28,20,2.5812270796129497,-1.4449605182498046,2.1522299047828297,1.223697457115064,0.2426034678188283,1.2964537197068442,-0.15591827580255005
Jake O'Brien,Jake O'Brien,Everton,D S,3146,34.96,37,-4.0096469880571295,-1.2347903517464303,-1.101108658020212,1.1191577455039463,-1.4278682872849016,0.3157266926143069,0.566089299542683
James Garner,James Garner,Everton,D M,3417,37.97,38,-0.8799524018616454,1.6583687052571523,0.8813368257611783,1.2150860196441808,-0.20709080001096405,1.3296557257515416,-0.09148694303860161
James Tarkowski,James Tarkowski,Everton,D,3330,37.0,37,-3.5156606824344934,1.070290943642302,-0.664198277065379,-0.47058830103628746,-1.291496697643948,0.8865974582952344,-0.1294842849379861
Kiernan Dewsbury-Hall,Kiernan Dewsbury-Hall,Everton,M S,2649,29.43,31,0.6849444545035104,-1.0558611629104684,1.1371295301242637,1.3766470005810119,-0.1795288118012752,0.06667314555986963,2.99681147594043
Michael Keane,Michael Keane,Everton,D S,2586,28.73,33,-4.582476796090443,-0.7377470104860389,-0.6143488890593232,-1.6530246355857514,-0.8669463791413731,0.5435077521571278,0.46526320692000883
Thierno Barry,Thierno Barry,Everton,F S,1921,21.34,38,1.1448087677647656,-4.601701709775129,-2.3640517134160084,-1.9077168475212567,-1.4206240795402714,0.866224576472979,0.49070901546366036
Tim Iroegbunam,Tim Iroegbunam,Everton,M S,1496,16.62,29,-2.0305112291293756,-0.4297397718544599,-0.9584117236448003,0.6994193179309437,1.7739435557037,1.0440808104184465,-0.7004839017593116
Vitalii Mykolenko,Vitalii Mykolenko,Everton,D,2963,32.92,33,-2.993712613138643,0.15592211307105303,-0.5124979130260899,1.7711485045574864,-0.7132816480507289,-0.5207992949141954,-0.31959732358873716
Alex Iwobi,Alex Iwobi,Fulham,M,2473,27.48,29,2.5848224073257806,-0.03688076118913518,1.3802501497759982,1.3815739623401484,-0.41042470402994935,-0.12485289704424964,1.5924039627691593
Antonee Robinson,Antonee Robinson,Fulham,D S,1484,16.49,22,2.0793466365226094,9.59514064324566,-3.637661022894715,2.3556573239852434,-0.9222292369005669,-1.8825719904588603,-0.4215603350264052
Calvin Bassey,Calvin Bassey,Fulham,D S,2523,28.03,30,-3.7902272409526403,1.775184206503272,0.21919945118617568,-1.1131907439504762,-0.17010903957243304,1.0540296756332665,0.24174577180361442
Emile Smith-Rowe,Emile Smith-Rowe,Fulham,M S,1933,21.48,37,-0.62991270791665,-1.7876093852243384,0.9567834522780739,-1.0321121371124098,0.9417484045489937,0.5274591848596291,-0.7059236657243786
Harry Wilson,Harry Wilson,Fulham,M S,2751,30.57,36,0.8679280056174586,-2.2900408337368137,1.6952858099684094,0.80858680488933,0.6164625391121006,0.7614527741812307,2.8962001967832514
Joachim Andersen,Joachim Andersen,Fulham,D,2882,32.02,33,-3.532861986471558,3.1104637975794014,-0.9090732850631452,-1.3115224350184662,-2.472058539162125,-0.04570567742526633,-0.28403254978196624
Joshua King,Joshua King,Fulham,F M S,1306,14.51,32,-0.0785715031394901,-3.0313813644521863,-0.7306185662998741,0.5495148090352746,0.27901015630211085,1.2397490352059277,-1.4994043721429366
Kenny Tete,Kenny Tete,Fulham,D S,1805,20.06,22,-2.8119621110729938,0.8573854405209536,-0.6652881766894039,0.25850682839426964,0.6324254197090088,0.9224541568471027,0.4998396976397465
Kevin,Kevin,Fulham,M S,1002,11.13,26,2.741933419253545,-0.899576531888272,-0.03666541184939888,0.757693052300526,2.3840223010181942,1.2511108474898425,-0.35650913707322857
Raúl Jiménez,Raul Jimenez,Fulham,F S,2215,24.61,36,2.42355313510136,-3.924769530437327,-1.8783099715453035,-2.315506205833302,-0.1544776676123397,0.6712182630417342,-1.5095543612426299
Rodrigo Muniz,Rodrigo Muniz,Fulham,F S,1001,11.12,21,4.879202681689839,-5.210970633706839,-3.9474550009001694,-3.299989835996652,0.3004640451904392,0.03967429276576984,-0.869416643288455
Ryan Sessegnon,Ryan Sessegnon,Fulham,D M S,1830,20.33,27,-1.584527656376439,-1.236027091031556,-0.8760915509402833,1.5826661919838199,-0.5791649270898418,-1.8877275479075644,1.3312607921349902
Samuel Chukwueze,Samuel Chukwueze,Fulham,M S,1052,11.69,23,2.765792873682244,-2.194116181754651,1.8607501774409358,0.7672188057253652,0.040790673245121756,-0.018051155544662866,0.49460816851990297
Sander Berge,Sander Berge,Fulham,M S,2935,32.61,35,-1.8848368155454953,0.4372547301572146,1.0930486928053214,-1.0206805965035641,2.256996417558757,0.5545462068145908,-1.290807483657774
Sasa Lukic,Sasa Lukic,Fulham,M S,1731,19.23,26,0.33456512233838515,1.9663349908987624,0.20414209433699146,0.31707893849638547,2.7195779368453,-0.4924867387551093,-1.6661730338836445
Timothy Castagne,Timothy Castagne,Fulham,D M S,1849,20.54,30,-1.8451478694597838,1.8682985128755942,-0.2518976352462563,0.2351617216686012,-0.531500145480533,-0.20428803242855562,-0.7442844275776848
Oscar Bobb,Oscar Bobb,"Fulham,Manchester City",F M S,1046,11.62,23,0.2446143950456102,-0.8804407555072509,1.2071073130159058,1.3708028504611964,0.04516396729502281,1.7755033321753073,-1.3187850892777577
Anton Stach,Anton Stach,Leeds,M S,2394,26.6,29,-0.48838275715717044,1.5890037817888116,1.022947437070894,0.436231295962748,-0.7263771790196236,0.30117245576054347,0.7396055483976463
Ao Tanaka,Ao Tanaka,Leeds,M S,1330,14.78,28,-0.6838354324205477,-0.2341913031869555,0.7090442331384191,1.0591623931320682,0.7019622189533833,-1.261983085035604,-0.08915149691826724
Brenden Aaronson,Brenden Aaronson,Leeds,F M S,2517,27.97,37,1.5331963706471343,-2.6940110466794103,-0.8623127694936936,2.0232390748335933,0.42985628774141654,0.028563342100966203,-0.8330840759688984
Dominic Calvert-Lewin,Dominic Calvert-Lewin,Leeds,F S,2732,30.36,35,0.9437495096892782,-6.393284834363081,-2.3798202654713547,-1.7339479222119623,-0.9599233066372007,-1.726844866351915,-1.7525314667448983
Ethan Ampadu,Ethan Ampadu,Leeds,M,3130,34.78,35,-2.6211502445656514,1.314649323257323,0.4709272369490766,-0.805061244726571,0.2005964645537589,1.288214201148634,-0.5354712601268046
Gabriel Gudmundsson,Gabriel Gudmundsson,Leeds,D M S,2657,29.52,32,-1.927167411090315,-0.3455564761750612,-1.1435113514131652,2.3617473325611633,-0.1821137579559137,1.593769382338642,-0.42080668775156443
Ilia Gruev,Ilia Gruev,Leeds,M S,1310,14.56,23,-2.3799199172734378,-0.6294948307323353,1.1428544157999627,0.11434899147944662,2.6733145772219924,0.6133858974599387,-1.25216729037042
Jaka Bijol,Jaka Bijol,Leeds,D S,1895,21.06,25,-3.3033050607882575,3.3194455247782924,-1.5098804333026965,-1.0542640029783916,-1.3176107763836455,-1.7229234234827142,0.10585497410577568
James Justin,James Justin,Leeds,D M S,1895,21.06,29,-1.6682600499099793,1.6391999896414926,-2.122354606699314,0.46330762951196885,-1.4172962879625852,0.2761891647192105,0.3193454657642589
Jayden Bogle,Jayden Bogle,Leeds,D M S,2822,31.36,34,-1.4987941880219144,-1.2183351711495949,-0.9494431515848263,1.8639476226832372,0.1580278080334201,-0.562714230163606,-0.5245257658703824
Joe Rodon,Joe Rodon,Leeds,D S,2954,32.82,35,-4.576116207342212,-0.7804871192263306,0.24017938525829516,-0.05369544514006646,-0.7282734295237429,0.7287353534551682,0.9300757477449332
Lukas Nmecha,Lukas Nmecha,Leeds,F S,1076,11.96,31,1.8513813727805382,-5.118698731054272,-0.9577119756522653,-2.4111982443226614,0.08675878791681281,-0.43198004831104525,-0.19172206901263017
Noah Okafor,Noah Okafor,Leeds,F M S,1592,17.69,28,2.025348847271003,-3.3147300400618396,0.7447622970996893,-0.8393906376437281,1.6165583126846237,-0.7649307653916635,1.7687130543797784
Pascal Struijk,Pascal Struijk,Leeds,D S,2940,32.67,34,-3.8945246184474236,-0.16970139594658593,-0.6480013295720144,-1.0633869553789697,-1.1194040671182597,0.6688441588990365,-1.8671937735784914
Alexis Mac Allister,Alexis Mac Allister,Liverpool,M S,2683,29.81,37,0.13364659335787957,-0.6000080928633953,0.5584240122862264,0.5929322939242443,0.29108581544819717,-0.8053993455286048,-1.5286342364064123
Andrew Robertson,Andrew Robertson,Liverpool,D S,1160,12.89,24,-1.330958657158814,0.38126952466862396,2.1972122430698895,1.2049486159451868,-2.152971683299129,-0.21155032434100157,0.13484002915380566
Cody Gakpo,Cody Gakpo,Liverpool,F M S,2758,30.64,36,2.4744038771946473,-3.102970114254894,0.6166832349026007,-0.6036784588854867,-0.6211740658106762,0.7964117121415908,-1.5479451487265385
Curtis Jones,Curtis Jones,Liverpool,D M S,1910,21.22,34,0.23507043259691818,1.6633904617043163,1.9795073326684145,-0.7513685931913306,1.2313322634931292,0.2664457642708048,-1.5132052975185912
Dominik Szoboszlai,Dominik Szoboszlai,Liverpool,D F M,3236,35.96,36,2.5061656104345014,1.2397155605184722,3.0589396147403827,0.9409772768950925,0.19556583670147099,-0.8946901142596885,0.5024015998065727
Florian Wirtz,Florian Wirtz,Liverpool,F M S,2426,26.96,33,3.287310524519678,-1.180919104532745,2.782664327405489,-0.0271577226806969,-0.08694744469339002,-0.8358855965322817,-1.9554030078960687
Hugo Ekitike,Hugo Ekitike,Liverpool,F S,1835,20.39,28,6.342331854163942,-3.7688823318703233,-0.3841311353044876,-3.809744886468361,-0.37772579630709885,0.30848385216724566,-0.26357133756791873
Ibrahima Konaté,Ibrahima Konate,Liverpool,D,3133,34.81,36,-4.566893168197741,1.1990980053257378,0.8396609284432693,-1.695862265846954,-0.9106374957803642,1.6085025172197995,-0.10538152088599628
Jeremie Frimpong,Jeremie Frimpong,Liverpool,D M S,1027,11.41,21,6.219104158042703,1.895471950379125,-0.17920910915180216,1.3973740298722555,-1.085251785041406,-0.2009065742028801,0.5401888932243913
Milos Kerkez,Milos Kerkez,Liverpool,D S,2271,25.23,34,-0.5171979569794234,2.213097717185677,-0.05811141531919202,1.8162195545380568,-1.2481428234059682,0.28417267895216997,1.141579047728941
Mohamed Salah,Mohamed Salah,Liverpool,F M S,2163,24.03,27,8.590209158576101,-2.2440200007119833,0.39194918666247386,-1.5942983590667623,-3.5866869754186266,-0.5739670702756894,0.2563773579497143
Ryan Gravenberch,Ryan Gravenberch,Liverpool,M S,3008,33.42,36,-1.8562338932290012,1.6331049795630137,1.1844951748688868,0.12893788162051614,1.3519315044124869,0.6886589782240513,1.2524100781472978
Virgil van Dijk,Virgil van Dijk,Liverpool,D,3420,38.0,38,-4.517941924488675,1.629496507380228,1.5197725261253316,-3.6949687743885535,-2.161538909273376,1.4459581882710033,1.860996465331701
Abduqodir Khusanov,Abduqodir Khusanov,Manchester City,D S,1421,15.79,21,-3.924361357731941,1.9486366972954228,1.8634122789139844,-1.308668180690579,-0.1395386431495477,1.1116077601239256,-1.1080441490364743
Bernardo Silva,Bernardo Silva,Manchester City,M S,2917,32.41,38,1.0647719377036777,0.5441410341722288,3.3285181881427635,0.355664727296224,1.5385273128853285,-2.0500064062666805,-1.7650317661084538
Erling Haaland,Erling Haaland,Manchester City,F S,2979,33.1,35,1.9487513137662515,-6.535595127567275,-0.7148066281420264,-3.500049106049668,-4.136034187102656,-0.24506185611037398,0.02188108632174102
Josko Gvardiol,Josko Gvardiol,Manchester City,D S,1374,15.27,18,2.3084119803122847,8.89272478862437,1.0737151829748652,-4.621101531663493,-0.8084540548928233,-1.2081891929421422,-0.36549045315592854
Jéremy Doku,Jeremy Doku,Manchester City,F M S,1783,19.81,30,5.899311764718988,-0.4954576060546616,4.079874620054955,0.70700928149966,-0.08861100641315664,2.068777676174179,0.6809575759394466
Matheus Nunes,Matheus Nunes,Manchester City,D S,2865,31.83,34,-1.7055959575651798,2.2127955333636473,3.1574126907119315,-0.4762592844684192,-0.41402477092128076,-0.3421106570949498,0.07051207254553621
Mathis Cherki,Mathis Cherki,Manchester City,F M S,1792,19.91,33,7.188762211114324,0.18757264382168473,5.276923504350299,1.1046979175834983,-1.4174794754378715,-0.20860395481754238,-0.6076826633534729
Nico González,Nico Gonzalez,Manchester City,M S,1576,17.51,25,-0.8039669206892233,2.689322401912445,3.1198976560386806,-1.813064330205057,1.1813602469069482,-0.28606879297156473,-0.8650980186764188
Nico O'Reilly,Nico O'Reilly,Manchester City,D M S,2646,29.4,34,-0.01340157442445708,-0.9545983461049076,0.6686945740184661,-0.4468330736339469,-0.5719980009786471,-1.3680265346799352,-1.230514926945807
Phil Foden,Phil Foden,Manchester City,F M S,2083,23.14,33,7.599851592957387,0.8801227790597308,3.1315763636068437,-1.6316221898621863,-0.21320595070245085,1.0192163382541246,0.6356283445493273
Rodri,Rodri,Manchester City,M S,1500,16.67,21,7.921369824240844,14.453167423761366,2.901886200309637,-4.857284862726028,0.45085489104261384,-2.697764386564819,-0.7881162411856766
Rúben Dias,Ruben Dias,Manchester City,D S,2142,23.8,26,-2.162569547594605,2.966151947497676,2.7295004352273575,-1.9891639265184549,0.9511424374337402,-2.0863304316540883,-0.5518821023154324
Tijjani Reijnders,Tijjani Reijnders,Manchester City,F M S,1642,18.24,28,5.427744121831262,1.6559381762154306,1.3759808269242881,-1.7248274130234782,0.6882774129649832,-0.5980561051592705,0.09418910948382728
Amad Diallo Traore,Amad Diallo Traore,Manchester United,D M S,2341,26.01,32,1.5934537428452906,-1.5516361837961046,2.132446186203673,-0.8998786003096478,0.27374786228201886,1.0546917875330064,-2.7490126122575598
Benjamin Sesko,Benjamin Sesko,Manchester United,F S,1636,18.18,30,3.82158627725193,-4.4333523333876155,-2.2957580847365926,-2.6696008719663102,-1.5184350220692158,-0.19126514477805343,0.3835660283019021
Bruno Fernandes,Bruno Fernandes,Manchester United,M,3082,34.24,35,6.287754214881354,1.2301058220405061,3.2193415853358447,2.170997621644023,-2.3522202385717508,-1.8510212112775346,-1.723773615741944
Bryan Mbeumo,Bryan Mbeumo,Manchester United,F M S,2676,29.73,33,4.471169715041232,-1.8561089951638579,0.3604315154931202,-0.21041319114460202,-1.7450318377669445,0.5712383943091756,0.16231937218631168
Casemiro,Casemiro,Manchester United,M S,2649,29.43,34,0.2777669602551294,0.9525337074343182,0.7645127326533019,-0.9495499101614417,0.7592257584685097,-1.6658582758988192,1.3932102271767282
Diogo Dalot,Diogo Dalot,Manchester United,D S,2614,29.04,34,-1.0525089352218413,1.8194692215296986,0.7414897947930387,0.11655547522804437,0.02730165925809677,0.5318583514694801,-0.7968348502385606
Harry Maguire,Harry Maguire,Manchester United,D S,1666,18.51,23,-3.9573415496898763,1.0687725618380006,-0.08780143290801147,-2.1502749137041195,-0.5359703504247719,0.05889220211696898,0.002169414831656059
Kobbie Mainoo,Kobbie Mainoo,Manchester United,M S,1623,18.03,28,-0.9396153193486024,0.5599171237194004,1.7846564238093678,-0.17270912167730976,1.403535751422166,-0.2926651780004054,1.2695887637405756
Leny Yoro,Leny Yoro,Manchester United,D S,1736,19.29,32,-3.992171101807589,2.7164741332053928,-0.37639867245573233,-2.7449792400289637,-0.7524155526135009,0.42565867987294964,0.03914393506127192
Lisandro Martínez,Lisandro Martinez,Manchester United,D S,1217,13.52,18,-2.0811900265549936,3.939085554649489,0.5750480876611723,-1.7163282724670317,-0.36118383159061257,-0.6481095922654729,-0.13283925733579532
Luke Shaw,Luke Shaw,Manchester United,D,3269,36.32,38,-3.5176937352518927,0.27200145537570725,0.6383052549183305,-0.037675348875637824,0.5313806014390402,-0.08568629800499912,0.4032061336232295
Mason Mount,Mason Mount,Manchester United,M S,1021,11.34,23,1.505198126915278,-0.6538146030680495,1.8167025043866216,-0.13985959305680828,1.6446898382319768,-1.763391825699575,0.8846770162686314
Matheus Cunha,Matheus Cunha,Manchester United,F M S,2506,27.84,33,4.67624012347174,-1.0505907745614627,0.6052335385439912,0.2711144318923988,-0.08723358027224916,0.8103365932225436,2.4119282952280487
Matthijs de Ligt,Matthijs de Ligt,Manchester United,D,1170,13.0,13,-3.4977183039816087,3.1457077672274676,-1.4166556930605678,-1.8899940378441455,-1.9981722459518434,-0.11973682366478268,0.6495417650182436
Patrick Dorgu,Patrick Dorgu,Manchester United,D M S,1436,15.96,26,1.3745315308650041,0.16002486732016288,-1.236867484670525,0.9987629549987811,0.45621759247918287,0.9291177844469498,0.9829412468222081
Anthony Elanga,Anthony Elanga,Newcastle United,F M S,1289,14.32,32,5.219130446364596,-0.04360013483773785,-0.9761982455733107,1.6913863535407183,-0.6065039600267679,2.01248410118069,0.5965096529996203
Anthony Gordon,Anthony Gordon,Newcastle United,F M S,1888,20.98,26,6.278618287373092,-0.16782767510784155,-1.0811859480639188,-0.04376814510279002,0.20840616155029318,1.9187895089786124,-1.134977118996464
Bruno Guimarães,Bruno Guimaraes,Newcastle United,M S,2467,27.41,29,2.8658507151562236,2.555202918250847,0.21086817385125783,-0.06938685212444813,1.3686750533309227,0.35518864561183416,1.2751969203196885
Dan Burn,Dan Burn,Newcastle United,D S,2205,24.5,29,-4.151771856506994,1.316071001311755,-0.8414375496011203,-1.675918116791826,-0.8364961924502157,0.05766931671150388,0.022622500372209
Fabian Schär,Fabian Schar,Newcastle United,D S,1096,12.18,16,1.3307671097643843,11.609446824899857,-4.53848270151093,-2.779563026905829,-2.6158969168585995,-3.7373488704251194,0.01891960284382355
Harvey Barnes,Harvey Barnes,Newcastle United,F M S,1947,21.63,37,2.4508259838863173,-4.06886646291621,0.4098886196029097,0.0345344117775918,-0.3523394536720052,-1.6436952443114516,-0.35808201082756835
Jacob Murphy,Jacob Murphy,Newcastle United,D F M S,1630,18.11,33,4.121804735084626,-0.6480303375593996,0.2311984899847673,2.20935639089949,-1.3933633910757668,-0.21415823920172594,0.890154084646911
Jacob Ramsey,Jacob Ramsey,Newcastle United,M S,1421,15.79,28,0.4649856874379465,-0.365477125987691,2.005405850961893,0.2335017520829616,1.7109026557645173,1.844275105825923,0.4686119168091541
Joelinton,Joelinton,Newcastle United,M S,1958,21.76,27,1.3089519286907783,-0.10179723593923064,-0.8104935062714547,-0.6185023984272039,1.8284021444540337,-1.0519370036818683,-0.17010177615142544
Kieran Trippier,Kieran Trippier,Newcastle United,D S,1606,17.84,21,1.741562967397336,6.690488326270514,0.05632378551722461,2.762945034589306,-1.6136670678500837,-0.7305415289355108,0.40514570116217763
Lewis Hall,Lewis Hall,Newcastle United,D S,2164,24.04,30,-1.2961911791925618,1.3588175197546564,1.2961372440002563,1.3721587919236584,0.029256996177966024,0.7381936078894218,-0.8435777533797648
Lewis Miley,Lewis Miley,Newcastle United,D M S,1470,16.33,23,-2.2332271081795465,0.9671992378787635,2.7172808431553466,-1.5486633647892405,0.13461653354611353,1.8196748383364445,-0.3715948962249166
Malick Thiaw,Malick Thiaw,Newcastle United,D S,2968,32.98,35,-4.070701755116885,0.17882103589166087,0.8326707163763704,-3.021735927760773,-0.8745282015329008,1.8395863015754994,-0.2839123503715771
Nick Woltemade,Nick Woltemade,Newcastle United,F M S,1953,21.7,33,0.5581154779350858,-4.519812128383131,-0.11481194921701166,-0.7345809921767377,1.4551987131353794,-1.4016841985334612,0.8174898044529902
Sandro Tonali,Sandro Tonali,Newcastle United,M S,2586,28.73,35,-0.44380109374400023,0.5131608332878891,0.7622261011494023,-0.009709712137317654,0.6201166656793295,0.8119080870763724,-0.4562326803467256
Sven Botman,Sven Botman,Newcastle United,D S,1842,20.47,25,-4.556898851987429,0.8803539602423821,0.43477383648979845,-1.840329481240396,-1.8618032041947228,2.2660529258424065,0.15220172952906527
Valentino Livramento,Valentino Livramento,Newcastle United,D S,1323,14.7,17,-1.9743094446406184,0.47830390872887163,2.3285539183063797,0.3575555934080956,0.9758361673332151,0.6589986405817944,-0.5964878347380105
Callum Hudson-Odoi,Callum Hudson-Odoi,Nottingham Forest,M S,1857,20.63,30,1.333661834199421,-1.8915748218875843,2.972889010070342,1.1818268840005237,0.816189141949992,-0.10808503472028476,-0.16752876876525827
Dan Ndoye,Dan Ndoye,Nottingham Forest,F M S,1184,13.16,24,5.5192378967620375,0.8783015311765141,-2.6616899644186462,-0.6356282224517228,0.42578092814419866,4.233661650675713,1.7680214421567757
Elliot Anderson,Elliot Anderson,Nottingham Forest,M S,3329,36.99,38,1.185345624769217,2.674158056490837,0.6345656647498483,0.8068181093125877,0.35182393766354997,0.5600888867350949,0.3779835324071769
Ibrahim Sangare,Ibrahim Sangare,Nottingham Forest,M S,2111,23.46,28,-2.161713857791679,-0.2895298673176343,-0.04197884510327944,-0.19282304840568187,2.161703353902418,-0.8403487363611338,0.3386544423696494
Igor Jesus,Igor Jesus,Nottingham Forest,F M S,2379,26.43,37,1.1347294292983579,-4.537522306841852,-1.2255954121380261,-0.7784150154357986,1.4440279965696492,-0.024665825681287397,-0.3981629293644336
Morato,Morato,Nottingham Forest,D S,1333,14.81,21,-4.658718051117986,0.7983170530513413,0.08040121075187301,-2.1559247512395183,-1.1014865979584492,1.0201134367200992,0.7118510775223088
Morgan Gibbs-White,Morgan Gibbs-White,Nottingham Forest,F M S,3142,34.91,37,2.294033710132143,-1.066302501673236,0.869193657064494,1.1387711166751973,-0.451868838444755,0.27060765334380577,1.86857894248154
Murillo,Murillo,Nottingham Forest,D,2132,23.69,25,-3.3453350510293007,3.5203479852373345,-1.1296465661678827,-0.873296198700496,-2.037871661607964,-0.1594353483361511,0.6978864932070705
Neco Williams,Neco Williams,Nottingham Forest,D S,3203,35.59,37,-0.8915572133414884,0.45356168570077365,-0.2939937930703022,1.8037157597286813,-1.1642015367736072,0.875674371633359,0.33422233160608766
Nicolás Domínguez,Nicolas Dominguez,Nottingham Forest,M S,1210,13.44,27,0.3353261939051603,4.153159925077498,-1.2380754846465625,-0.38273776278876226,3.0906033883899653,-0.916350319204641,-1.3428370158001006
Nicolò Savona,Nicolo Savona,Nottingham Forest,D S,1036,11.51,14,-1.5839387212434106,1.7557323767349742,0.45921453013672203,-0.07519153968778379,0.4053075142721932,-1.2774212670859417,2.431199593984103
Nikola Milenkovic,Nikola Milenkovic,Nottingham Forest,D S,3360,37.33,38,-5.6438056332056945,0.06071550851681798,0.25866550481690503,-1.364786476516855,-1.1450785629986522,2.2442017454239194,-0.3208090812158119
Ola Aina,Ola Aina,Nottingham Forest,D,1595,17.72,18,-0.8286443869704941,3.2728847299871378,-2.23477644616766,1.34236941993783,-0.2237237000171753,0.3813247344852078,1.1346654075659854
Omari Hutchinson,Omari Hutchinson,Nottingham Forest,M S,1664,18.49,31,4.806847796614326,-0.44392784170858673,-0.337458238862046,2.33083733541374,1.4696117992597146,0.2854317036098659,-0.7554044611341765
Brian Brobbey,Brian Brobbey,Sunderland,F S,1943,21.59,31,-0.21500325354202457,-5.603785869582573,-1.5383316474938142,-0.8024951210982034,0.32146814323615436,-1.7986557215355983,0.881444088242484
Chemsdine Talbi,Chemsdine Talbi,Sunderland,F M S,1556,17.29,28,-0.773269784692563,-3.805394896005467,0.3416710174586622,1.3787548383228565,2.0993433960527965,-1.4321815517630585,1.5425791925368744
Dan Ballard,Dan Ballard,Sunderland,D S,2143,23.81,29,-3.482010697976473,-0.4793075820295166,-1.4149659981049996,-1.2881018618078433,-2.1002646568690895,0.73874197006057,-0.32560049656587875
Enzo Le Fée,Enzo Le Fee,Sunderland,F M S,2953,32.81,36,0.6929446524027933,-0.9315238179540438,1.0280684074731357,2.220665356585211,0.9452081550251371,-0.45030363221715464,0.1854766672727519
Granit Xhaka,Granit Xhaka,Sunderland,M S,2896,32.18,34,-0.5032408772858952,2.7975899811744207,2.843674442083546,-1.1249213946308159,1.2752839006503254,-0.5576401894525255,-0.035360199593789124
Habib Diarra,Habib Diarra,Sunderland,M S,1414,15.71,20,1.3498979235326138,-0.019600855716239436,-1.0793982414826968,-0.275248958624218,0.9433328265753573,0.5686896954319535,0.2787855314184711
Lutsharel Geertruida,Lutsharel Geertruida,Sunderland,D M S,1659,18.43,28,-3.4190140536529654,-0.36712543349209775,0.260760137671985,0.2385779674974651,0.6081420721294519,1.06405069221418,-0.8007993729951727
Noah Sadiki,Noah Sadiki,Sunderland,M,2914,32.38,33,-2.666683330712812,-0.9969552123665748,-0.07922935736997276,0.6022492060965431,0.8898044115860647,1.3600900774857014,-1.106486079756853
Nordi Mukiele,Nordi Mukiele,Sunderland,D,2793,31.03,32,-2.4593177239337183,0.13454848895780253,-0.5924056316255641,0.5222250081024228,-1.4371257639803945,0.41222055238988264,0.8201493348993657
Omar Alderete,Omar Alderete,Sunderland,D S,2808,31.2,33,-3.7598474596378986,0.7778806248119554,-2.063273836435672,-0.1089665308691193,-2.450052432758578,0.3930431207512682,0.21611815860471664
Reinildo,Reinildo,Sunderland,D S,1974,21.93,25,-3.871570823421172,0.1999372288026582,-1.1758294418948159,0.8504981556419359,0.37238026273038255,0.9744081887344341,-0.16568723181967565
Trai Hume,Trai Hume,Sunderland,D M S,3041,33.79,38,-2.0669016334327703,-1.2215321173610876,-0.8587716871821338,1.1606273079088076,-0.18196872714884585,0.34933056808259166,-0.12708732229232259
Wilson Isidor,Wilson Isidor,Sunderland,F S,1142,12.69,32,0.5845123273148535,-6.5648474392024445,-2.5736502384009086,-0.9515332406110643,0.3694472676438177,-2.0611139540277192,0.8199551331890992
Archie Gray,Archie Gray,Tottenham,D M S,1497,16.63,24,-3.2291846973644494,-0.16696140885806252,-0.19757033245548236,0.5268132366585798,0.5582965270529163,-0.7846054489215007,-0.3120229624919964
Conor Gallagher,Conor Gallagher,Tottenham,M S,1229,13.66,16,8.918616469644364,10.489106737150713,-4.141261106057437,-1.2605286965967013,4.77049899054751,0.4115029089190734,-0.1726777463935922
Cristian Romero,Cristian Romero,Tottenham,D S,1878,20.87,23,-2.193051791514427,4.640390550369009,0.39529242138123144,-3.5281480749444274,0.11692424128518494,0.29534869953877707,2.130898064588343
Djed Spence,Djed Spence,Tottenham,D M S,2068,22.98,30,-1.652182779892304,-0.5870076953154086,-1.1804359595562026,1.5113676202736739,0.05803268999729884,0.39478217135875027,-0.7526649687874188
Iyenoma Destiny Udogie,Iyenoma Destiny Udogie,Tottenham,D S,1342,14.91,20,-2.287135080810367,-0.5256375548628828,0.28444068226262204,1.8122099043063742,0.8817978514916827,0.1086197125229518,-0.7278329524733204
João Palhinha,Joao Palhinha,Tottenham,D M S,2180,24.22,33,-0.8310791445583555,3.1733473297312464,-2.456242663733638,-0.9936939586574816,2.385392346950128,0.6120061414678714,1.0756463609303035
Kevin Danso,Kevin Danso,Tottenham,D S,1489,16.54,24,-2.7181751879665152,4.6998713323486365,-1.8377723779440989,-2.565623325319283,-0.1371423134574144,1.5870118667170972,0.19205541827684738
Mathys Tel,Mathys Tel,Tottenham,F M S,1324,14.71,31,3.4670315272902474,-2.293420972472466,0.24446880490454473,1.9302861453777962,0.3663981031967918,0.8330284066774047,1.0970423606331547
Micky van de Ven,Micky van de Ven,Tottenham,D,3049,33.88,35,-4.3556871362247715,-0.7137085383047042,0.43119484594207064,-0.974253860299155,0.10321230172836585,0.31746355939723175,2.535303678538241
Mohammed Kudus,Mohammed Kudus,Tottenham,F M,1577,17.52,19,6.629766149868788,-0.09150427981534313,-2.0028333580489184,-0.2570772067156551,3.290168034381282,3.3446571667667273,0.4838039562480688
Pape Sarr,Pape Sarr,Tottenham,M S,1347,14.97,26,-0.46893483136672176,-0.33906615941285667,0.5443462663794117,-0.2700675072722549,1.2129208457913325,-0.3903926813114082,-0.042146146523457544
Pedro Porro,Pedro Porro,Tottenham,D M S,2815,31.28,34,0.7669436572135484,2.4639865992689804,0.016562564920939354,2.013569956570146,-0.9768475658681529,-0.18900174080365498,-0.38325279664378054
Randal Kolo Muani,Randal Kolo Muani,Tottenham,F M S,1704,18.93,30,0.33846231114199826,-3.4130602464991022,-1.5184701477499305,1.4691669411934942,1.3881174560958094,-0.4208030571294556,-0.8265540135626364
Richarlison,Richarlison,Tottenham,F M S,1926,21.4,32,1.866065228037919,-4.950685326356434,-1.209694816908767,-1.4330688851136313,-0.207397114911435,-0.6861906943556373,1.4298596174543632
Rodrigo Bentancur,Rodrigo Bentancur,Tottenham,M S,1931,21.46,26,-3.138967901691345,0.31047331676414547,-0.06182394748804805,0.3581169541752394,0.5495852810667604,1.0532830113722584,0.3133149405840469
Xavi Simons,Xavi Simons,Tottenham,F M S,1768,19.64,28,7.329965793757579,2.4285750684576892,0.4493649726638916,-0.32324975164846054,-0.054236334112986895,3.388169563211919,0.49824684713865997
Aaron Wan-Bissaka,Aaron Wan-Bissaka,West Ham,D M S,2093,23.26,25,-1.1253455574344975,3.1490454911594306,-0.9168012537489214,0.8577561105256077,-0.16431643894429693,1.4792457042782978,1.1164799997768453
Axel Disasi,Axel Disasi,West Ham,D,1258,13.98,14,-2.6261561934389164,5.8665623517681595,-1.2889422783680013,-2.7012293181251636,-1.5604622398722836,-0.12394174729027141,0.20490859760528965
Callum Wilson,Callum Wilson,West Ham,F M S,1229,13.66,32,1.4731656019243682,-6.315719854110582,-1.998859447600808,-0.7260360597237078,-0.7179144801644779,-1.0516675980153638,0.6897602371192167
Crysencio Summerville,Crysencio Summerville,West Ham,F M S,2509,27.88,31,0.9098187889652043,-2.368548741212393,-0.3685065323512402,-0.20719408056058153,1.3980300288017942,1.6298585099431708,0.03595201612072545
El Hadji Malick Diouf,El Hadji Malick Diouf,West Ham,D M S,2711,30.12,32,-2.471798078307216,-0.13237393479541437,-0.7904525804868494,2.377743751220402,-1.9556579852913394,0.23896243443944282,-0.130567195259978
Freddie Potts,Freddie Potts,West Ham,M S,1152,12.8,22,-3.269940075045588,0.3428475080857037,-0.13128740005762382,1.0662422470345327,-0.12173080339722081,0.252257029013122,-0.40196611009978156
Jarrod Bowen,Jarrod Bowen,West Ham,F M,3416,37.96,38,1.536315585147467,-2.920127761036852,-0.6254127791296663,2.055620109132886,-0.9395469846985279,0.49016364200603363,1.0368164712867884
Jean-Clair Todibo,Jean-Clair Todibo,West Ham,D S,1827,20.3,23,-3.1398709886524645,5.0603415723789995,-1.6951822143816426,-0.7386254034401335,-0.15874587088799264,-0.18964717534504624,-0.5536564289301633
Konstantinos Mavropanos,Konstantinos Mavropanos,West Ham,D S,2518,27.98,31,-4.924649138064717,0.7904182725885212,-0.5226356946248526,-1.7039779679357108,-1.6947346643686372,1.3189079258386514,1.1760595667929539
Kyle Walker-Peters,Kyle Walker-Peters,West Ham,D S,1365,15.17,23,1.9622966893189808,4.37248474041866,-0.9532524168231388,0.3491055305623951,1.3705422326556131,0.8349623410175808,-0.13874889747216249
Lucas Paquetá,Lucas Paqueta,West Ham,F M,1544,17.16,18,5.567860190817704,5.016288559116242,-2.7555347322293526,1.3050289511213224,0.8919036648335883,0.7294073246482611,1.480858509086639
Mateus Fernandes,Mateus Fernandes,West Ham,M S,3044,33.82,36,-1.082828724818955,1.2131741176740238,0.576989292466625,0.3362730886110836,1.6193362526463242,0.6678232867652112,0.8521867961592835
Max Kilman,Max Kilman,West Ham,D S,1552,17.24,21,-2.906892379085141,7.025239721540685,-2.9616159415788292,-2.5212659474094665,-2.3342733573224628,-1.3412103266558246,0.5677398903120242
Tomas Soucek,Tomas Soucek,West Ham,M S,2206,24.51,35,-1.3549150279459117,-0.6430888611789379,-1.6963504564995686,-1.1932327163128482,-0.07962123843239147,-0.7492429218776856,0.6351791962450732
Valentín Castellanos,Valentin Castellanos,West Ham,F S,1430,15.89,18,5.4090417200550736,-3.6180485566946405,-3.494642954792432,-2.6677649477905874,-2.477895467999819,0.731029630953548,0.5375266374061453
Adam Armstrong,Adam Armstrong,Wolverhampton Wanderers,F M,1170,13.0,14,-0.20425163722454606,-4.263891204913489,-0.5897526517427115,0.1930435362794701,1.8746025683669945,-1.3862752892945887,-0.728655132049483
André,Andre,Wolverhampton Wanderers,M S,2763,30.7,35,-1.8587590251307853,0.35046612209494443,0.37440720929960397,0.45575581439644464,3.6067049102750555,0.5563982314987391,0.10239194372952
David Møller Wolfe,David Moller Wolfe,Wolverhampton Wanderers,D S,1059,11.77,22,-3.426208673428313,-1.7724565951444404,-0.01421095441408839,1.7552580438993155,-0.6909807430859864,0.909730456239902,-0.07049224545701213
Emmanuel Agbadou,Emmanuel Agbadou,Wolverhampton Wanderers,D S,1093,12.14,14,0.5645700791947232,10.269027717398528,-4.602676006578568,-1.7011079591547564,-0.3795666078197882,-2.362493141569254,-0.28035018414282414
Hee-Chan Hwang,Hee-Chan Hwang,Wolverhampton Wanderers,F M S,1469,16.32,26,-0.6033015114429555,-3.2973566831649004,-0.6330043622074453,1.1977505520363712,1.2560427474533231,-1.3382352571336074,-0.2207249032619394
Hugo Bueno,Hugo Bueno,Wolverhampton Wanderers,D M S,2351,26.12,35,-1.0267038682983853,-0.11072747434281285,-0.6126699779115468,3.499241348846294,-0.4361363815660192,0.21665230970350496,0.39849060060846714
Jackson Tchatchoua,Jackson Tchatchoua,Wolverhampton Wanderers,D S,1822,20.24,31,-0.9841422692480194,0.5986535454957818,-0.32902873783009845,2.208221936800243,-0.5771795270141479,0.5555025767873154,0.5756922823125402
Jean-Ricner Bellegarde,Jean-Ricner Bellegarde,Wolverhampton Wanderers,F M S,1268,14.09,26,1.5887135885367443,-0.13244968275970564,-0.2537339953044014,1.597523666952343,0.34121326516832273,0.6830318109244093,0.7544249481953181
Jhon Arias,Jhon Arias,Wolverhampton Wanderers,F M S,1140,12.67,23,0.3745438301077143,-1.6147600164716926,-0.505493558478101,-0.2968747899428209,3.1379701342535067,-0.1893166865363296,-1.7531554130128009
João Gomes,Joao Gomes,Wolverhampton Wanderers,M S,2845,31.61,35,-0.5331016893167717,0.8085100317339887,-1.4462452189036363,1.0454797149054285,3.106294171326985,-0.15930192645822233,-0.1477770409847816
Ladislav Krejcí,Ladislav Krejci,Wolverhampton Wanderers,D M S,2385,26.5,28,-3.6364641285735715,1.0316270731387727,0.23088701116206217,-0.9027298692971424,-0.903281146325189,-0.02617975226490629,0.9506347064478077
Mateus Mané,Mateus Mane,Wolverhampton Wanderers,M S,1784,19.82,27,2.104754247289464,-2.390100598366118,-0.14880629900440667,3.1359530152614434,0.8747230678172875,0.5344520577827888,1.2402498688962755
Santiago Bueno,Santiago Bueno,Wolverhampton Wanderers,D S,2549,28.32,29,-4.099263302561003,-1.4484480573176564,-0.24041096332906603,0.1681954228245442,-0.0021069325271262664,-1.5216198514143404,2.6257694354519527
Tolu Arokodare,Tolu Arokodare,Wolverhampton Wanderers,F S,1357,15.08,33,0.6833515859526511,-5.176876947210085,-3.0073190194645183,-1.6661365559604508,-2.4523360140578987,0.9254655177587219,-1.5334177775322866
Toti,Toti,Wolverhampton Wanderers,D S,1437,15.97,19,-2.5049250367749343,4.339567296066473,-2.714180479490843,-0.9277065403659946,-1.449264307853343,0.005419305941243882,0.21804539093624228
Yerson Mosquera,Yerson Mosquera,Wolverhampton Wanderers,D S,2154,23.93,27,-2.931206572160894,-0.735491213468816,-2.0537035289820427,0.22818724476114333,-0.9476684495495319,1.2446928599771374,-1.614222248743861
Amine Sbaï,Amine Sbai,Angers,F M S,1865,20.72,25,2.02758147371732,-3.157669704090781,-0.2249705505318,1.8592556998782024,0.4710456788737012,-0.8021188448962896,0.046574912632405124
Branco van den Boomen,Branco van den Boomen,Angers,M S,1254,13.93,15,0.32793881725281193,1.175491585016931,2.2837557912846007,1.2057791211649371,1.4861072196678016,-0.9549974259791819,-1.3538986894992135
Carlens Arcus,Carlens Arcus,Angers,D S,2053,22.81,26,-2.7265205121633698,-0.0013287513824864754,0.28422857604602064,1.0819817064434458,0.8949383165119706,-0.01702756272509413,-0.8464133265395327
Haris Belkebla,Haris Belkebla,Angers,M,2894,32.16,33,-3.780115159301702,0.08133091285548924,0.07733237594031607,0.6396256747606605,1.150505276839865,1.9184754726817534,-0.280222325053562
Jacques Ekomie,Jacques Ekomie,Angers,D S,2242,24.91,32,-2.8959462694224314,-1.0031283015394579,-1.3517366494590224,1.2108433298165977,0.3653293128216604,0.9238783754087704,-0.6513950271999114
Jordan Lefort,Jordan Lefort,Angers,D,3060,34.0,34,-4.952973612204644,0.8477326093067179,-0.02988792442672694,0.1337940407654944,-1.8712897285957035,1.0915945886372036,-0.33689625283068353
Lilian Raolisoa,Lilian Raolisoa,Angers,D F M S,1975,21.94,32,-0.9949510207847257,-0.8202801023529698,-0.03482223962845615,1.9455967624738666,-0.40735741194429903,0.057622368963461644,1.0536724794846086
Louis Mouton,Louis Mouton,Angers,M S,1947,21.63,32,0.11640134868323027,-2.1681590188105306,-0.4517051247164514,1.391493001474291,0.8366135658670306,-0.6610608784626181,-0.7328089344496255
Ousmane Camara,Ousmane Camara,Angers,D S,2724,30.27,32,-5.195133389468155,-0.34476306506825116,0.35723506590558257,-0.9135089546761522,-0.027429150461414264,0.9478206454378748,0.5324252143793904
Prosper Peter,Prosper Peter,Angers,F S,1257,13.97,29,1.095726458944651,-5.537151761994594,-1.5322082722731485,-2.327551335274743,2.334142278341957,-1.8417792892791167,0.23335390448546248
Sidiki Chérif,Sidiki Cherif,Angers,F M S,1187,13.19,19,-0.03630912205470972,-4.629408260303761,-1.0687375492934703,0.1655563229373281,0.6675473697984294,-1.078014458518017,1.314145957322583
Yassin Belkhdim,Yassin Belkhdim,Angers,M S,2175,24.17,27,-1.571283087156159,-1.194548949484962,0.04502652866137719,-0.047364315230323514,1.555627297620926,0.5427851549625196,-0.17286483509457157
Himad Abdelli,Himad Abdelli,"Angers,Marseille",M S,1075,11.94,21,8.904620464990122,8.835417726965801,-3.0477668652480676,-0.3840634499027449,3.3800375806234606,-1.0769300503591401,0.08384365931663938
Esteban Lepaul,Esteban Lepaul,"Angers,Rennes",F S,2761,30.68,34,0.6599437820757246,-5.408321874279851,0.7532956418760012,-1.351820521360999,0.6295700676929744,-2.091533470289834,3.8854253549359146
Bryan Okoh,Bryan Okoh,Auxerre,D S,1005,11.17,13,-4.513224197200435,-0.3943019326421326,-1.104755815372327,-1.1595063114540864,-0.9963067685764462,-1.4550821579450899,3.984611354255792
Clément Akpa,Clement Akpa,Auxerre,D S,1940,21.56,26,-4.316826638851524,2.178382605939227,-0.9776121987410958,-0.2329547755369343,-0.2467450073387319,1.3386150185431822,-0.025323214462159953
Danny Namaso,Danny Namaso,Auxerre,F M S,2544,28.27,30,1.7663400201007322,-3.03934858199509,-1.0910367470434683,-0.463252036524711,1.127427906307042,0.2465497707312243,-2.57267681760543
Elisha Owusu,Elisha Owusu,Auxerre,M S,2366,26.29,29,-2.854884655035355,-0.6136789015358823,-0.9142326422705598,0.8880527560967865,2.0331290055607147,-0.664472125610471,0.5036617295471143
Fredrik Oppegård,Fredrik Oppegard,Auxerre,D M S,1238,13.76,23,-2.4205398071895003,-1.4564040967504188,-0.06668467819256778,2.753551954226964,-0.02418445883433795,1.4950535193239975,-0.2709715859541085
Gideon Mensah,Gideon Mensah,Auxerre,D S,2353,26.14,30,-2.796603005309223,0.7405393416544502,-0.7437597515402646,1.9305802997938617,0.1813699136100498,0.42349291623969804,-0.23372543577356286
Josué Casimir,Josue Casimir,Auxerre,D F M S,1509,16.77,31,0.720790892948536,-0.6303832236208442,-1.6075610975113535,1.6973237543344846,0.10061272802919222,0.45923802117883605,-0.7117005641389763
Kévin Danois,Kevin Danois,Auxerre,M S,2852,31.69,33,0.5536475163110041,0.8258087261660761,1.3977411855994006,1.6100548845370872,1.6344579731589868,-0.16275445655783108,0.7339936830488731
Lamine Sy,Lamine Sy,Auxerre,D S,1519,16.88,24,-2.2528210242292595,-0.45871691368057177,-1.2814310056041778,1.2300459606734038,-0.4859558182732123,0.2982912117541959,-0.8368424000060476
Lassine Sinayoko,Lassine Sinayoko,Auxerre,F M,2811,31.23,32,2.325182334992811,-3.7186192711675856,-0.23668282490825243,-1.0909538180656808,0.19290406338518049,0.8452418210879481,-0.22726318700697992
Marvin Senaya,Marvin Senaya,Auxerre,D S,1796,19.96,25,-1.8526860082301975,1.6118227146991053,-2.2668435040587704,1.0060236214715963,0.33659826067335713,1.703057365317077,0.43167223840492963
Sinaly Diomande,Sinaly Diomande,Auxerre,D,2138,23.76,24,-4.347350396412413,-0.4073667064010899,-0.8773624032717788,-1.3478419553659282,-0.18474045424375388,0.31639965619837085,1.1048730517156584
Sékou Mara,Sekou Mara,Auxerre,F S,1231,13.68,27,0.9852628901136642,-3.841460291230116,-0.15578139838726993,-2.304758833604707,3.606837219870379,0.9346932297865043,0.1550244834498038
Rudy Matondo,Rudy Matondo,"Auxerre,Paris FC",D M S,1333,14.81,27,-2.0285701653970145,-1.1366221726209202,-0.651318103944612,0.4138540677311808,1.464866316385335,0.939790848833768,1.0387845963501263
Bradley Locko,Bradley Locko,Brest,D S,1281,14.23,21,2.2842969872210777,8.725190442916029,-2.5794148470275977,1.4658352419196925,1.934594522200489,1.2211843709910142,-0.31284272877938113
Brendan Chardonnet,Brendan Chardonnet,Brest,D,2555,28.39,29,-3.5128493464214308,2.148529197425215,-1.141181150219686,0.22398376535871126,-0.8257242198891251,-1.128264524869286,0.11102978054130266
Daouda Guindo,Daouda Guindo,Brest,D S,1689,18.77,25,-3.009538404989905,-0.36692975574350806,-1.3067044552511566,0.7818817805138777,-0.5652048451826687,0.5976719669354317,0.3395149729715404
Eric Junior Dina Ebimbe,Eric Junior Dina Ebimbe,Brest,D F M S,1161,12.9,27,4.68668749757839,0.9545926761801576,-4.109197617841224,-0.9163306249376275,0.9324522312510801,-0.2891654289304397,0.6936699692897139
Hugo Magnetti,Hugo Magnetti,Brest,M S,2721,30.23,33,-2.6829552131416423,0.6384503906179917,0.19203367878315797,0.6344470772211128,0.4547396385673329,1.0599327449992588,0.35243085406632735
Joris Chotard,Joris Chotard,Brest,M S,2790,31.0,33,-3.0765734118293615,0.2733074052071841,-0.11161382198347952,0.19878008487443508,0.2472937699886232,-0.7395408237631363,0.4613930730539463
Kamory Doumbia,Kamory Doumbia,Brest,F M S,1805,20.06,24,2.900235304006274,-1.509244184762575,0.25251687050938965,0.634068207757479,1.318979102229439,-0.9792401991819909,-0.17081739480307223
Kenny Lala,Kenny Lala,Brest,D S,2793,31.03,32,-1.4176767992215766,2.1635330612819543,1.101660927086897,0.8578078208371003,0.08636038477045008,0.06078853201830993,0.44632263451109155
Ludovic Ajorque,Ludovic Ajorque,Brest,F,2834,31.49,32,0.4089328921052232,-3.03982923698645,-0.16572036063779155,-1.7938536892674628,0.5465749972587038,0.6129571960142598,-0.5867735789322132
Michel Diaz,Michel Diaz,Brest,D S,1555,17.28,20,-5.223385066938267,0.45379715293912953,0.6308370339221142,-0.7986934722307484,-0.24813337043658087,2.975876745969664,-0.2643754837620747
Pathé Mboup,Pathe Mboup,Brest,M S,1028,11.42,28,3.0646990912092997,-2.5159676473819372,-2.113453341929137,-0.32522523616167714,2.3163380160555826,-0.09006852791652974,-1.9664369458349646
Remy Labeau Lascary,Remy Labeau Lascary,Brest,F M S,1177,13.08,27,2.680829309120314,-4.148111526509682,-0.7042936736836118,-0.3856637192952333,0.5748760023442494,-0.9346880369337485,-0.002408529707878469
Romain Del Castillo,Romain Del Castillo,Brest,F M,2686,29.84,32,1.6961783491051432,-0.6162220700292552,0.44246058196395804,2.4166648060434652,-0.19503416935828788,-0.8993871447856931,1.8890741347460294
Soumaila Coulibaly,Soumaila Coulibaly,Brest,D S,1343,14.92,16,-4.810755025148007,0.8278480480168606,0.4210463971357859,-1.7066623817169433,-0.6274894288248987,2.0572083576389097,-0.07487556360209677
Pierre Lees-Melou,Pierre Lees-Melou,"Brest,Paris FC",M S,1971,21.9,24,2.2250602064756486,6.116882657639423,-1.1331430486652632,-0.6807353443295829,1.8440098491847337,-0.07558868534872694,-0.46952750820633343
Arouna Sangante,Arouna Sangante,Le Havre,D,2357,26.19,28,-3.2310290782673046,2.148551355753569,-1.3246770425973888,-0.18346136522750364,0.5535771443988691,0.18916643866172073,0.04596290229625693
Ayumu Seko,Ayumu Seko,Le Havre,D M S,2629,29.21,30,-4.3360982632284895,-0.093683358253283,-0.24402118405927226,-0.3732701208528549,-0.19125196535843147,0.7593768202795926,-0.6943190045050497
Fodé Doucouré,Fode Doucoure,Le Havre,F M S,1271,14.12,26,-0.19011095048951993,-1.518952560800782,0.49905747305958204,1.2985221860460754,-0.7469172788328096,-0.533271931288092,0.7284982470031026
Gautier Lloris,Gautier Lloris,Le Havre,D S,2397,26.63,29,-4.4541371716988065,0.29529703286527226,-1.335799517714283,-0.4838198633462231,-0.8636922317565897,-0.3956002112422491,0.7081760823335844
Issa Soumaré,Issa Soumare,Le Havre,F M S,2942,32.69,34,1.2330774876544963,-3.7211078635096624,-1.095164395075207,-2.257433197164694,0.20323246003644493,1.128149988178904,-2.318341881928107
Loïc Négo,Loic Nego,Le Havre,D M S,2339,25.99,30,-3.295875154755982,0.4191890071491477,-0.970971340771631,1.2720075723025175,-0.4039079847996578,1.280793617750202,-0.26385614322270057
Lucas Gourna Douath,Lucas Gourna Douath,Le Havre,M S,1275,14.17,15,-3.726147233813947,-4.31332368249662,1.3747028741313572,1.1198619849445959,3.35208161683545,0.08419091722963803,-0.824237162319624
Mbwana Samatta,Mbwana Samatta,Le Havre,F S,1550,17.22,27,1.1874173523673124,-4.992478414556116,-1.3884866578793584,-1.1244229404383574,0.8818352583448084,-0.7737757255105124,-2.4750144005920673
Rassoul Ndiaye,Rassoul Ndiaye,Le Havre,F M S,2600,28.89,33,-0.7267722458667308,-0.8232408394284264,0.9138668216604352,0.6380779628668677,1.653431070634117,0.977861973760889,0.8578775998528315
Simon Ebonog,Simon Ebonog,Le Havre,M S,1775,19.72,30,-1.7561352810244177,-1.5557090167568375,-1.4032613182418154,0.6801498907843355,1.2791185787877069,1.093093087169902,0.0591286417193669
Sofiane Boufal,Sofiane Boufal,Le Havre,F M S,1050,11.67,17,2.735229023901285,-0.3865127431129978,-0.21567908106077677,3.1728662374380856,-0.5548488551393543,1.3727857424392405,0.24433276291115105
Yanis Zouaoui,Yanis Zouaoui,Le Havre,D M S,2380,26.44,30,-1.332739740203587,0.01887536511870913,-0.3134082339355088,2.8960435431466216,-1.4003555962230367,0.30540194678074767,0.1282685409390304
Yassine Kechta,Yassine Kechta,Le Havre,F M S,1343,14.92,30,1.9325480468185072,1.6771687564314712,-1.975943801368998,1.2516394738342078,3.4776451562565995,-0.9175179785488305,-0.20291938465623174
Adrien Thomasson,Adrien Thomasson,Lens,M S,2714,30.16,32,2.9474775026511013,0.22437749699888002,1.428333453412081,1.209567608481908,0.4551334319519658,-0.9741238688897985,-2.990189176474173
Florian Thauvin,Florian Thauvin,Lens,M S,2510,27.89,33,5.651407745340927,-1.7432385533634476,2.8354857099829296,1.3640763373573692,-2.1607185906741924,-0.9637099697896759,-0.39776454928500266
Malang Sarr,Malang Sarr,Lens,D,2933,32.59,33,-3.7487976577403455,2.481474846562403,1.1966731705805733,-1.6824104728126597,-0.42889412434937074,0.8231687534525202,-1.5704767134160775
Mamadou Sangaré,Mamadou Sangare,Lens,M S,2347,26.08,29,1.3573734429225803,2.1193347907774704,1.4725918102757658,-1.2309269692622884,1.6015796653974759,0.47435060369517024,-0.9307236120384392
Matthieu Udol,Matthieu Udol,Lens,D S,3000,33.33,34,0.8568621914179997,-0.7971535512606509,1.4940088576325736,1.5944793462419324,-2.084765147957006,-0.7847686602560106,-2.4718866278255343
Odsonne Edouard,Odsonne Edouard,Lens,F S,1879,20.88,29,2.5086925350444726,-6.025151149383155,-0.5303902534151448,-3.1332697300398915,0.1981410218426074,-1.747391077628076,-0.5317525506453638
Pierre Ganiou,Pierre Ganiou,Lens,D S,2018,22.42,23,-3.1783074300346588,1.2768344237732836,0.8681829305318394,-1.2908964688211988,-1.2390844152935134,0.6530785615687189,0.9344839311571297
Ruben Aguilar,Ruben Aguilar,Lens,D S,1751,19.46,26,-0.28222057219728086,1.6362815289371833,1.7928844076505848,1.1155256437164944,-0.5218986431595368,-0.68712383852434,0.3481607047720038
Samson Baidoo,Samson Baidoo,Lens,D S,1823,20.26,23,-3.540444570027152,0.06445421776808319,1.1274361125511416,-2.0464447234191754,0.5206399136929225,0.7317108755379933,0.14069558092988055
Saud Abdulhamid,Saud Abdulhamid,Lens,D S,1335,14.83,25,0.2243507333985116,-0.16961112182379878,2.4716493048699264,1.2999625696955177,0.9291977608893053,-1.9802855245996316,1.3910011623341463
Wesley Said,Wesley Said,Lens,M S,2061,22.9,29,2.490622316800693,-3.534406152233988,1.8629260080244048,-2.244357881422838,-0.5696110217562039,-1.1712016676036263,-0.08810376220010743
Deiver Machado,Deiver Machado,"Lens,Nantes",D M S,1201,13.34,19,0.7330646241513457,1.4722661304174054,-1.2116642018255863,0.5375369555586748,0.9770958549892879,1.5571389444416976,-0.3587582175130747
Aissa Mandi,Aissa Mandi,Lille,D S,2432,27.02,29,-4.012841311642486,2.3073610689394926,1.901891675086785,-2.5211165575378596,-0.19009355910810805,0.6936183582960693,-0.03800818157149789
Ayyoub Bouaddi,Ayyoub Bouaddi,Lille,D M S,2354,26.16,30,-1.410869534414037,0.37426856120462315,1.2343518335923074,-0.8150613115770639,1.6974133057289866,1.2671902932790067,-1.4122895790685837
Benjamin André,Benjamin Andre,Lille,M S,2328,25.87,27,-0.1337900037349865,3.38413512558127,-0.29820176793107467,-0.5088533156555796,1.922893471548609,-0.6885512605856288,-1.4220202399776114
Felix Correia,Felix Correia,Lille,M S,2124,23.6,34,1.9314172173770785,-1.6897317750465488,2.6094182321997472,-0.01920786295443678,0.08176464907637311,-0.6046866349712453,-1.4198549138695549
Hákon Haraldsson,Hakon Haraldsson,Lille,F M S,2517,27.97,32,-0.6554511072905501,-4.0626591301096875,3.162810258661056,0.050310895488415074,1.523082105959346,-0.6492007839303593,-0.14013526642426963
Matias Fernandez-Pardo,Matias Fernandez-Pardo,Lille,F M S,2408,26.76,29,3.0679943274127544,-4.17656479790191,1.5196411692625895,-1.715183530053102,1.2900818976152626,0.5138629172173408,-2.0827300593711353
Nabil Bentaleb,Nabil Bentaleb,Lille,M S,1253,13.92,26,-0.17078582220393018,6.371835081839291,1.2443079411200721,-1.597364665529423,0.8517411355833414,-0.9183840472405599,-1.1910167235302018
Nathan Ngoy,Nathan Ngoy,Lille,D S,2397,26.63,29,-3.7430561345110642,0.9605122531912577,1.3941060373156822,-1.7980323570321195,-0.2679936095671207,0.702631880352834,-0.6311537665614687
Ngal'ayel Mukau,Ngal'ayel Mukau,Lille,M S,1548,17.2,30,-0.6228206543023774,-1.2581951766986887,0.3892888807128572,-0.7045873944705512,2.167465673137247,0.30375456409873824,-1.3626088089270914
Olivier Giroud,Olivier Giroud,Lille,F S,1610,17.89,30,2.5029035288167565,-4.336207958379833,-1.1539702031197094,-2.803334946004089,-0.4730123021132156,-0.6449148734693894,-0.04223733943787019
Romain Perraud,Romain Perraud,Lille,D S,2262,25.13,30,-0.03618736313557376,0.15668829130478595,1.532072726704106,1.877509397303862,-0.6897045574164599,0.546016453201212,0.9531734588567904
Thomas Meunier,Thomas Meunier,Lille,D S,1911,21.23,25,-1.0294487415430789,0.37229001849141546,1.362067565049559,0.23514615125240876,0.14205078108459732,-1.1498868718386317,-0.28434462263423754
Abdoulaye Faye,Abdoulaye Faye,Lorient,D S,1444,16.04,17,-4.719846038460173,0.8025160923634158,-1.3037710910667644,-0.3388016752710408,-1.00284673930193,0.8844084945305655,-0.42023084446561787
Ahmadou Bamba Dieng,Ahmadou Bamba Dieng,Lorient,F S,1239,13.77,22,1.5723194499409288,-6.075697109776082,-0.36561520813897874,-3.8754155398698455,1.1790340061976872,-1.4766944158185173,1.2780827409049598
Aiyegun Tosin,Aiyegun Tosin,Lorient,F M S,1068,11.87,27,0.9294823334952724,-5.075831666338954,0.3047487805908556,-2.5553447097693973,0.7397218421850134,0.6639278752608777,0.13430385096374545
Arsène Kouassi,Arsene Kouassi,Lorient,D S,2642,29.36,31,-1.862603020675381,-1.069362547442543,1.531488855576673,1.9395759624490145,-0.4892129376929534,1.6163195787654463,2.3777473124851887
Arthur Avom,Arthur Avom,Lorient,M S,2095,23.28,31,-0.26066408071959324,1.5175779660714803,1.1350486144259626,0.9742073328748969,1.0369979370325118,0.14057038434727867,0.5595584485836315
Bamo Meïté,Bamo Meite,Lorient,D S,1977,21.97,25,-4.1119683104808225,-0.7878477903968223,-0.807254186123035,0.5106993962537618,-0.38874488194705537,0.7988544943145085,-0.5729047309590997
Darline Yongwa,Darline Yongwa,Lorient,D S,1285,14.28,23,-0.1230684053393483,-0.39548859117888574,-1.7725519020260667,2.9837069621197907,-1.282651492464614,1.6299785093559342,0.37984625182450676
Dermane Karim,Dermane Karim,Lorient,F M S,1371,15.23,30,0.08547829421115109,-0.8629375668082415,0.22078586224361849,1.2541051500583245,1.8520445376331538,0.9673312346902018,-0.24790445925148424
Igor Silva,Igor Silva,Lorient,D S,1208,13.42,17,-3.5910390782358546,0.06551284719792937,0.17919023755095345,0.5112782186031767,0.07125639332177616,0.9145542527005793,1.280532457945086
Jean-Victor Makengo,Jean-Victor Makengo,Lorient,F M S,1842,20.47,31,-3.116637661085405,-4.347234821995884,0.9675368116031707,2.0052932272594624,-0.22617466699632072,-0.6466279201001518,-0.32057291295327145
Laurent Abergel,Laurent Abergel,Lorient,M S,2347,26.08,28,-0.5669754977646024,3.904206196485199,-0.7449315824001339,0.007323285244465777,1.7122216907031158,0.18508190239338182,0.08160931177557718
Montassar Talbi,Montassar Talbi,Lorient,D,2610,29.0,29,-4.763421333578808,0.005207097959096966,0.2394583990693484,-0.6982240199703916,-0.9323523892344042,0.6681081665347326,-0.7259564344603018
Noah Cadiou,Noah Cadiou,Lorient,M S,1851,20.57,28,-1.711746729438031,-0.21427403902554143,0.11079865472526017,-0.9011166807558919,1.31910767210622,-1.43946876852935,0.7719241018810926
Pablo Pagis,Pablo Pagis,Lorient,F M S,1799,19.99,28,3.4795637982199676,-1.8590526568115064,1.2790537758561986,1.3464926675393631,-0.593812144466642,-0.36129297173604896,1.840221317055316
Théo Le Bris,Theo Le Bris,Lorient,D S,1915,21.28,28,-2.4554043628219473,-1.4114452165308427,1.049565102360741,0.3745106911283759,1.0123061145945782,0.995264272623931,0.5805754825347504
Abner,Abner,Lyon,D F M S,2182,24.24,26,-0.6721067661503364,-1.1041574669988437,2.7346488584950865,0.45412646586812977,0.19790004595368382,-1.976981079747084,0.8362581249509613
Afonso Moreira,Afonso Moreira,Lyon,D F M S,1695,18.83,27,3.189162140860964,-1.522042973594685,0.9896475618249746,2.538240184318101,-0.5062873442682092,0.6235156929656477,0.7128930002681764
Ainsley Maitland-Niles,Ainsley Maitland-Niles,Lyon,D M S,2496,27.73,30,-2.0938990027347915,-0.5242148163886549,0.2691334391733034,0.7220811310021951,0.17100961305087,-0.8279479125965842,-0.648540814689464
Clinton Mata,Clinton Mata,Lyon,D,2845,31.61,32,-4.570945954287318,0.5721787700950578,0.5002363637846323,-0.36522086705023604,-0.09517442614372498,0.31743200912652797,-0.5510272355119541
Corentin Tolisso,Corentin Tolisso,Lyon,F M S,2319,25.77,30,2.0010195387927214,0.5649256707502082,1.782877669542445,-1.4839448117618461,0.44841406598809286,-0.8961095842873457,0.30152890921998177
Endrick,Endrick,Lyon,F M S,1248,13.87,16,5.957461281381197,-3.7054602996740056,0.9156651681565263,-0.6361545006041915,-0.8356993834423279,0.8357526248628414,-0.8761747938152534
Khalis Merah,Khalis Merah,Lyon,F M S,1187,13.19,22,-0.8868899109935716,-0.8022630267312713,1.4313738644821932,0.4330946803776083,1.4030681410726418,1.1404354620984216,-1.7831390281368036
Moussa Niakhate,Moussa Niakhate,Lyon,D S,2750,30.56,32,-4.427561569351176,2.0657431761383025,1.349657090059322,-1.171095165053957,-0.971878301935939,1.0076420084928557,-0.5914722035720853
Nicolás Tagliafico,Nicolas Tagliafico,Lyon,D S,1292,14.36,20,0.20105252724933256,2.0820697253115603,-0.9294973453726454,-0.7228879982378164,1.0495360262671978,-1.2022373705710854,-0.5044557495163182
Pavel Sulc,Pavel Sulc,Lyon,F M S,1562,17.36,27,2.1833452591931475,-4.246724209506616,0.48228397209918783,-0.09480767083894966,-0.6690017111197216,-2.0862182863270435,1.6987719641188757
Tanner Tessmann,Tanner Tessmann,Lyon,D M S,1938,21.53,29,-1.4677997609758104,-0.021321880501772,1.1894717670312687,-0.9025943487018452,-0.101398624826746,-0.21501933824869748,-1.5326720366330604
Tyler Morton,Tyler Morton,Lyon,M,2549,28.32,29,-0.9611762309643567,0.9283404634365069,2.228650635218557,-0.3486025832980579,0.42102402318662024,0.4897647862962379,-0.13740993482051986
Amine Gouiri,Amine Gouiri,Marseille,F M S,1318,14.64,22,8.045753220445597,-2.9152306029868273,0.7748932930086203,-1.4094486332012988,-1.200687073347016,-0.4434583282344764,1.0958595662704629
Benjamin Pavard,Benjamin Pavard,Marseille,D S,1932,21.47,27,-3.2282059706801713,0.2844683248979464,1.7064282695526976,-0.5001762245664482,-0.5871845588409117,-1.3719423147429706,-0.19299733764364538
Emerson,Emerson,Marseille,D S,2110,23.44,28,-0.14212681498460294,3.0609072833483104,1.1740918796390039,0.8564661832668288,-0.011857103250939936,-0.38777478037173546,-1.1212086133465757
Facundo Medina,Facundo Medina,Marseille,D S,1381,15.34,17,1.2704634080264103,8.171925495498165,-0.6732794526345492,-1.1221983261214807,0.16490973200492695,-2.5706680963100386,-1.1959416829912026
Igor Paixão,Igor Paixao,Marseille,D M S,1979,21.99,30,2.151622635387618,-2.115003430016105,0.981974234588519,-0.37982339936595344,0.970724874190139,-0.7775998743850383,0.1095855927848729
Leonardo Balerdi,Leonardo Balerdi,Marseille,D S,1996,22.18,26,-2.987738258012491,3.3427220345409077,0.36105800029288077,-2.5860753996267714,-0.5084882631804607,-0.30063177193710605,-1.3396178029937553
Mason Greenwood,Mason Greenwood,Marseille,F M S,2503,27.81,32,5.959839779587186,-1.2341608296040034,2.912379937284366,-1.2533246609369404,-1.8004022625198162,-0.9387171588972721,1.5825151636012424
Naif Aguerd,Naif Aguerd,Marseille,D,1407,15.63,16,-6.088765184512989,-1.9777806329396597,4.172875023438403,-1.6730871322872396,-0.2056928047443966,3.889636797017484,0.057065514003290976
Pierre-Emerick Aubameyang,Pierre-Emerick Aubameyang,Marseille,F M S,2074,23.04,30,4.3263214441577,-4.873428839005617,-0.9130574406375953,-2.6770228659599544,-3.6198139295131546,0.37610161559753696,-2.4954159471596347
Pierre-Emile Højbjerg,Pierre-Emile Hojbjerg,Marseille,M S,2716,30.18,32,0.3307447434845587,1.3599408566682667,2.129386377052019,-1.1745730457183712,-0.21898528586458083,-0.7483438386951123,-0.5800782677144055
Quinten Timber,Quinten Timber,Marseille,M S,1135,12.61,15,-1.054897686194158,-0.4307903101353293,0.38625605816175,0.5739249767868735,1.4993480370124233,0.7789357653250754,-0.8907445745351726
Timothy Weah,Timothy Weah,Marseille,D M S,2286,25.4,29,-0.49572156418010427,-0.34487385072164617,2.022138796009345,0.22597786019284166,-0.4061230119279971,-0.4747829407995743,-1.059863100161162
Alpha Touré,Alpha Toure,Metz,D M S,1591,17.68,30,-2.090201452490558,-0.8460517835464817,-0.8264136587620546,0.7859007562630792,1.5840290566919975,1.2174971057924682,-0.8229011536334478
Boubacar Traore,Boubacar Traore,Metz,M S,1414,15.71,20,-2.3444857276040967,-0.15500134649494224,-0.857232486057402,-0.007860089038816472,2.233329286867535,0.9279626949705897,0.11819535140554838
Gauthier Hein,Gauthier Hein,Metz,F M S,2355,26.17,29,2.2643932168343945,-1.0469232823100836,2.39345056101006,0.6528805424489348,1.4763385054364209,-1.7907972647961168,0.08193284937872573
Giorgi Tsitaishvili,Giorgi Tsitaishvili,Metz,D F M S,2475,27.5,33,-0.5737723432538612,-1.6166180377155686,0.7421649088974166,2.7988685136741047,-1.158914090954328,0.9454158454389241,1.6305098745321407
Habib Diallo,Habib Diallo,Metz,F S,1908,21.2,25,-0.6648284449397728,-4.556383717270076,-0.5558504364637894,-1.108658986119018,0.9210001718635842,0.401974443461177,0.09190025533553543
Jean-Philippe Gbamin,Jean-Philippe Gbamin,Metz,D M S,2487,27.63,31,-2.846008937461408,1.5344835534018664,0.1920929221936201,-0.09102076497596599,-0.026616619367782323,0.11042367784617123,-0.318231411817645
Jessy Deminguet,Jessy Deminguet,Metz,M S,2059,22.88,31,-2.2865780070202977,-0.9142491597648675,0.16347047495000108,-0.434091223948871,2.5508442566715495,-0.05705198648854501,0.8084264635521007
Koffi Kouao,Koffi Kouao,Metz,D,2296,25.51,27,-2.0581613808414296,0.86399218249679,-0.4926869917454716,0.25110736590021004,1.2247623269522607,1.2115387745494124,0.5723125793575573
Maxime Colin,Maxime Colin,Metz,D S,1697,18.86,22,-3.792397119891311,0.16214841758288578,-1.5375765063180262,1.674967698978747,-1.0270153007924314,0.513087857473374,-0.022941817317273214
Sadibou Sané,Sadibou Sane,Metz,D S,1940,21.56,23,-4.315968323519112,1.9313756087879623,0.3628528802004619,-1.418791679185389,0.07715796969691777,-0.5388035770540103,3.19389728677005
Terry Yegbe,Terry Yegbe,Metz,D S,1977,21.97,24,-4.638073549121619,-0.38453622809803084,-0.6447672751815485,-0.30189009173285264,-0.6904638048860644,-0.13779768589096975,-0.9178542658242546
Aleksandr Golovin,Aleksandr Golovin,Monaco,M S,1695,18.83,25,3.634117361886518,2.2647678583019775,1.0178804428786472,-0.038882834008934726,0.5011321988339531,0.30764954947111545,0.5175406783569709
Anssumane Fati,Anssumane Fati,Monaco,F M S,1058,11.76,25,2.6629771286359265,-5.591014854452381,2.829288865360056,-2.8603617129899854,2.01481329091095,-1.6566003137565524,-1.5121962094320234
Caio Henrique,Caio Henrique,Monaco,D M S,1527,16.97,22,-0.552631855534401,3.7475874695268026,0.35588714311760705,2.9819550083745363,-2.2841961924129954,0.7595209445410563,-0.3248073933803278
Christian Mawissa Elebi,Christian Mawissa Elebi,Monaco,D S,1178,13.09,18,-3.1593568088305966,-0.046234928163631235,-0.5369151407768556,0.458224934802551,-0.32274586347470896,-0.5045548586710177,2.6619345139044395
Denis Zakaria,Denis Zakaria,Monaco,D M S,2039,22.66,24,-1.3424464590253717,0.30863727761933313,0.4845380177510513,-1.5509249100261302,1.1215676933703245,0.4420021391476826,0.6368404478604832
Folarin Balogun,Folarin Balogun,Monaco,F S,2281,25.34,30,2.179597356540099,-5.715581486519825,-0.7766522478793607,-1.1731964745178012,-0.8428330143242689,-0.42204566735538607,-0.2665708102337372
Jordan Teze,Jordan Teze,Monaco,D M S,2515,27.94,33,-1.4600071039108122,0.6828488874468253,0.8645863386077444,1.3748639816662338,0.0183739819721142,-0.7716080930321753,-0.13670467637339337
Lamine Camara,Lamine Camara,Monaco,M S,1870,20.78,24,2.1961191356352474,1.742411319679664,0.7974484611855728,2.191998754133033,0.9070878599585591,-0.2460734772973849,0.4297490443445834
Maghnes Akliouche,Maghnes Akliouche,Monaco,F M S,2430,27.0,31,2.785697643807142,-1.2293432662231178,2.240009342625294,-0.3249839359806594,2.0469001572142242,-0.5473809492605896,-0.6601400035787367
Mamadou Coulibaly,Mamadou Coulibaly,Monaco,F M S,1402,15.58,25,-0.159824098787465,-0.18237719495603416,0.8319078047872436,-0.34094108152706215,2.4549122676579986,-1.6203173737361989,1.123170692416743
Mika Biereth,Mika Biereth,Monaco,F M S,1051,11.68,32,4.096041602357785,-4.995164443092329,-0.2519849454016921,-2.110445319556185,-0.674678418617282,-0.7990686653140612,1.0142230986401313
Mohammed Salisu,Mohammed Salisu,Monaco,D,1080,12.0,12,-4.244797362338686,1.4470500436719234,-1.066464137535491,-1.2060815624433654,-1.3094206879985393,-0.5174990114714322,0.5540635752374492
Thilo Kehrer,Thilo Kehrer,Monaco,D,2368,26.31,28,-3.8921481303349834,0.8903167462471749,0.5370095931636721,-2.276390153746688,-0.3643869913124632,-0.7760714387202989,1.2071631538346668
Wout Faes,Wout Faes,Monaco,D S,1136,12.62,14,-3.3836089505527065,6.21572965917548,-2.647477677142455,-2.0818404017884693,-1.6169611577108214,-1.9533974318878253,-0.24556068583732896
Chidozie Awaziem,Chidozie Awaziem,Nantes,D S,2329,25.88,27,-4.465619566188856,0.9410534543996655,-0.3560734024769137,-1.0157349595428116,-1.2765294482626426,-0.023090641116938957,0.8079387969761617
Dehmaine Assoumani,Dehmaine Assoumani,Nantes,D F M S,1261,14.01,27,0.7829927152398389,-0.7901909524102062,-1.427876657026993,2.1817200906400087,-0.8136738542983603,1.2119858005735185,-0.12346060567715597
Johann Lepenant,Johann Lepenant,Nantes,F M S,2265,25.17,28,-0.8820508289812632,0.37923172350688505,-0.7939444811380941,2.3355939608525405,1.1882126948583667,0.629783442729583,-0.8254709727997018
Kelvin Adou,Kelvin Adou,Nantes,D S,1964,21.82,23,-3.698697602357045,-0.6002656778362341,-0.16609307787879415,0.6447821373051165,-0.39394045017701934,1.1845382499362425,0.9072257223948096
Louis Leroux,Louis Leroux,Nantes,D M S,1443,16.03,23,-2.169108624843504,-1.5551079999214579,-1.0400167795549222,1.707349667334926,-0.7185866283343394,0.5583380928939097,0.14047224013584025
Matthis Abline,Matthis Abline,Nantes,F M S,2591,28.79,33,1.6540421403246697,-4.643498266702943,-1.4546708400662445,-0.09428611322668955,-0.4280250810071458,0.10124078889419678,-0.10836399158218002
Mohamed Kaba,Mohamed Kaba,Nantes,M S,1028,11.42,13,0.07493610828545182,0.5856028959651705,-1.3334613457350002,0.6505524279138926,1.6450368921398455,1.086524440513097,-1.26601882126105
Mostafa Mohamed,Mostafa Mohamed,Nantes,F S,1152,12.8,24,4.028944554594217,-2.374200678068593,-4.388520896184277,-0.8359895421208348,0.013326878255003033,0.7261783577801327,1.7591134353270945
Nicolas Cozza,Nicolas Cozza,Nantes,D S,2387,26.52,30,-3.655295973751554,-0.9813054089716061,-1.6575654153925878,1.2904013692214753,-0.5184532962945905,0.6757743639235035,-0.997204687732478
Tylel Tati,Tylel Tati,Nantes,D,1728,19.2,20,-4.960396509030074,-0.028174888032178966,-0.02971683134375219,0.7682298090472732,-0.7783730931106844,1.5392328573262846,-0.15129767876147893
Junior Mwanga,Junior Mwanga,"Nantes,Strasbourg",D M,1651,18.34,20,-2.3500116555670845,-0.293407940960048,0.13167806114918554,0.6407059826328516,0.7099455894294779,0.29599208693572754,0.16122324297486376
Ali Abdi,Ali Abdi,Nice,D M S,1156,12.84,22,0.6462247390698663,0.09134271420056458,-2.0567920364501266,1.0109885351308259,-1.0126882246421973,-0.28005483437097933,1.3887469657525153
Antoine Mendy,Antoine Mendy,Nice,D S,2105,23.39,25,-3.5023418257332017,0.550429814702889,-1.3115578258091436,-0.7647572044089544,-0.7525129488429528,-0.007927992270245933,-0.5418972483779606
Charles Vanhoutte,Charles Vanhoutte,Nice,M S,1801,20.01,26,-2.4165008928468814,0.7750544081225751,0.14257163814632293,0.28693736312266444,1.424911943915841,-0.6976728369140764,-1.0321668712978787
Hichem Boudaoui,Hichem Boudaoui,Nice,M S,1697,18.86,25,-0.9237428558330506,-1.0815762949428855,-0.05925767570320056,-0.09925741878111008,0.5757663260520463,1.7837727312471892,-0.41304573997213445
Jonathan Clauss,Jonathan Clauss,Nice,D M S,2529,28.1,30,0.6757131074762038,1.2705401807593988,1.6823962313653156,3.3781794539028045,-1.835053915244642,0.5053581206206591,-0.25836186345329537
Juma Bah,Juma Bah,Nice,D S,1947,21.63,26,-5.635841902440373,-2.230925859362365,0.3114339721875928,0.2661486098219371,-1.785286344880266,2.032801685165749,-0.5980116738163652
Kojo Peprah Oppong,Kojo Peprah Oppong,Nice,D S,2440,27.11,29,-4.560587655091335,0.4181801417675891,0.3595758831452635,-1.0834607901786675,-0.16863789307768187,1.908407013817348,0.4369121508086066
Melvin Bard,Melvin Bard,Nice,D M S,2393,26.59,29,-1.7269944243958166,1.5561298209421552,-0.8349081519575168,1.7629480560802342,0.2835651071411358,0.22849676315187517,0.9030878671539267
Mohamed Ali-Cho,Mohamed Ali-Cho,Nice,F M S,1717,19.08,24,-3.046881310014984,-5.463312503750572,0.7140590118925371,2.4602998722591325,-1.4108499320020127,-0.3998619141971714,-0.8708976850863124
Morgan Sanson,Morgan Sanson,Nice,M S,1759,19.54,31,1.6631795550032253,-0.41339323182860316,-1.4432807245838362,1.9048710099936472,0.73744483830656,1.0815619458153753,-0.7600682019124791
Sofiane Diop,Sofiane Diop,Nice,F M S,2191,24.34,33,2.1112915816700184,-1.9302651478304216,0.8901134844238734,-0.28878978102041575,1.0035844388142225,0.13833464188502326,0.0931174765551892
Tom Louchet,Tom Louchet,Nice,D F M S,1344,14.93,27,0.6954710012562739,-0.9934214424103546,0.840889643181862,1.0792993934667114,-0.6531309114151893,-0.06053185991007584,0.3921445160773923
Adama Camara,Adama Camara,Paris FC,D M S,2198,24.42,29,-2.555049884767959,-0.37471669612127,0.5675504450369955,0.15012973363612542,0.8365454762264504,0.13975675959465128,-0.6843608600755239
Diego Coppola,Diego Coppola,Paris FC,D,1170,13.0,13,-4.260666414688195,5.289195107824103,-4.825627981178884,-1.5952122547104444,-1.439681292261259,-3.6399460251241362,0.9513884807568453
Hamari Traore,Hamari Traore,Paris FC,D S,1169,12.99,18,0.7778615851302174,5.63928300350868,-1.1639178853965384,0.39113257453591216,1.4174150235568732,-0.48856588622142827,-0.8146524390160805
Ilan Kebbal,Ilan Kebbal,Paris FC,F M S,2247,24.97,29,3.5657718000845144,-0.004686050218849464,3.1182488671090396,0.7201735139819052,1.2777290175799598,-0.07927958823782671,2.151969331466712
Jean-Phillipe Krasso,Jean-Phillipe Krasso,Paris FC,F S,1082,12.02,25,2.704327860704012,-4.1342014537976555,0.2675267741905752,0.959609154208482,-1.2686132588560688,-0.857175317330626,-1.3775592567640704
Jonathan Ikone,Jonathan Ikone,Paris FC,F M S,1107,12.3,23,2.8766236398808984,-2.249128620167816,0.015190561034817501,-0.7986002920324623,-0.07786467054486065,0.4724090022447402,-0.4308754206109787
Mamadou Mbow,Mamadou Mbow,Paris FC,D S,2711,30.12,31,-4.765310933314483,1.3103412501313847,1.2392359350414617,-1.163784874008767,0.3596847375262567,1.7801824284702092,-0.5786890941364571
Maxime Lopez,Maxime Lopez,Paris FC,M S,1972,21.91,26,1.4780026896542877,1.1384208151278645,3.5597237873122594,1.6195218479953437,0.023833644783969616,-2.615576519669568,-2.4207267316737213
Moses Simon,Moses Simon,Paris FC,F M S,2062,22.91,29,3.8075227732599446,-1.8623133185493257,0.032760623083766066,2.968529176549241,-0.7159767439818496,1.5429102255924572,1.5547313309764974
Nhoa Sangui,Nhoa Sangui,Paris FC,D S,1723,19.14,26,-3.22947663523239,-0.2765651776031569,1.401557905824572,1.0153267855109906,-0.3522430534955405,1.009156953870403,-0.6798339956681225
Otávio,Otavio,Paris FC,D S,1907,21.19,23,-3.9122476068291934,1.645302701565988,-0.27432264924657584,-0.6574756934709391,-0.13042967125562194,0.6305205646469983,0.6646929505794523
Samir Chergui,Samir Chergui,Paris FC,D M S,1157,12.86,15,-3.6179950119437008,-1.3349736334999291,0.3535440274496309,-0.4771895896885562,-0.7283530382745657,0.4920070485268381,-0.17988908767359663
Thibault De Smet,Thibault De Smet,Paris FC,D S,1153,12.81,17,-1.6224608836707834,3.6300985412780076,-2.067076426934312,1.6069660765767826,0.9743675874128537,-2.356922900051733,-1.1290885944994447
Willem Geubbels,Willem Geubbels,Paris FC,F S,1013,11.26,24,1.6567865233787151,-6.225833131682361,-1.2152214991558112,-2.9456205565977998,2.195277638848015,-3.4955303275940093,-0.7281474241891349
Achraf Hakimi,Achraf Hakimi,Paris Saint Germain,D F S,1382,15.36,18,5.507289040573631,6.269924713877624,3.094597364038948,-1.3929847536107223,0.6539540893918383,-0.7203949655543509,-0.7401577181629373
Beraldo,Beraldo,Paris Saint Germain,D M S,1579,17.54,20,-2.9535236486895933,-0.1254785432126356,3.2541445660845563,-1.7879243116989245,0.9687797719394026,-0.47423895319321896,0.4166983226450253
Bradley Barcola,Bradley Barcola,Paris Saint Germain,F S,1778,19.76,29,6.630877634898183,-2.5969202740644293,1.5836097183457358,-2.9020613020846917,-1.76695420409198,-2.607055066009533,-0.557689890249325
Désiré Doué,Desire Doue,Paris Saint Germain,F M S,1372,15.24,23,8.387570877933403,1.4966437254140186,1.307582508386968,-1.1035543529053717,-0.5127351945828297,1.0350668737871331,-0.5828605087175619
Fabián,Fabian,Paris Saint Germain,M S,1138,12.64,20,0.6818877496529016,2.119984278160136,3.8154618946660293,-1.1694524550810441,0.4413337772138448,1.536266728301323,-1.0638492150182581
Gonçalo Ramos,Goncalo Ramos,Paris Saint Germain,F S,1293,14.37,30,3.073040222015834,-4.039735902147561,-1.1272093778714398,-2.9716957579150733,-1.227847184722723,0.268078805541955,-0.5868612573141205
Illia Zabarnyi,Illia Zabarnyi,Paris Saint Germain,D S,2387,26.52,28,-3.905893125339078,3.01265571435828,0.23440375130550836,-1.372513208500151,-1.2826405416290643,-0.6434873751739594,0.4035791365305735
João Neves,Joao Neves,Paris Saint Germain,M S,1280,14.22,21,2.90967141766657,5.474124035182897,2.5221561690483556,-3.1637274718328023,0.9974941348732751,0.25926734625405917,0.4402152291154392
Khvicha Kvaratskhelia,Khvicha Kvaratskhelia,Paris Saint Germain,F S,1477,16.41,28,12.922592265502553,1.7667298940022749,0.476879406471887,-2.8611355021747196,-1.0891506853416673,3.249736127668006,-0.11387977412495602
Lee Kang-In,Lee Kang-In,Paris Saint Germain,F M S,1527,16.97,27,3.4269565357789817,-0.34132627798966436,4.59225128746685,1.2183419121564938,0.5953671462072482,-0.3184903892271316,-0.694803003869684
Lucas Hernández,Lucas Hernandez,Paris Saint Germain,D S,1749,19.43,25,-1.758372178311458,3.4986800677742638,2.4855389881524728,-1.6877312016353556,-0.027665285015179075,-0.3321892229559202,-0.424717451922851
Marquinhos,Marquinhos,Paris Saint Germain,D S,1040,11.56,14,-1.6552786148056822,6.962605419542429,2.2319428128910452,-4.281771281578785,0.3806362439210964,-1.7257784155577962,0.6102432656314545
Nuno Mendes,Nuno Mendes,Paris Saint Germain,D F S,1251,13.9,20,4.270915070734155,3.9128672916407177,4.293799586268901,-0.21929543060084367,-1.5138732977365221,-0.21126390168177064,-0.9415595355286359
Ousmane Dembélé,Ousmane Dembele,Paris Saint Germain,F S,1050,11.67,22,13.72985772958132,-0.04022048520013735,2.9540830555377013,-3.0000216266568533,-3.4699554947046214,-0.5234122455214271,2.542607191600042
Senny Mayulu,Senny Mayulu,Paris Saint Germain,D F M S,1704,18.93,26,2.242545377915775,-1.2236390534602004,2.273645438843758,-0.4541533864531117,1.5445545388297253,-0.08341516067111103,-0.8010918763503881
Vitinha,Vitinha,Paris Saint Germain,M S,2122,23.58,29,2.080171738328395,2.242427530942799,4.502139825777302,-1.5107808680170804,1.8607364411563878,-1.2746177520834536,-0.7194174473312295
Warren Zaïre-Emery,Warren Zaire-Emery,Paris Saint Germain,D M S,2460,27.33,32,0.3641357867153461,1.611845929903122,4.234285531824022,-1.7695544781111714,1.5762144472068889,-0.8349589606067289,-0.058972821955346484
William Pacho,William Pacho,Paris Saint Germain,D S,1910,21.22,23,-4.244055017874571,2.2800901868076613,1.6147571051098528,-1.4754049348187352,0.14875134879650095,-0.6603172316880512,-1.382231645799813
Abdelhamid Aït Boudlal,Abdelhamid Ait Boudlal,Rennes,D S,1396,15.51,20,-3.69013560386693,0.012120278382542654,0.2871640280484505,-1.1734880293152976,-0.43066230187400295,0.2535842682138656,0.9625884696772383
Alidu Seidu,Alidu Seidu,Rennes,D S,1194,13.27,21,-2.151645489773943,4.653697340415601,-1.4647728263520372,0.17907730594228907,-0.2348655186788071,1.0559710060393144,-0.4195959738094692
Anthony Rouault,Anthony Rouault,Rennes,D S,1723,19.14,21,-3.617935778791377,0.1120809001152654,-0.3580232135672264,-1.5133712363966172,-0.6513810586620024,-0.9885340091681076,-0.7480219590800327
Breel Embolo,Breel Embolo,Rennes,F S,1870,20.78,31,0.6644029543955164,-4.308281778988014,-1.9649915006549703,-0.3445318799321937,-0.44370749456691483,-0.41131369109471494,1.104450721137915
Jérémy Jacquet,Jeremy Jacquet,Rennes,D,1678,18.64,19,-4.372718741629049,0.9696072728019138,0.9171113528050182,-1.8567951428985559,-0.5260483212482486,0.9978547856058938,-0.8902688609334098
Lilian Brassier,Lilian Brassier,Rennes,D S,2253,25.03,27,-3.447696628763861,2.7147206969058786,0.0985192202944915,-1.1785364147686859,-1.3796986557410094,-0.589680210359478,1.1479565893128276
Ludovic Blas,Ludovic Blas,Rennes,D F M S,1521,16.9,32,7.09104683274491,0.1450944753436094,1.4338835926208808,1.3361168634439884,-0.27480101812775865,0.4784951792873718,-0.20419215380259817
Mahdi Camara,Mahdi Camara,Rennes,D M S,2670,29.67,32,-0.5131502615346143,-0.7206370524596163,0.887091972004373,-0.5788519172473603,2.0818834199416205,0.8361262633496824,0.3009168672710444
Mousa Al Tamari,Mousa Al Tamari,Rennes,D F M S,2265,25.17,33,1.2221132032852238,-3.337074865840803,0.8958857575180632,0.528363505816702,0.30904441579749053,1.1578672388516595,1.3105834417080091
Przemyslaw Frankowski,Przemyslaw Frankowski,Rennes,D M S,1230,13.67,19,4.244066299663061,4.342895151359235,-0.4727380335522413,2.722983052503103,0.24199474343444316,-2.049241576081424,-0.26006020359544324
Quentin Merlin,Quentin Merlin,Rennes,D M S,2534,28.16,33,-0.15067293680005994,0.976237151245709,0.6138947068392213,2.185080558491101,-1.2630797260552356,0.14879387853494258,-0.6907930296149938
Valentin Rongier,Valentin Rongier,Rennes,M,2750,30.56,31,-0.5879073030046518,1.9116451984475842,1.9593133676420653,0.06562062276648656,0.8217178735489956,-0.5262601656698906,0.22910884634465442
Andrew Omobamidele,Andrew Omobamidele,Strasbourg,D S,1336,14.84,25,-4.321554974836327,-0.37080421785501905,1.7892574685413392,-3.200466534250595,1.1091093083279397,-1.6213130849762751,1.0075149112298767
Ben Chilwell,Ben Chilwell,Strasbourg,D M S,1613,17.92,20,-3.16762713685885,0.3241099451677718,0.4751360500365344,1.0684381422423885,-0.8154213860790044,0.7856979670166023,-0.5704423407628313
Diego Moreira,Diego Moreira,Strasbourg,D M S,2063,22.92,27,1.7330033986110305,0.6737605744429046,1.7984889976960368,1.5268801165376764,-0.34535228650234223,0.06582289470130888,0.816368477976483
Guela Doué,Guela Doue,Strasbourg,D M S,2065,22.94,24,-2.162308672555984,2.9528654863402997,-0.4154764849282637,-0.08449382448498238,-1.2533435632983514,0.1737168004875257,0.017512251487339665
Guemissongui Ouattara,Guemissongui Ouattara,Strasbourg,D M S,1763,19.59,28,-1.490545347421475,-1.4051616585788411,1.306729771800184,-0.7928933337497509,1.1896062574302095,-0.35077785188853694,-0.6905181862218428
Ismaël Doukouré,Ismael Doukoure,Strasbourg,D M,2090,23.22,25,-3.6051814073747765,0.8805162282873397,0.4474347964030379,-1.5211423518660565,-0.3688324684423521,-0.5843106671001552,1.699854272087603
Joaquín Panichelli,Joaquin Panichelli,Strasbourg,F M S,2202,24.47,27,0.9642745918238613,-4.531481669348014,-1.4066490667245797,-1.3669541187015284,-0.6766140910375489,-1.4222356229598685,1.9273783930614496
Julio Enciso,Julio Enciso,Strasbourg,F M S,1918,21.31,27,3.402582165555806,-2.828666644066665,1.5134426451405714,-1.16825119911016,-0.3636366270994304,1.6257442014692254,-2.813511905642795
Lucas Høgsberg,Lucas Hogsberg,Strasbourg,D S,1805,20.06,24,-4.644342336921726,0.4524224691520975,1.066835168645838,-1.3320332285000835,0.9640005945597121,0.9394057270587559,-0.7271911943316961
Mamadou Sarr,Mamadou Sarr,Strasbourg,D,1306,14.51,15,-3.3555202124382952,3.7367740685747677,-0.09301167268413309,-1.1308971576958444,0.9523709549860296,-0.8209675202674405,-0.7005238415176172
Martial Godo,Martial Godo,Strasbourg,M S,1602,17.8,28,2.48398246738142,-3.062742298537589,1.4278344608302793,-1.1990131058326339,-1.2272238691887718,-0.5160894224331836,2.1556317069624
Samir El Mourabet,Samir El Mourabet,Strasbourg,M S,2145,23.83,33,-1.3811631394559678,1.5303602458451415,1.8956131941683867,0.21871427777284635,1.7778999212627329,0.990535352223203,0.19668470217242334
Samuel Amo-Ameyaw,Samuel Amo-Ameyaw,Strasbourg,D M S,1010,11.22,25,1.883577055473668,-0.983855842640105,1.1902142279283712,1.2436014730790497,2.6440577438065915,1.373108845020989,0.7654641054265172
Sebastian Nanasi,Sebastian Nanasi,Strasbourg,M S,1039,11.54,19,5.248218615547087,0.07146368293194255,2.4178781689916384,-0.12381306456808328,-1.0700091755977286,-0.7650014599657755,2.0557645842229686
Valentín Barco,Valentin Barco,Strasbourg,M S,2187,24.3,27,1.671791689056673,1.5263991179325493,2.7296164000500758,0.4031229029757263,-1.108962489208329,0.2344299819064542,-0.7639865245282575
Alexis Vossah,Alexis Vossah,Toulouse,M S,1097,12.19,23,-2.784932233269548,-1.7173118751546523,-0.7125746741836116,1.1634571013903103,-0.0051253018596379716,-0.06249216868580847,0.9317459684272282
Aron Dønnum,Aron Donnum,Toulouse,D F M,2438,27.09,28,1.51457850518991,0.34940520303605704,1.0415437113021713,1.8946214274413755,-0.20623503345975452,0.5376930550422976,-0.4953353008149147
Charlie Cresswell,Charlie Cresswell,Toulouse,D S,2537,28.19,29,-3.5475695419055624,-0.4038914510928065,-1.2968223043835616,-0.7135323930557717,-2.059660153678581,-0.44220867365087047,-0.12206877007757566
Cristian Cásseres Jr.,Cristian Casseres Jr.,Toulouse,M S,2596,28.84,31,-1.5003193242268678,1.6871382225485037,0.011924475787866597,0.9162102510510541,0.8680815514460773,0.8087079916100931,0.4495419726658369
Dayann Methalie,Dayann Methalie,Toulouse,D S,1996,22.18,28,-1.5194333381912497,-1.9444007041873952,-1.690798846603916,1.4868158462477967,1.2698908804026283,-1.1723764878862715,0.8694500575471036
Djibril Sidibe,Djibril Sidibe,Toulouse,D S,2259,25.1,33,-2.648226771301111,-1.0298153436118667,0.2671453258916401,0.33306133507415653,-0.28305132569209973,-0.5739946420587665,2.8453507712199673
Emersonn,Emersonn,Toulouse,F S,1607,17.86,28,1.5522429030887308,-5.123376680472868,-1.0466808290850695,-1.9339479113784355,1.8661698896727499,-1.7781371084444981,-0.3604365181205342
Frank Magri,Frank Magri,Toulouse,F M S,1297,14.41,17,1.2247790576730313,-5.222446066329918,-2.6771853628130517,0.637655844255705,0.15395047464941794,-1.4384740420006898,1.5907446591337226
Mark McKenzie,Mark McKenzie,Toulouse,D S,2497,27.74,30,-3.9129019271817356,-0.185055942840791,0.12277079009721133,-0.4175916614664545,-0.060268118717725166,-0.1680338674252262,0.33001021150457477
Pape Diop,Pape Diop,Toulouse,M S,1277,14.19,16,0.4743482591132374,0.2927612477404196,-0.008437929003953489,0.11221335743345556,1.6501575955723575,-0.09089081423049113,-0.6836594368295998
Rasmus Nicolaisen,Rasmus Nicolaisen,Toulouse,D S,2672,29.69,33,-4.697930924640184,1.052227569856529,-1.1919319289547137,-1.4050937833018975,-0.5230342384773806,0.569298085324181,0.7936887949236542
Santiago Hidalgo,Santiago Hidalgo,Toulouse,F M S,1387,15.41,29,2.193375838434104,-3.123643601492483,-1.3932151090392904,0.47740728820640266,2.763248797427752,-1.0954682950848689,0.011818939903342266
Yann Gboho,Yann Gboho,Toulouse,F M S,2709,30.1,32,2.439251349181745,-2.289226640413144,1.3567601169247405,1.2107744567880467,1.4831185436983239,1.4119701314769972,2.1255420156885774
Alexis Claude Maurice,Alexis Claude Maurice,Augsburg,F M S,2135,23.72,29,-1.9560165811925423,-4.222644362488644,2.079215335254612,0.10139728352627975,0.6944247979576178,0.9018023609286658,-1.1732830702029877
Anton Kade,Anton Kade,Augsburg,D F M S,1740,19.33,28,1.381910892693633,-3.3218985179981524,-0.39502105622052364,-0.3025816614604344,-0.19802284357950625,-0.14315928764790964,0.07013552492668039
Chrislain Matsima,Chrislain Matsima,Augsburg,D S,1494,16.6,18,-4.099577279293626,3.5204819617924707,-1.2761719355437364,-1.2918112410816713,-1.329625815147427,0.5316678167225452,0.8679978349187446
Cédric Zesiger,Cedric Zesiger,Augsburg,D S,1798,19.98,27,-3.487378034382324,-0.06188411416922111,-1.3131084288370036,0.8744001387701802,-1.8136801828560978,-0.1722730255820777,-1.0890746481219362
Dimitris Giannoulis,Dimitris Giannoulis,Augsburg,D S,1957,21.74,27,-1.1013460975761806,-0.8998705010033513,0.7137797061417739,2.1257944652008023,-1.0097409464271099,0.4140994306763582,1.9729890963476702
Elvis Rexhbecaj,Elvis Rexhbecaj,Augsburg,D M S,1098,12.2,26,0.894609062702402,2.204889312003838,-2.3097592650154826,1.1128383726332487,1.7134917792137079,1.0079038056148135,1.421569900787504
Fabian Rieder,Fabian Rieder,Augsburg,D F M S,2387,26.52,32,1.3750925055140595,-1.411175132145983,0.7510804782670742,2.2166857348838396,0.8531299018347921,-1.2108186262851166,1.1775479530920616
Han-Noah Massengo,Han-Noah Massengo,Augsburg,M S,2455,27.28,33,-2.226353650944726,-0.32941366318506965,0.34643578838545275,0.11605821950216991,0.7350939696646954,0.46145519423645026,0.5160489265511848
Keven Schlotterbeck,Keven Schlotterbeck,Augsburg,D S,2025,22.5,24,-3.523483421417982,0.371644009959954,-0.8725873154535664,-1.1848654573509545,-0.8186687097751113,1.340930156597016,1.2106530934199298
Kristijan Jakic,Kristijan Jakic,Augsburg,D M S,1655,18.39,26,-1.1309883971512216,1.630674320105402,-0.402046966718953,-0.41667856812878556,2.2343896475701808,0.3469850137094389,-0.22671392881215652
Marius Wolf,Marius Wolf,Augsburg,D F M S,1002,11.13,29,4.392270378386733,4.38006877712356,-1.006748071446584,3.861766448252778,-2.251764923444012,-2.164912691171469,-0.02927345709515161
Mert Kömür,Mert Komur,Augsburg,F M S,1455,16.17,28,2.667198936874114,-3.4400696426181354,-0.5386050940303608,0.7830271942656046,0.2619155657841583,-0.08724736906526045,-1.6410948058604617
Noahkai Banks,Noahkai Banks,Augsburg,D S,1746,19.4,23,-3.4928536308125295,0.04642056309192671,0.3543194292819799,-1.1700004283385006,1.0443324568472148,0.4941607453175971,0.25057032693995673
Robin Fellhauer,Robin Fellhauer,Augsburg,D M S,2829,31.43,34,-1.8486185785882059,-1.2176555046924356,-0.46578981584572393,1.4618802054671296,-0.39889689642883236,0.4359422033425214,0.7790275271301069
Arthur Chaves,Arthur Chaves,"Augsburg,Hoffenheim",D S,1062,11.8,15,-2.225574487172282,5.230320680308952,-4.567768189472102,-0.20721502646298395,0.15858859600966707,-2.7203334220419024,0.8314145434035192
Phillip Tietz,Phillip Tietz,"Augsburg,Mainz 05",F S,1811,20.12,29,2.5167530437733205,-4.4249811920825834,-1.9558854947789015,-1.613466151496294,-0.8567006543950768,-1.6289734723369653,-2.3544406148917134
Aleix García,Aleix Garcia,Bayer Leverkusen,M S,2708,30.09,33,1.6550917538001488,4.440228452545971,4.652072387610345,-0.5496824732660902,-0.16882654032260547,-0.7603312824682055,-0.37146425779111697
Arthur,Arthur,Bayer Leverkusen,D S,1130,12.56,20,-0.5925074535568542,-0.48579044796628856,0.6894001447157602,0.23621779113631905,0.6883014113474801,-1.228514322875387,-0.31024992674172086
Christian Kofane,Christian Kofane,Bayer Leverkusen,F M S,1231,13.68,29,1.788112754295752,-5.600339646885446,-2.1214390986781235,-0.9214129442717965,-3.7762841172637236,-0.46336715787861593,-1.4260686053296674
Edmond Tapsoba,Edmond Tapsoba,Bayer Leverkusen,D,2579,28.66,29,-2.411684300930307,1.4160998868866985,2.0012236687674005,-2.0708089040790294,-1.0157152765762372,-1.7957599084533056,0.611180036398951
Ernest Poku,Ernest Poku,Bayer Leverkusen,D M S,1471,16.34,29,2.09944334224885,-2.988349813780287,2.0769630813407045,1.015301663642931,0.1989948133286802,-1.3723066694397323,1.225240191770539
Exequiel Palacios,Exequiel Palacios,Bayer Leverkusen,M S,1079,11.99,18,4.425227557560833,10.366851332871438,2.2264933263665787,-3.048615394192204,2.247060530520478,1.2167236782451825,-0.03531129838868558
Ezequiél Fernández,Ezequiel Fernandez,Bayer Leverkusen,M S,1009,11.21,20,-0.3143768436552955,2.251776610011317,2.0181937020074097,-0.9174526279136189,2.097332650213415,-0.0453549361601304,-1.7470880393162458
Ibrahim Maza,Ibrahim Maza,Bayer Leverkusen,M S,1845,20.5,28,3.3731762508353436,-0.7422945618568533,2.160737818880804,-0.8187274421483741,-0.9402276288700813,1.1737924820820411,-2.084185482255918
Jarell Quansah,Jarell Quansah,Bayer Leverkusen,D S,2303,25.59,28,-2.798892797508208,0.43774972563022524,1.5460884288491568,-1.9252929662002947,-0.9785485821587042,0.13448913857336975,0.7544404492004542
Loic Bade,Loic Bade,Bayer Leverkusen,D S,1655,18.39,23,-3.7439654924814323,4.642223983560692,-0.1735758346952658,-2.855776662519532,-2.21857027182084,-0.18105691738481236,-0.7559956867069675
Malik Tillman,Malik Tillman,Bayer Leverkusen,M S,1681,18.68,29,1.4769332247607205,-1.2482343408602048,1.0728613267493556,-0.6574139905722238,-0.0855381499941394,-0.25137172242002487,0.9040673166380048
Patrik Schick,Patrik Schick,Bayer Leverkusen,F M S,2005,22.28,28,2.2702411182103233,-6.082245652282705,1.1436768840443832,-6.104121952420301,1.009640909298359,-1.0926822642411358,-1.6850916929527997
Robert Andrich,Robert Andrich,Bayer Leverkusen,D M S,2550,28.33,32,-3.407570975942329,0.9976091606507931,1.7878911444553922,-1.083319446184648,-0.1671474295239864,-1.182360694590693,1.0064981885390294
Álex Grimaldo,Alex Grimaldo,Bayer Leverkusen,D,2539,28.21,29,3.4446658657919618,0.6587812021362167,3.821803635353097,1.6634961043429901,-1.036338147831593,-0.8694167583222566,0.010780022613600723
Jeanuël Belocian,Jeanuel Belocian,"Bayer Leverkusen,Wolfsburg",D S,1543,17.14,22,-3.7734958772772837,-0.20552491974621043,0.2798313573740593,-0.16046495378534986,1.425180693810892,0.7641549565857528,-0.6954809167442602
Aleksandar Pavlovic,Aleksandar Pavlovic,Bayern Munich,M S,1451,16.12,24,-1.1842134077459163,3.5249922079712404,5.660700341737689,-2.9392840396180393,0.8944107162338336,-0.09901886025491968,-0.3826122321138903
Dayotchanculle Upamecano,Dayotchanculle Upamecano,Bayern Munich,D S,1805,20.06,24,-2.285317089735785,2.2508447593381415,3.4012310528122636,-1.5125248188372182,0.28050296295141897,-1.220304841067646,-0.44266986277670617
Harry Kane,Harry Kane,Bayern Munich,F M S,2385,26.5,31,6.384328675813506,-5.153940961961266,1.96749543192899,-4.505530425350616,-2.771590983935681,-1.2489189098575217,2.9937225993803374
Jonathan Tah,Jonathan Tah,Bayern Munich,D S,2031,22.57,28,-2.9361567837402784,3.312764398781929,2.2313265178290376,-2.6982031652383327,-0.7622166325779192,-1.4043200977089672,0.9151653863966608
Joshua Kimmich,Joshua Kimmich,Bayern Munich,M S,2268,25.2,29,4.085837510471841,7.736194132807206,7.340227370762231,-1.5502232741140225,-1.9499439266624814,-1.6416490852380399,-1.6114176048392892
Josip Stanisic,Josip Stanisic,Bayern Munich,D S,1842,20.47,26,-0.9996583862567939,1.5320159130497066,4.777387209652217,-1.4478735154107918,-0.20673506366064995,-1.2858269350377758,0.7422327373989663
Kim Min-Jae,Kim Min-Jae,Bayern Munich,D S,1621,18.01,25,-2.033645325004526,4.980880717767466,2.800463803859906,-4.274279332009109,0.11392857909682597,-3.2421005364732096,0.41078268418954933
Konrad Laimer,Konrad Laimer,Bayern Munich,D M S,1997,22.19,29,1.2542679706206674,0.601693062254982,3.8668534252603854,0.6052742057052968,0.4170246860385882,-2.8531072669693547,-0.5797114821398525
Lennart Karl,Lennart Karl,Bayern Munich,M S,1268,14.09,26,5.729623161346576,-1.1473375573959919,3.430739470363963,-1.6515380134765287,-0.4557245971198463,-3.0543946577603998,-2.3031280936037404
Leon Goretzka,Leon Goretzka,Bayern Munich,M S,2004,22.27,31,1.7513807718360117,2.248615518172789,2.614134720877778,-1.6864938087680053,-0.00783376290857992,-1.4592853680188138,-0.4721442847779509
Luis Díaz,Luis Diaz,Bayern Munich,M S,2464,27.38,32,6.608522078458484,-2.3225600008966167,3.6417893936762407,-2.429167129520717,0.7432483270222918,-0.7290096749212407,-1.291684681531275
Michael Olise,Michael Olise,Bayern Munich,M S,2308,25.64,32,9.343831650717295,0.18363307276930688,6.9860915742893175,-0.6565611567813291,-3.2058031252844517,0.48972887095689266,1.2054481663266425
Serge Gnabry,Serge Gnabry,Bayern Munich,F M S,1280,14.22,21,5.198333511621173,-2.7164247379455224,5.3826503385895546,-1.8134760521789082,0.11703873674182713,-1.742076176364108,0.2821456511987056
Tom Bischof,Tom Bischof,Bayern Munich,D M S,1282,14.24,26,7.326015519300118,7.254382524491608,-0.09356996274102738,1.3193487911909938,0.4219039962628026,-0.9771544267548344,0.3662100385872638
Daniel Svensson,Daniel Svensson,Borussia Dortmund,D M S,2454,27.27,33,-1.4563483415802208,-1.5083499800509212,0.8404335209392392,1.721846691880134,-0.8026947409218913,-0.07267444132403252,0.23790548252006385
Felix Nmecha,Felix Nmecha,Borussia Dortmund,M S,2208,24.53,29,-0.9144399754953224,-0.12605002401468304,1.5901623229912865,-1.3436860694567885,1.1736467846062237,0.9101535717822813,-0.6877306352966618
Jobe Bellingham,Jobe Bellingham,Borussia Dortmund,M S,1779,19.77,32,-1.494119447793538,0.8692887734492304,0.943499163382618,-1.046359847171013,1.4405887472694119,0.4981136617967783,-1.340502709117525
Julian Brandt,Julian Brandt,Borussia Dortmund,F M S,1601,17.79,29,6.090165537988665,0.01201874578590314,2.5820012920358235,1.3288927648506004,0.3476603891754011,-2.6777598009724057,0.5213593879226733
Julian Ryerson,Julian Ryerson,Borussia Dortmund,D S,2288,25.42,31,0.4882659877493647,0.15376290465184111,3.135568042716905,2.5973282831097326,-0.9007592966017812,0.24762199860263562,-0.5734808695306455
Karim Adeyemi,Karim Adeyemi,Borussia Dortmund,F M S,1218,13.53,28,5.283813566651454,-2.824275716885744,0.7774023978174591,-0.9099220517485351,0.6863299163344657,-0.03893102840837436,1.0787273729635325
Marcel Sabitzer,Marcel Sabitzer,Borussia Dortmund,M S,1835,20.39,26,0.45707293311734637,-0.02155819457171339,0.9226368757797571,0.5043107581533223,0.5024892725550539,0.34977102617345884,0.08064850615596234
Maximilian Beier,Maximilian Beier,Borussia Dortmund,D F M S,2069,22.99,32,2.8454677097438594,-4.282253277464428,-0.157730575686609,-0.45433001458094824,-0.868892721987677,-0.39345541478361434,1.3236509331616235
Nico Schlotterbeck,Nico Schlotterbeck,Borussia Dortmund,D,2520,28.0,28,-2.460623490112959,4.053332529778507,1.0459132820229016,-2.295895531208695,-0.504235387737045,0.004833810631131787,0.44418467266651207
Ramy Bensebaini,Ramy Bensebaini,Borussia Dortmund,D S,1524,16.93,21,-1.2172649436683345,3.063269006571237,-0.3107285116176912,-0.2803941549418509,-0.5664678950520262,-0.9321647460868616,0.37157625180067416
Serhou Guirassy,Serhou Guirassy,Borussia Dortmund,F S,2366,26.29,33,2.138962017260048,-5.385150503069729,-0.43303705586663405,-4.255887669260755,-1.7198639271634268,0.3073392080632101,0.26472443791040184
Waldemar Anton,Waldemar Anton,Borussia Dortmund,D,2880,32.0,32,-3.4937784458654595,2.1185031166630526,0.6174199933955837,-1.3572886527608563,-0.6697201486511545,0.32332121218296805,-0.49395452360083625
Franck Honorat,Franck Honorat,Borussia M.Gladbach,D F M S,2021,22.46,28,2.5045875921418124,-0.07276643354179448,2.222973953226729,4.381108441672582,-3.016102851553997,-0.2548863128181059,1.4762250671850743
Haris Tabakovic,Haris Tabakovic,Borussia M.Gladbach,F S,2424,26.93,32,0.357900588893453,-5.701132074119551,-1.634633390506752,-1.6751417471010328,-0.08508604192488446,-2.0692284857717986,0.8857709890025196
Jens Castrop,Jens Castrop,Borussia M.Gladbach,D F M S,1613,17.92,26,0.1272267201602099,-1.2706265046170895,-1.3173160928930023,-0.041039208090012796,-0.6721100252206633,-0.3169675781031758,-0.2941360985803354
Joe Scally,Joe Scally,Borussia M.Gladbach,D M S,2615,29.06,32,-2.2697316576717133,-1.3035969170180413,-0.544842513260856,0.8418219534515692,-0.012397880936913944,0.365912117016713,0.3285520267229794
Kevin Diks,Kevin Diks,Borussia M.Gladbach,D S,2472,27.47,30,-3.976779954565708,0.9491756588012145,1.1440460967780033,-2.2856481728758515,-0.43142538121893076,1.4449337039067254,1.3587633667786314
Kevin Stöger,Kevin Stoger,Borussia M.Gladbach,M S,1322,14.69,29,12.534203409993278,10.232774747551929,-1.6597193552666203,4.285998921865209,-2.046918124605522,-0.11223857060946132,0.5653646472636179
Lukas Ullrich,Lukas Ullrich,Borussia M.Gladbach,D M S,1301,14.46,23,-1.1986717980676531,0.3773434384623845,-1.489751594497831,1.6880003413634912,-0.2123122737455444,-2.190224514592229,-0.23765874533157208
Nico Elvedi,Nico Elvedi,Borussia M.Gladbach,D,2968,32.98,33,-4.943383009066213,0.4212122595505714,0.8627273294297527,-1.1901365841148273,-0.2523145741961233,1.2137804286792688,-0.5273643626403473
Philipp Sander,Philipp Sander,Borussia M.Gladbach,D M S,2475,27.5,30,-3.232585968889957,1.190711574406049,0.11315609101122223,-0.3461386153683679,-0.24537664336458143,-0.12906276463794908,0.49442567542757265
Rocco Reitz,Rocco Reitz,Borussia M.Gladbach,M,2669,29.66,31,-0.1945513366896435,0.391436502200638,-0.837629592531462,1.0957630625018548,-0.6310908869752105,0.7515457828681487,-1.7544148388664451
Shuto Machino,Shuto Machino,Borussia M.Gladbach,F M S,1046,11.62,32,4.1277816439179205,-1.6403929445710674,-1.530299258535374,-1.2997715915628254,-1.2263457240446805,0.04316629610890612,1.0855509925956919
Yannick Engelhardt,Yannick Engelhardt,Borussia M.Gladbach,M S,2506,27.84,31,-2.4544215968065854,-0.37501494838219557,-0.24744882916244332,0.31988838448330253,1.0025083662228336,-0.4184896337336785,-0.06737299422954389
Ansgar Knauff,Ansgar Knauff,Eintracht Frankfurt,D F M S,1302,14.47,28,3.4286424878528576,-0.7053913991779153,-2.011155651828511,0.6849031642425959,-0.9687852264172659,-1.057910981474762,0.9698721977038919
Arnaud Kalimuendo Muinga,Arnaud Kalimuendo Muinga,Eintracht Frankfurt,F M S,1431,15.9,19,-3.3575844085270385,-6.372594127775223,-0.2442682539204376,3.3384884509724,-2.644883248083329,-2.27086237089229,-0.010596708557266193
Arthur Theate,Arthur Theate,Eintracht Frankfurt,D,2147,23.86,24,-2.46103116038009,2.9526723695537065,0.3844945829439613,-1.0284956371132659,-1.8287133845791377,0.32238151990339975,-0.5210908072351811
Aurèle Amenda,Aurele Amenda,Eintracht Frankfurt,D S,1664,18.49,24,-4.135122972265044,1.5039653809118587,-0.20211837125104573,-1.100978877217358,-1.5807131255454152,-0.1947479294703887,-0.9321314739303095
Can Uzun,Can Uzun,Eintracht Frankfurt,M S,1178,13.09,21,3.6603192010258088,-1.356818972614037,1.2214199030588053,-0.8190096516918232,0.3812193277843714,-0.2766727479530823,2.593903719895105
Ellyes Skhiri,Ellyes Skhiri,Eintracht Frankfurt,D M S,1439,15.99,25,-1.6042508294380395,2.941445630122483,0.22125001196723945,-1.0804366545958586,1.3760855781680519,-0.043327322649738514,-0.7112779644044602
Farès Chaïbi,Fares Chaibi,Eintracht Frankfurt,D F M S,1822,20.24,28,2.9427738361314564,-1.8687891454071863,1.4225252386699678,3.416888097392054,-1.8377365674535344,-0.9393805807308567,-1.1614786390471532
Hugo Larsson,Hugo Larsson,Eintracht Frankfurt,M S,1839,20.43,25,-1.485360600993343,0.8826188330691394,0.27847304202041534,0.04783596808668836,0.7022729412331425,-0.36595252237590165,0.8290210283687768
Jean Négoce,Jean Negoce,Eintracht Frankfurt,F M S,1322,14.69,27,1.7959718037513857,-1.318414555514886,1.612834037772317,1.4826116516762216,-0.39921771120533134,1.7598824135485347,0.7875336960551117
Jonathan Burkardt,Jonathan Burkardt,Eintracht Frankfurt,F S,1351,15.01,22,5.567623817418241,-4.325594975195261,-0.6077811096327245,-3.396884494873481,0.4247479507776766,-1.7222315476764392,0.6805294882522671
Nathaniel Brown,Nathaniel Brown,Eintracht Frankfurt,D M S,2668,29.64,33,-1.6302919575382777,-0.538019201729367,0.8176084473165611,1.292789875075559,0.23523862346293492,0.29009504416572784,2.3208167274830713
Nnamdi Collins,Nnamdi Collins,Eintracht Frankfurt,D S,1490,16.56,23,-3.201056510763118,1.593739544524363,0.726017822137114,-1.3332541263594502,0.4816588727824736,-0.2578793444477644,1.4073333632627467
Oscar Højlund,Oscar Hojlund,Eintracht Frankfurt,M S,1082,12.02,24,-1.2769815925218913,-1.5073652286903705,-0.1038875149958881,0.26658145420797535,2.5821447773971142,-1.6983552073201458,0.3026521229039815
Rasmus Kristensen,Rasmus Kristensen,Eintracht Frankfurt,D S,1555,17.28,22,0.6668151431837309,3.5965353044518316,-0.4088485870066672,0.31760900876212755,-1.6769987730134555,-1.9263458883310538,1.8668129415645973
Ritsu Doan,Ritsu Doan,Eintracht Frankfurt,D F M S,2425,26.94,31,2.807279951490233,-0.8720278456607659,0.6981651620678339,0.6452945418998988,0.3824998989044829,0.751575124496392,1.3322372034186964
Robin Koch,Robin Koch,Eintracht Frankfurt,D,2840,31.56,32,-4.4867630947238695,0.8890309492894526,0.4997886641591172,-1.9549940185857986,-0.3757999682634106,-0.4250341065226855,1.6596916977010367
Cenk Özkacar,Cenk Ozkacar,FC Cologne,D S,1786,19.84,25,-4.383703140134673,0.4060904479793405,-0.8301107114313796,-0.32108980947795135,-1.2649531833078462,0.06541314237625483,-0.9035283507801549
Eric Martel,Eric Martel,FC Cologne,D M S,2579,28.66,31,-2.5335298480957595,-0.02570132975306637,-0.1256820383596998,-0.23255836123987422,0.28719627621235494,0.18393917232806198,0.28800147384715363
Jakub Kaminski,Jakub Kaminski,FC Cologne,D F M,3031,33.68,34,1.2981574692060127,-2.115444345233145,1.4076720109072842,0.9874649362753657,-1.1716591867120039,-0.38201975448096664,-0.17520241502523118
Jan Thielmann,Jan Thielmann,FC Cologne,D F M S,1582,17.58,26,-0.13749784396765097,-1.4610525399398864,-0.8997663778813392,0.5597913641730877,-0.13158854903328074,1.1689144597887737,0.4493692790087454
Joël Schmied,Joel Schmied,FC Cologne,D S,1090,12.11,16,-4.366892587328256,-0.9156136786421758,-0.1029668043627701,0.4101077876484548,-0.3502761914588574,0.95302436079888,-0.438444141241913
Kristoffer Lund,Kristoffer Lund,FC Cologne,D M S,2319,25.77,33,-2.378627089809785,-0.005080561856281281,0.22673766254487665,1.718155360162178,-1.5839767551846526,1.6380544191372848,-0.12766261836095652
Linton Maina,Linton Maina,FC Cologne,D F M S,1007,11.19,24,5.1720068314891625,-0.3340086112563519,0.2628308210764276,3.13440443215027,1.0790962769025525,0.11581117501536665,-0.010957792616551986
Marius Bülter,Marius Bulter,FC Cologne,F M S,1578,17.53,32,1.6927045694201177,-2.691823881518344,0.9360892485745603,0.7736476293903174,-1.6284540877706968,1.095842578331742,1.6641822924564964
Ragnar Ache,Ragnar Ache,FC Cologne,F S,1739,19.32,29,1.7464434678774503,-5.380118186899358,-0.8297691375033434,-2.347067635989916,-2.216309605976457,0.3573844942608557,-1.7329957161089993
Rav van den Berg,Rav van den Berg,FC Cologne,D S,1138,12.64,14,-4.975102714701002,-0.4799173811036251,0.4297162812531628,1.2668368529080003,-0.10139438028658558,-0.558500030140644,-0.26126399912067066
Said El Mala,Said El Mala,FC Cologne,F M S,1965,21.83,34,3.5963567682938615,-5.177747488249301,-0.6252067128302334,-1.187085288889098,-1.4381442533459377,-0.4185020202470295,0.7070639635096351
Sebastian Sebulonsen,Sebastian Sebulonsen,FC Cologne,D S,2519,27.99,31,-2.2040692789638188,-1.2184918963663671,-0.1280614396191765,1.6228740506720924,-1.8037583221693054,0.4193195612348943,-1.085866644362859
Tom Krauß,Tom Krauss,FC Cologne,D M S,1779,19.77,26,-2.561932172548455,1.2585719389767351,0.3303292084938044,0.23208788085765025,1.2697462549986245,1.1658448919280056,-0.8024986355327214
Ísak Bergmann Jóhannesson,Isak Bergmann Johannesson,FC Cologne,M S,1830,20.33,31,-1.3609461234794602,-0.11742885472418564,2.7578646473309494,1.220598212901535,-0.31046305562006415,-0.3657162040737938,0.10316654356224651
Arijon Ibrahimovic,Arijon Ibrahimovic,FC Heidenheim,D F M S,2196,24.4,32,2.510477841411571,-1.5883829092003214,0.12070798721015569,2.2279169733659416,-1.5265511182458869,-0.09605178838481777,-2.39752347242156
Benedikt Gimber,Benedikt Gimber,FC Heidenheim,D S,1467,16.3,21,-3.159984378060179,3.8037249569043055,-4.126064614665749,-0.5043492605689144,0.8243561033541014,0.5144002692204602,-0.36892173469750567
Budu Zivzivadze,Budu Zivzivadze,FC Heidenheim,F S,1148,12.76,20,1.290986253280599,-4.886471777031188,-1.492189783262238,-0.6889834873101545,0.6604298947035937,-1.1381547487710695,1.0975146959798041
Hennes Behrens,Hennes Behrens,FC Heidenheim,D S,1321,14.68,16,-1.2032530565372814,0.7138881076819258,0.4596807629260598,2.3106347558421896,-2.0492255404473503,1.7678236273429933,1.1322637740407395
Jan Schöppner,Jan Schoppner,FC Heidenheim,M S,2286,25.4,31,-0.6766914749090969,-0.16877052785597274,-1.2284123720774598,0.7121915138507511,0.18913956588323944,-1.2144599019640372,0.28785102627262976
Jonas Föhrenbach,Jonas Fohrenbach,FC Heidenheim,D M S,2333,25.92,27,-3.055617359883076,0.7610692652631313,-0.9586476182102166,1.6207351939861272,-0.8922660416740064,-0.17466325210489464,0.14111019267863903
Julian Niehues,Julian Niehues,FC Heidenheim,M S,1416,15.73,24,-2.464005505301959,-0.9427964741037295,0.1879686514448672,-0.5938201409073407,0.6731118843804386,-0.30858075312348954,1.2537810134670173
Marnon Busch,Marnon Busch,FC Heidenheim,D M S,1901,21.12,29,-1.9557266636959243,-0.3865072469582923,0.6242092144923509,1.3225129767900254,-0.30785815995125343,-1.2647057146207965,0.2891272545282065
Marvin Pieringer,Marvin Pieringer,FC Heidenheim,F M S,1689,18.77,27,2.0411254571173902,-3.077925028686388,-2.2054591651922184,-0.6441217365415737,-0.6114076448675496,0.4240354569964794,-0.4676396646166912
Mathias Honsak,Mathias Honsak,FC Heidenheim,F M S,1263,14.03,27,0.907650522957945,-2.8111980018011797,-0.5755225284299168,-0.036670034017146046,0.41120387495581406,-0.4196711751296372,-0.5161950507518157
Niklas Dorsch,Niklas Dorsch,FC Heidenheim,M S,2293,25.48,32,-2.2919468848081066,0.7566801393283537,1.726946101895122,-0.2533281344774187,1.5357667553992898,1.0294831544277372,-1.043434414387531
Omar Traoré,Omar Traore,FC Heidenheim,D S,1506,16.73,26,-1.925712775134933,-0.9650013593431932,-0.5583407772656038,1.8767036586712988,0.4537273088635095,0.004460637006822296,-0.6142466764560258
Patrick Mainka,Patrick Mainka,FC Heidenheim,D,3060,34.0,34,-4.30494333725514,0.6132268995053457,-0.17322876619197314,-1.2110226726451974,-0.9041443185043526,1.2977163808273313,-0.3734553852350763
Tim Siersleben,Tim Siersleben,FC Heidenheim,D S,1085,12.06,15,-3.8474956805151366,0.8509935917384263,-1.7436826298839871,0.34797589193504863,-0.40475191450172576,-0.8393586133367763,-0.5499158044015796
Eren Sami Dinkci,Eren Sami Dinkci,"FC Heidenheim,Freiburg",D F M S,1401,15.57,22,4.868650569573631,-0.09688915825626662,-3.248357732096406,1.6244879660178253,0.08179471251959637,-0.5295453694933323,0.92403783519018
Bruno Ogbus,Bruno Ogbus,Freiburg,D S,1180,13.11,18,-4.010547694652121,-0.9354968855825904,-0.11019491057778004,0.2919545624956234,-0.024713800858599665,0.2116252492498777,-0.735371747712193
Christian Günter,Christian Gunter,Freiburg,D S,1559,17.32,24,-0.465617616231898,-0.34772260401552524,0.5611938051806832,2.653183722848947,-1.101351946598799,-1.083171431128223,-0.01756358019610986
Derry Scherhant,Derry Scherhant,Freiburg,M S,1253,13.92,31,2.7311650207883975,-3.1914148536550786,-1.181332651932894,1.8866093272531388,0.6327023807006702,0.583065874997306,1.8855754386370533
Igor Matanovic,Igor Matanovic,Freiburg,F S,1536,17.07,31,2.1167085765596583,-4.408885304221019,-2.1061784631674185,-1.1884726718458654,0.07585956222969574,-1.730552418072193,2.0372722834213493
Jan-Niklas Beste,Jan-Niklas Beste,Freiburg,M S,1721,19.12,28,5.595372427087329,1.411074493603612,0.3817522839530023,4.277646944529578,-2.7270404072119727,0.5405838188234611,1.0798194170484676
Johan Manzambi,Johan Manzambi,Freiburg,M S,2145,23.83,27,0.48675852613252707,-0.2945372671437108,0.5870631438838702,-0.8195822570555223,0.12420266454278522,1.7642799866692274,0.9383065630363272
Jordy Makengo,Jordy Makengo,Freiburg,D S,1160,12.89,20,-4.319526711710731,-0.007953508826807542,0.2408160885662142,0.9418594673547744,-0.3689114201273286,1.4634040495081901,-0.056733456912927804
Lucas Höler,Lucas Holer,Freiburg,F M S,2070,23.0,33,-0.01614870500836755,-2.3434366417587498,-0.8841527563555075,-0.3884954649931169,0.05233794677045194,0.5695726128206985,0.12956661919858964
Lukas Kübler,Lukas Kubler,Freiburg,D S,1616,17.96,23,-1.9909112056680502,0.4344625877809247,-1.513725482908469,-0.3095679659591408,-0.35875223924256994,-1.874817054924447,1.4573723660767517
Matthias Ginter,Matthias Ginter,Freiburg,D,2845,31.61,32,-3.75077915057088,0.47514589633448984,1.3009720509263512,-1.1658768493027925,-1.260510512791255,-0.2514839789971912,1.3274800008216228
Maximilian Eggestein,Maximilian Eggestein,Freiburg,M,3060,34.0,34,-2.266113842829322,-0.5644108945399914,0.7746188798329656,-0.8937138523220363,0.3811549229718119,1.4836187113147026,-0.04232002843370845
Patrick Osterhage,Patrick Osterhage,Freiburg,M S,1190,13.22,20,0.15914488963645235,2.4079621734979755,-1.8749062423261271,-0.013128998769353584,1.2424168937805378,0.23399834658758334,-0.18774482680829116
Philipp Lienhart,Philipp Lienhart,Freiburg,D S,1296,14.4,20,-2.2142970423803536,6.760504093880839,-0.6519998959653711,-1.955030969325236,-2.402366810064472,-3.4942809231230267,0.4267256532433223
Philipp Treu,Philipp Treu,Freiburg,D M S,2195,24.39,28,-1.5826486540924598,0.640088250722498,-0.521148565008835,1.56014014406936,-0.13009758497660315,0.5914155127013233,-0.6009449169008317
Vincenzo Grifo,Vincenzo Grifo,Freiburg,M S,1733,19.26,33,4.836837952526606,1.6807200713979602,1.374403174790838,1.454072062207339,-3.0332287869973507,0.2638311121672282,0.7791605860110301
Yuito Suzuki,Yuito Suzuki,Freiburg,M S,1645,18.28,25,1.2308225729824054,-3.440060499928521,0.5156051876482478,0.077026949088232,1.318632784780765,-0.2109436922936193,-0.03848175748539329
Albert Sambi Lokonga,Albert Sambi Lokonga,Hamburger SV,M S,1724,19.16,26,-1.619418277799611,-0.7921273122749778,1.7331628885488939,-0.573055305534408,1.6796047572687636,-0.25712041761812415,3.2161154771597213
Daniel Elfadli,Daniel Elfadli,Hamburger SV,D S,1257,13.97,21,-4.511479699592657,-0.5812058382849867,-0.5474081644719302,-0.547491591252223,1.246613385101795,1.070453611969963,-0.6201526087898162
Fábio Vieira,Fabio Vieira,Hamburger SV,F M S,2241,24.9,29,1.1606662098699414,-1.1622433934131209,1.822113583810277,0.3994551136535585,-0.12282451256728323,1.1563324396242227,1.5861115838539381
Jean-Luc Dompe,Jean-Luc Dompe,Hamburger SV,F M S,1132,12.58,20,1.9926335866081095,-3.027168784815369,3.0800415393842515,3.1776682617251324,-1.413681509221451,1.7868017291247122,1.0085786865364275
Jordan Torunarigha,Jordan Torunarigha,Hamburger SV,D S,1963,21.81,24,-5.229100687398308,0.7265745427531951,-1.0760396685389384,-0.722222125313011,-0.4272142313334859,1.0415345054280423,-0.16068844316365866
Luka Vuskovic,Luka Vuskovic,Hamburger SV,D S,2440,27.11,28,-3.846431583065942,1.0807839184162775,-0.7815841614685456,-2.6373170883178174,-2.4016037971370783,0.8628941511489324,1.9787405789247725
Miro Muheim,Miro Muheim,Hamburger SV,D M S,2443,27.14,29,-0.9168836923497057,1.0319663093884752,-0.3922129642626264,1.9660838219292498,-0.658771478576255,1.5217502773124783,-0.8547340053679086
Nicolai Remberg,Nicolai Remberg,Hamburger SV,D M,2880,32.0,32,-3.3476058127372443,0.22841232403690043,0.469327073530898,-1.2198370243417282,1.5407138019214566,1.4528864854141268,-0.9771683938996266
Nicolás Capaldo,Nicolas Capaldo,Hamburger SV,D M S,2029,22.54,26,-1.955687501810679,-0.17882777533283084,-1.7072914904992547,0.9966653197810431,-0.5606972886907001,1.023154241814903,-0.6715980311571174
Ransford Königsdörffer,Ransford Konigsdorffer,Hamburger SV,F M S,2425,26.94,33,0.035756025615870796,-4.961848475740922,-0.9612278078364869,-0.5533061010019158,-0.49552892388043085,-0.16599157788135796,-0.9210898475059254
Rayan Philippe,Rayan Philippe,Hamburger SV,F M S,1272,14.13,28,1.7096252528666585,-4.513011350111378,-1.6245507739843197,1.1566913634441964,-0.23294562407751634,-1.4081497337395024,0.5646724129931542
Warmed Omari,Warmed Omari,Hamburger SV,D S,1606,17.84,20,-4.069694566953551,1.7800378563768557,-0.005458977219023609,-1.9895736841271046,0.6440588740447103,0.13047079174679266,1.5534777607357275
William Mikelbrencis,William Mikelbrencis,Hamburger SV,D M S,1384,15.38,26,-0.7446976455561433,-1.8807904984569142,-1.4803820808341046,2.8922193091941284,-0.7501009009827448,-0.47809341629015295,-1.0820363579960561
Albian Hajdari,Albian Hajdari,Hoffenheim,D S,2449,27.21,30,-3.255827804864469,1.6756472876580868,-0.8649277816162666,-0.4017038609784523,-1.2219099106210056,-0.5091309728873208,-0.5622525227162143
Alexander Prass,Alexander Prass,Hoffenheim,D M S,1269,14.1,32,0.5772780751928764,2.194513791576425,-0.789508752582558,2.3800989151627765,-0.4750975662580157,-0.21268723804966017,0.07897883326411605
Andrej Kramaric,Andrej Kramaric,Hoffenheim,F M S,2256,25.07,34,3.3374644109077405,-2.196997783742314,1.90693329937732,-1.1253032908828589,-0.4342131969436767,-0.7896283618358095,-0.03267716593631353
Bazoumana Touré,Bazoumana Toure,Hoffenheim,D F M S,2379,26.43,30,2.5812545266415747,-2.3227073118992414,1.2269768255728941,1.2249414304206787,0.11404200410581758,-0.13508012507519235,0.08788412764258534
Bernardo,Bernardo,Hoffenheim,D S,2340,26.0,29,-2.595455602218293,2.814035397521201,-2.382576702451285,0.15610676394277714,-0.7593233683909597,0.07621616565550755,-0.1675647121366406
Fisnik Asllani,Fisnik Asllani,Hoffenheim,F M S,2429,26.99,33,2.4898693729228722,-4.277204219434358,0.49384386787597684,0.34983537024577127,-0.5880169866036545,-1.3625128787340304,0.616465065207175
Grischa Prömel,Grischa Promel,Hoffenheim,M S,1696,18.84,33,0.7550522072285999,-0.6663395707864039,-0.35158237972371975,-0.15566090560224624,0.5511319726451045,-1.4005064873707582,1.3118801406654388
Leon Avdullahu,Leon Avdullahu,Hoffenheim,M S,2860,31.78,33,-1.9379799734628826,0.8110567395019765,1.4655746745166152,-0.3096256538905468,2.06541546002401,-1.135629590442094,-1.4698408589058012
Ozan Kabak,Ozan Kabak,Hoffenheim,D S,1731,19.23,25,-2.4864284925847397,1.8190881458649932,-0.4739952205836426,-1.6466287796287764,-1.370821934786996,-0.8416528792648313,0.7475368940430365
Robin Hranác,Robin Hranac,Hoffenheim,D S,2261,25.12,29,-4.440812157908157,-0.5205276622540074,-0.0930111915945092,-1.044530453683977,-0.9041790266505736,-0.49404204686659065,-0.04721067088268399
Tim Lemperle,Tim Lemperle,Hoffenheim,F M S,2008,22.31,29,1.7978342236095957,-4.421170106919126,-2.007357563418129,0.028228167445776574,-0.2875636501300019,-2.1898132363536282,-0.5822337159148083
Vladimir Coufal,Vladimir Coufal,Hoffenheim,D M,3032,33.69,34,-1.659817907874118,0.035256388383174485,0.2446053566594384,3.0882481201322785,-1.6920575367603412,-0.7800363672250613,-0.652358601390164
Wouter Burger,Wouter Burger,Hoffenheim,M,2486,27.62,30,0.8624231824641597,0.2558024386188589,0.2904007677962111,1.0613920835731807,-0.7012441602170327,-1.656420318161535,-0.19100121194371109
Danny da Costa,Danny da Costa,Mainz 05,D M S,2689,29.88,34,-3.211882474526195,0.15173170240312223,-0.1947510810637393,0.507593333311165,-1.9671786801119033,0.36306827049046375,0.7486111727862752
Dominik Kohr,Dominik Kohr,Mainz 05,D S,2366,26.29,29,-2.8266296538566964,0.44079775643593055,-0.3966598550086836,-0.7422951089875709,0.6667979218235235,-0.4794472408938912,0.49476076627336707
Jae-Sung Lee,Jae-Sung Lee,Mainz 05,F M S,2229,24.77,28,0.27757859237479376,-1.1849116092900986,-0.15338950335778712,-0.20419683869382518,0.6673431274213126,-0.4139562136607744,0.6456111778299163
Kacper Potulski,Kacper Potulski,Mainz 05,D S,1061,11.79,15,-3.4033776095163404,-1.4775771053042346,-2.2186480662536505,-0.9665445478225242,-1.7856033116533157,0.04538935452623811,-0.4349661841766703
Kaishu Sano,Kaishu Sano,Mainz 05,M,3060,34.0,34,-2.585693757680798,0.48758285293787895,1.1004185586379924,-0.2458734321024144,-0.18099993501609013,1.717960977279471,-0.40892098023797385
Nadiem Amiri,Nadiem Amiri,Mainz 05,F M S,2112,23.47,26,4.575581903909401,2.4842264663183884,0.8415226692724944,1.2755889821181272,-1.2433054081403516,-0.007589382531699173,-0.05101716228373943
Paul Nebel,Paul Nebel,Mainz 05,M S,2087,23.19,30,3.358745538393601,-1.4219360531663359,0.24000638740689106,1.2459063684032277,0.39203310497544913,-1.163840890654242,0.5001608585992039
Philipp Mwene,Philipp Mwene,Mainz 05,D M S,2081,23.12,29,-1.6243272756165466,-1.420562934901813,0.08169741682246162,1.429070245869185,0.3354511570087434,-0.0814210983831067,-0.3047929164928056
Silvan Widmer,Silvan Widmer,Mainz 05,D M S,1855,20.61,27,-2.421920733649586,-1.8302865508115687,-0.24402943319648338,0.38156034148591295,-0.8376861624156273,-0.26353347348443584,-0.08451142439478186
Stefan Bell,Stefan Bell,Mainz 05,D S,1044,11.6,18,-3.3776722257814766,2.1188532449080486,-2.455165131364047,-1.1123212600109815,-1.9761027494517898,-1.1480639740449552,-0.05810948798742885
Stefan Posch,Stefan Posch,Mainz 05,D,1399,15.54,16,-0.13538703469467092,6.570917089074352,-2.037837705393386,0.8571049108675589,-0.7704417974173983,-2.300162837661046,-0.5734517594559603
Antonio Nusa,Antonio Nusa,RasenBallsport Leipzig,F M S,2048,22.76,31,2.9518149582054907,-2.057475603779568,1.6407409090253264,0.23568153352290608,-0.2127161383146963,2.6651975250665845,-0.4946257929494837
Bote Baku,Bote Baku,RasenBallsport Leipzig,D S,2538,28.2,32,0.1736014903559135,0.7217830409279371,2.217126796910148,0.44480769514459134,-0.49189594593075525,-1.2241779039912541,-1.457725240683679
Castello Lukeba,Castello Lukeba,RasenBallsport Leipzig,D S,2176,24.18,26,-4.059698556617346,1.8633604943486743,2.273961805837549,-1.7747362727785974,-1.2036346294031028,0.5941696396982274,0.4657621670339927
Christoph Baumgartner,Christoph Baumgartner,RasenBallsport Leipzig,M S,2811,31.23,33,1.7814179951560283,-3.1034037213258285,-1.1929303055521514,-1.7387255222427207,-1.8606963524748779,-1.5383648081445873,-2.1546676558963314
David Raum,David Raum,RasenBallsport Leipzig,D S,2570,28.56,30,1.9283869361088781,2.0698507375468638,4.198278073963953,3.310783498921546,-3.119872273482121,-1.110562025467985,0.25135725155570293
Nicolas Seiwald,Nicolas Seiwald,RasenBallsport Leipzig,D M S,2730,30.33,33,-3.292873472531453,0.7852564953467025,1.6724273276720885,-0.8274573744877667,-0.37462213303435343,1.1463745306132036,-1.7747984359887394
Rômulo,Romulo,RasenBallsport Leipzig,F M S,2246,24.96,30,2.4760184193933936,-5.2028910784232485,0.00986014640670029,-2.895232006453433,-1.4611504293801778,-1.443352006819358,-3.5170540193252022
Willi Orban,Willi Orban,RasenBallsport Leipzig,D,2952,32.8,33,-4.207437018340239,1.7128486763604378,1.201894073154487,-2.4516559713905024,-1.9142538161034757,0.6583853183773635,-0.48333858298258636
Xaver Schlager,Xaver Schlager,RasenBallsport Leipzig,M S,1844,20.49,26,1.2244036499059836,4.438732976893056,3.191462655960477,-1.1235995825822986,1.404759204188526,-0.7749739470466573,-1.40319012384014
Yan Diomande,Yan Diomande,RasenBallsport Leipzig,F M S,2507,27.86,33,4.794464122458189,-1.4112400888016978,4.642642246192777,-0.5457020605710804,1.4755800624293047,0.49252235663292154,2.3548778876095806
Adam Dzwigala,Adam Dzwigala,St. Pauli,D S,1303,14.48,19,-4.421331552907107,0.803906386832575,-0.41656572851480367,-0.1287155165149492,0.11953468304651825,0.18972503948114067,2.1704321704053826
Andréas Hountondji,Andreas Hountondji,St. Pauli,F M S,1092,12.13,21,0.39068543583770504,-6.476270798141783,-2.185113304593661,0.9957513700859714,0.07762956469374611,-2.8329916561487853,0.8804152107000924
Arkadiusz Pyrka,Arkadiusz Pyrka,St. Pauli,D M S,2596,28.84,31,-1.8668106523450272,-1.0653512685088142,-0.5674336187635688,2.181636516188011,-0.6853393268102669,0.26509744434638793,-0.7226280806429296
Danel Sinani,Danel Sinani,St. Pauli,F M S,2080,23.11,30,2.8538790806569057,-1.7146266317345051,-0.1360818116561313,2.588867645340052,-0.8718689711258677,-1.4423465077979756,-0.42918140544635175
Eric Smith,Eric Smith,St. Pauli,D M S,2313,25.7,27,-2.214850329764004,2.12376889055579,0.11816225490589945,0.6484286230857091,-0.41802582543505457,0.1275388383726054,0.7110016471828007
Hauke Wahl,Hauke Wahl,St. Pauli,D S,2591,28.79,30,-4.578761232559162,0.7196299629963199,-0.15478026565375924,-0.015197012892566569,-0.5647743230307737,1.1488319076482671,0.7258966001378142
Jackson Irvine,Jackson Irvine,St. Pauli,M S,1617,17.97,24,0.019202941932431168,1.121013399528276,-2.894948940690454,0.015183817972800957,-0.8091966927739773,-0.5849510421821186,-1.2226769939592426
James Sands,James Sands,St. Pauli,M S,1957,21.74,24,-3.022583703242036,-0.1675764999172033,-1.2669721375730416,0.91985251294409,-0.20165738076748813,0.46357471879711104,0.5586985403597016
Joel Chima Fujita,Joel Chima Fujita,St. Pauli,F M S,2689,29.88,32,-0.4796678528572214,-0.2558475860332708,-0.8315674983260781,2.1650166214279607,0.4113380949536758,0.0021348538830217446,-0.3956706163821664
Karol Mets,Karol Mets,St. Pauli,D S,1938,21.53,23,-4.881934514570248,0.487686717824473,0.05051263072152254,-0.3250006255283872,-1.3603078679486136,0.6656216136391794,1.2607580808293206
Louis Oppie,Louis Oppie,St. Pauli,D M S,1606,17.84,23,-1.94627004787665,-1.2045577901121054,-0.4216207922076568,1.7968710034620727,-0.2959337585555809,-0.40446359699236456,0.1348190098044365
Manolis Saliakas,Manolis Saliakas,St. Pauli,D M S,1118,12.42,17,1.3575910890421208,5.157110206791539,-2.1977935481640904,1.4338759674844848,-1.8331188519003896,-1.0957971286220234,0.6704754159320293
Martijn Kaars,Martijn Kaars,St. Pauli,F S,1331,14.79,29,0.2890151958559175,-4.84819024881834,0.4660291838501948,0.15406274312031853,1.1765061616139072,-1.7299606931994826,-0.6082233945567511
Pereira Lage,Pereira Lage,St. Pauli,D F M S,2067,22.97,28,-0.8750019453396307,-3.9042309609907866,-0.4883563139339906,1.0002061457168034,0.05043076710469559,0.01887198659276431,-1.0500438905132017
Tomoya Ando,Tomoya Ando,St. Pauli,D S,1263,14.03,15,-4.09871320394138,1.1197855610884568,-0.19324988736256163,-0.16876727651572582,-1.531032204592477,1.4920534190398045,-0.46169499135921555
Aljoscha Kemlein,Aljoscha Kemlein,Union Berlin,M S,1984,22.04,30,-1.9319770455288905,0.21857531617744924,-0.046179357095015146,0.5718511064066734,-0.13831369923054398,0.17618369736203374,-1.1311576033474942
Andras Schafer,Andras Schafer,Union Berlin,M S,1420,15.78,28,-2.2138422171173033,-0.22741247665661013,-1.4956182114807228,0.5883413295747465,0.2501472171619987,0.9046148195573134,0.6842557729686388
Andrej Ilic,Andrej Ilic,Union Berlin,F M S,2238,24.87,32,1.6849187007769537,-6.1301701246414995,-2.9741186362166583,0.3778906008144027,-3.3638858678266588,-0.8952344944257464,-2.6832409774835617
Christopher Trimmel,Christopher Trimmel,Union Berlin,D S,1904,21.16,29,-0.8060572126645285,0.4035043762212669,0.18769543856811943,4.503005067416192,-2.895390055356957,-0.7542165896801504,-0.21478342389961366
Danilho Doekhi,Danilho Doekhi,Union Berlin,D,3060,34.0,34,-4.1773401221860835,-1.343334050909499,-1.395421708195475,0.3759164055846542,-1.6444043299780544,0.41936951696637054,0.40198188752959796
Derrick Köhn,Derrick Kohn,Union Berlin,D S,1887,20.97,29,-0.349719194935656,-1.4192330613072186,-0.6274231270311353,2.3339671106731945,-1.0204690975132713,-0.21756523195111,-0.6729524819652194
Diogo Leite,Diogo Leite,Union Berlin,D,1998,22.2,23,-3.358604372643379,3.162117852724746,-2.3745587558217367,-0.10882693083185531,-0.9862047102882515,-0.40775517047716203,-0.5650046252422294
Ilyas Ansah,Ilyas Ansah,Union Berlin,F M S,1960,21.78,33,0.6578036250829422,-4.048743438895062,-1.2985189878317254,1.509567052413682,1.785013656959491,-0.5403909377245302,1.4627200164129865
Janik Haberer,Janik Haberer,Union Berlin,D M S,1662,18.47,28,-2.269612416427945,-1.080244036111829,-0.7856604528340541,1.9375212247615499,0.9578825121127802,0.1406585717004509,-0.6486734134226998
Leopold Querfeld,Leopold Querfeld,Union Berlin,D S,2701,30.01,31,-3.512816314196498,0.40638041400959823,-1.1271592402875918,-1.110548506920928,-1.0707383496115688,-0.0006006301154287992,0.3241175626734483
Oliver Burke,Oliver Burke,Union Berlin,F M S,1699,18.88,29,0.9569231468236684,-4.580366564708226,0.5790411732309774,-0.2513674673722313,1.2570990205213708,-1.49659429010812,0.521181614244761
Rani Khedira,Rani Khedira,Union Berlin,M,2854,31.71,32,-2.5560581347871554,-2.4350536716118274,-1.5535179437234226,1.744099268534186,0.10114733133876905,-1.6327925318612704,2.9429070746868633
Tom Rothe,Tom Rothe,Union Berlin,D S,1018,11.31,21,-1.0355879407801105,-1.0072143802827853,-2.1996013479541228,1.733553509160768,-1.0585937703319888,-1.449081099159655,0.8747882744810661
Woo-Yeong Jeong,Woo-Yeong Jeong,Union Berlin,F M S,1182,13.13,28,0.5867929958953263,-1.9974567300961665,-0.6431572475784072,0.5968904106410053,1.1707455774991815,0.1999489452900658,1.332969416865834
Angelo Stiller,Angelo Stiller,VfB Stuttgart,M S,2752,30.58,34,0.20928153264419447,2.794755685291399,3.220486104511863,-0.24407242046618613,0.09678818179600411,-0.016130541995187396,-1.3350233392257551
Atakan Karazor,Atakan Karazor,VfB Stuttgart,M S,1906,21.18,28,-0.012875809005587888,3.6378391946031474,1.2467154165161414,-0.3642938015759349,2.5162520236117416,0.5175469838339588,-1.5084445700800513
Bilal El Khannouss,Bilal El Khannouss,VfB Stuttgart,F M S,1654,18.38,25,3.130262310899882,0.3686562556259664,2.126274273461182,1.310190145935621,0.636833739194559,0.1860993500822772,-0.05578283107350861
Chema Andres,Chema Andres,VfB Stuttgart,M S,1299,14.43,25,-1.8001622711644945,0.9713079236382767,1.9691656414963885,-2.3549496125917266,0.4782791043081622,-0.22461868901121604,0.8544265825693951
Chris Führich,Chris Fuhrich,VfB Stuttgart,F M S,1727,19.19,33,6.910458502589738,0.7275223026571452,4.719123752223616,1.1520066804487419,-1.5601369580176485,-0.7183899331473801,1.4863210846428447
Deniz Undav,Deniz Undav,VfB Stuttgart,F M S,2261,25.12,29,6.030190029748641,-5.334715556199895,1.7552828088606676,-3.1987525576291556,-2.416904368299624,-2.1586645748404933,0.30302117848252
Ermedin Demirovic,Ermedin Demirovic,VfB Stuttgart,F S,1507,16.74,25,6.272021085046255,-2.5864444787581795,-2.940225218727297,-1.4688413957565611,0.5818279612015446,-1.5801596572053196,2.306217801737076
Finn Jeltsch,Finn Jeltsch,VfB Stuttgart,D S,1501,16.68,23,-4.205610864204614,0.9050042364005026,0.636588809687406,-0.5065862949348892,0.4112393855386252,0.700248808921051,-0.670345875745162
Jamie Leweling,Jamie Leweling,VfB Stuttgart,D M S,2385,26.5,32,1.8239961151822914,-1.7680084992227776,2.1033659802918705,1.512193478585582,-0.8061043122943677,0.1454768238988347,2.223004907451461
Joshua Vagnoman,Joshua Vagnoman,VfB Stuttgart,D M S,1589,17.66,27,-1.3456319393650356,-1.9388329371639121,-0.1111444127717978,0.355029424971732,-0.6364170123083794,0.1423858732526487,-1.5580266960951146
Julian Chabot,Julian Chabot,VfB Stuttgart,D S,2307,25.63,27,-3.899455636381809,2.3811141144250736,-0.52313762675201,-1.2674872144147964,-1.3664632601155915,0.9650592140562617,-1.2286278373425834
Lorenz Assignon,Lorenz Assignon,VfB Stuttgart,D S,1091,12.12,24,4.303810538283889,4.860382188481661,-3.3035373742604315,0.4480148691720852,1.2976455869682455,-1.441773320110108,-0.09417762863284652
Maximilian Mittelstädt,Maximilian Mittelstadt,VfB Stuttgart,D M S,2200,24.44,32,0.11033593094325003,3.725138188600646,2.8245647475271074,0.6839946047832637,-1.8449468118346541,1.024301976028309,-0.3082403651092616
Nikolas Nartey,Nikolas Nartey,VfB Stuttgart,F M S,1255,13.94,28,1.2767634047702046,-1.3228261333546223,2.600624987447736,-1.5212887456537278,-1.1266270105185678,1.0827486496855534,0.2048538449793423
Ramon Hendriks,Ramon Hendriks,VfB Stuttgart,D S,2011,22.34,31,-4.449962592187893,1.216267017594012,1.7051214192457191,-1.1441141270509847,-0.25391410152381816,2.495980668886006,-0.510599694325425
Amos Pieper,Amos Pieper,Werder Bremen,D,1510,16.78,19,-5.131175677744132,1.7557595040913914,-0.7106651468531161,-0.33194427535642607,-1.6881567090279468,0.9903790836641677,0.1357886147797237
Cameron Puertas,Cameron Puertas,Werder Bremen,F M S,1867,20.74,28,0.84690125509544,-0.23394686723640204,-0.02271890717091033,1.2984653979535319,1.731446665619987,-0.1305739224290865,-1.1911090709848717
Jens Stage,Jens Stage,Werder Bremen,M,2489,27.66,29,-0.2772520135695439,-0.8894009839163156,0.3447668415524944,-0.32599505430377357,-1.0533550289269322,-0.5365994726339168,3.091003914797034
Justin Njinmah,Justin Njinmah,Werder Bremen,D F M S,1963,21.81,33,0.052062673584947705,-3.889067387997293,-0.591999948566562,-0.3682910175334188,-1.3519383414494328,0.89650896369665,-0.49809775248698784
Karim Coulibaly,Karim Coulibaly,Werder Bremen,D S,2128,23.64,27,-4.194782846509437,0.02680758871420462,-0.14933138671702526,-0.013909719036086184,-0.40719605140200127,-0.5608858092375002,0.9216336083366861
Marco Friedl,Marco Friedl,Werder Bremen,D S,2552,28.36,30,-4.506872650950137,1.5771472814557996,0.3720729516916975,-1.4146214010627043,-0.0037995304375039634,0.01570170248249697,0.7742479264898168
Marco Grüll,Marco Grull,Werder Bremen,F M S,2039,22.66,33,0.9418703966515122,-2.174149226514003,-0.2839802138422929,0.9398689279474075,0.8124995482228833,0.039903901430201505,-0.6905401213637434
Olivier Deman,Olivier Deman,Werder Bremen,D S,1251,13.9,16,-0.80372712974829,0.509276384302459,-0.6057690074435843,0.9155102794169533,0.19814247189939826,-0.9767202460299692,0.5700865123558133
Romano Schmid,Romano Schmid,Werder Bremen,F M,3004,33.38,34,3.7486736661770066,-1.2153802434896426,1.2723647716008282,2.4630696062078443,-0.8487027066925511,-0.6183456413677109,-2.386247264902964
Samuel Mbangula,Samuel Mbangula,Werder Bremen,F M S,1160,12.89,26,0.6620710942573041,-1.2007355152948957,1.3370926221592816,0.6846184128558788,0.6158429334862117,1.0155557461514557,1.941448053161214
Senne Lynen,Senne Lynen,Werder Bremen,D M,2766,30.73,31,-2.7660243194054086,0.31059181463191604,-0.9661568511709584,0.7490606878093025,0.7839839445507869,0.06591976974895533,-0.9744735871108807
Yukinari Sugawara,Yukinari Sugawara,Werder Bremen,D S,2444,27.16,31,-1.8635424124935098,-0.8276325030864021,-0.19135893857119746,1.2351249008896947,-1.2520951708284154,-0.1916206228505905,-1.180079958367165
Aaron Zehnter,Aaron Zehnter,Wolfsburg,D M S,1467,16.3,20,-2.6727052023351447,-0.9868214139298978,0.9071553538935792,0.7386633534249282,-1.314721756344907,0.22373037770946466,1.185668677085367
Adam Daghim,Adam Daghim,Wolfsburg,F M S,1328,14.76,27,1.2690960911451397,-2.3357911103183007,-1.0293346861915351,1.5677679664779183,-1.9892526607191618,-0.6678530849260423,-0.7296061183591546
Christian Eriksen,Christian Eriksen,Wolfsburg,M S,2446,27.18,31,1.5739634512376852,-0.6997390891946781,1.6466513507102971,2.671758773999716,-1.7197324507609555,-1.3376834998252627,-1.713858565058962
Denis Vavro,Denis Vavro,Wolfsburg,D S,1168,12.98,17,-3.5309535923803925,5.807135854678999,-2.2693431845858663,-3.6535285618547593,-2.7613822391736873,-1.3670602996248011,0.3173573395380353
Dzenan Pejcinovic,Dzenan Pejcinovic,Wolfsburg,F S,1445,16.06,30,1.6830122520775657,-5.359036442389417,-0.750692441879731,-1.5607252365281346,-0.4379129288193373,-1.940143941564967,0.27104543626118294
Joakim Maehle,Joakim Maehle,Wolfsburg,D M S,1226,13.62,16,-1.041115581836828,-0.4950650652619835,0.372477961078747,0.937354027893856,0.8523376278933608,-0.9125742425190511,-0.026844100435215647
Konstantinos Koulierakis,Konstantinos Koulierakis,Wolfsburg,D S,2476,27.51,29,-3.8726235479215525,0.9371552067001117,0.08022753062448604,-0.3084726643004499,-1.2529735929487467,-0.025680563998981325,-0.09176857308510271
Lovro Majer,Lovro Majer,Wolfsburg,M S,1390,15.44,28,4.330115893547416,1.3337552298547688,-1.2035921149874016,0.6532154404616353,-0.05297975953999691,0.4004712198034327,-0.34181006140830744
Maximilian Arnold,Maximilian Arnold,Wolfsburg,M S,1837,20.41,25,1.2000929950652797,3.6190237806895036,0.1487697916092867,1.7825462199958402,0.42835532839363305,0.46048651925049877,0.4466674728801782
Mohammed Amoura,Mohammed Amoura,Wolfsburg,F M S,1949,21.66,30,2.2051093430114985,-4.136666630103078,-0.3878169623604593,-0.22783215112249994,-0.4985915588376964,-1.5979776507785755,-1.257504940031115
Moritz Jenz,Moritz Jenz,Wolfsburg,D S,1795,19.94,22,-4.817128045140347,-0.3604752571701875,-0.4008134395563269,0.3417867129328997,-0.6760413419653707,-0.8613496517827158,1.7110396571357263
Patrick Wimmer,Patrick Wimmer,Wolfsburg,F M S,1678,18.64,25,2.2315261387592544,-0.2592462633956967,-1.234213038544605,1.2791341084009964,0.0030690892036507457,0.6066562800816074,0.8030494101476878
Sael Kumbedi,Sael Kumbedi,Wolfsburg,D M S,1825,20.28,24,-2.3166753803853215,-0.8195132753931136,-0.6620227333042488,3.033333702113117,-0.7301030999037524,0.05198980317359065,-0.615864112113337
Vinicius Souza,Vinicius Souza,Wolfsburg,M S,1794,19.93,24,-2.3941781166153873,2.6108378314402585,-2.3893809248205407,0.21078612502048033,1.6642117763597963,0.40835363007444936,-0.3689960840671451
Yannick Gerhardt,Yannick Gerhardt,Wolfsburg,D M S,1080,12.0,19,0.3840853325975445,0.33040317268964425,-1.9521115852537305,0.7737131930085267,1.2195316270368202,-1.5324466016362428,0.2274205460629096
Adrien Rabiot,Adrien Rabiot,AC Milan,M S,2546,28.29,29,-0.33373423292354165,-0.20833895572030703,1.474642538507395,-0.6514356161701318,0.5918013621070458,0.7294682242618263,1.1609979972653683
Alexis Saelemaekers,Alexis Saelemaekers,AC Milan,D F M S,2819,31.32,35,0.5833916430033333,0.16039224499051616,1.4583863045918484,0.8175695593721205,0.13709668873093472,1.3750950428398951,-0.43343788571158776
Christian Pulisic,Christian Pulisic,AC Milan,F S,1612,17.91,30,5.954631465544421,-0.7744112288622796,1.6768606785579223,-0.1129715828695159,-2.363671192311971,0.9195120810322561,0.5928859027259875
Christopher Nkunku,Christopher Nkunku,AC Milan,F S,1343,14.92,32,1.0621021446765317,-4.343196215220448,1.5377496682575171,-2.5574610194335716,0.9742328879890527,-0.22352383277235005,-1.2464705980952555
Davide Bartesaghi,Davide Bartesaghi,AC Milan,D M S,2447,27.19,31,-1.0023019141459553,-0.5053396217464114,1.7210092355402247,1.8875825230531011,-0.2012209447697518,-0.47497138996126576,0.33895935521423337
Estupiñán,Estupinan,AC Milan,D S,1045,11.61,19,1.3325130619156529,2.5408071853523304,2.136630136854675,-0.05743803907744199,1.5712119646268436,-1.3337420821952202,0.2557197802792155
Fikayo Tomori,Fikayo Tomori,AC Milan,D S,2572,28.58,33,-3.993863366519598,0.3572472855622889,0.5207678971762777,-0.13861407268207152,0.6639691141697593,0.1746896714806179,-0.9460729401856431
Koni de Winter,Koni de Winter,AC Milan,D S,1797,19.97,26,-3.563588932788077,0.8495384912874865,0.20696001007222434,-1.0510231831005334,0.8767997151044005,0.1377819981465881,-0.7444403376728574
Luka Modric,Luka Modric,AC Milan,M S,2827,31.41,34,-0.13948349269315868,2.740793119731617,3.5219021671859028,-0.0919135987620992,0.5154479318650111,-0.8591623345779161,0.23730495088155162
Matteo Gabbia,Matteo Gabbia,AC Milan,D S,2531,28.12,30,-4.652492121295124,-1.2012079083683913,-0.08156645724365821,-0.9460074003700675,-0.5763484626458336,-1.1530848977279704,-1.349544665483966
Rafael Leão,Rafael Leao,AC Milan,F S,1874,20.82,29,5.4157553270100065,-1.242467031222885,0.8995965318378462,-1.2598486982245733,-1.6233635497277297,2.571048168248753,0.20614686591135856
Ruben Loftus-Cheek,Ruben Loftus-Cheek,AC Milan,F M S,1122,12.47,28,3.368475367363285,0.8205745724311774,-0.7770434989168223,-2.1583276636028654,1.441059652857706,1.7917789360244594,0.1369224336575794
Samuele Ricci,Samuele Ricci,AC Milan,M S,1273,14.14,31,1.5532331987956902,3.939762572376234,-0.01635251834436726,-1.652277463976884,0.9932437519312289,0.2705503680421139,-1.0855958443289442
Strahinja Pavlovic,Strahinja Pavlovic,AC Milan,D S,2876,31.96,34,-2.961432293427322,0.10407408080103811,1.472221902692831,-1.1506906688085723,-0.1196238349547587,-0.23899355050988272,1.548093633418849
Youssouf Fofana,Youssouf Fofana,AC Milan,M S,2231,24.79,33,2.296694209136083,2.145097481241439,-0.4525709629498777,-0.24964489857293462,-0.09803098578711358,0.0266981649367982,-1.5554989283917835
Berat Gjimshiti,Berat Gjimshiti,Atalanta,D S,2522,28.02,34,-4.477440013024739,0.5371485879739472,0.6085697808075636,-1.8742638355739905,0.11965119122372214,0.9365417964421265,-1.5653970819683105
Charles De Ketelaere,Charles De Ketelaere,Atalanta,F M S,2206,24.51,31,4.399352496392109,-1.0883687363196997,2.6922864414103103,1.4536218639274883,-0.8774051970208105,0.23111731047498188,-1.4082607673525949
Davide Zappacosta,Davide Zappacosta,Atalanta,D M S,2605,28.94,35,-0.3402241508364227,-1.4933437823797973,1.3840374293619744,1.5760417691224646,-0.8562798965691365,-1.0622995128003165,-0.3416834828524632
Gianluca Scamacca,Gianluca Scamacca,Atalanta,F S,1318,14.64,24,5.0825802292652185,-3.7180227031210675,-0.23734229915559893,-2.95773011517604,1.1942046450926285,-0.5641157355924719,1.0292812955372708
Giorgio Scalvini,Giorgio Scalvini,Atalanta,D S,1841,20.46,24,-1.5749550671654002,3.0588943706591265,-0.5323068737296115,-0.7230279135197112,-0.8514307506954558,-0.8980937740882698,-0.973621318091377
Honest Ahanor,Honest Ahanor,Atalanta,D S,1368,15.2,22,-3.5801828558805875,-0.055912599548861214,-1.1019033005728553,-0.9033404837881568,-0.0575263987281842,1.7497554767463677,-1.4682708144527414
Isak Hien,Isak Hien,Atalanta,D S,1951,21.68,28,-3.7985809663807504,0.7648591861234848,-0.3167136952485173,-1.1051185141120117,1.6517966696268425,0.25882098287547045,-0.7382799237672724
Lazar Samardzic,Lazar Samardzic,Atalanta,M S,1005,11.17,26,9.698318707955908,5.133154263193356,0.12011538535393192,2.025008988376564,-0.2232944348835037,0.29425855760496983,-0.27372421470271435
Lorenzo Bernasconi,Lorenzo Bernasconi,Atalanta,D M S,1570,17.44,23,-1.3521890387935989,-0.13705942642381932,2.247296422649557,2.5173325281359533,-0.9243507588128587,0.3336363433234574,-0.955660916855555
Mario Pasalic,Mario Pasalic,Atalanta,M S,1922,21.36,33,1.3277935995832768,-0.5410213460334614,3.1332866655948384,-1.5841603799818873,0.2132403700925197,-1.5946376938275573,-0.8176659475919987
Marten de Roon,Marten de Roon,Atalanta,D M S,2720,30.22,34,-1.5625672168009517,2.503382453732302,1.6677855016599386,-0.8731116012720559,0.3378949651283126,-2.1177252370086923,1.2093630809418043
Nicola Zalewski,Nicola Zalewski,Atalanta,D M S,1917,21.3,33,1.7825111130279023,-0.4910320685495408,0.8945538223089834,1.6006660875271255,-0.9735087312692248,1.4034928368505033,-0.5735401354011671
Nikola Krstovic,Nikola Krstovic,Atalanta,F S,1781,19.79,33,7.118288623012948,-4.687426246419683,-2.744945966339207,-3.528308044373923,-1.1372565049695027,-0.18420687813176223,-2.948033416394863
Raoul Bellanova,Raoul Bellanova,Atalanta,D M S,1374,15.27,24,3.1727135482390776,3.8096600428661587,0.7557411971333854,1.5341383465614236,-0.43048860065436917,3.172186421072588,0.026469000408129034
Sead Kolasinac,Sead Kolasinac,Atalanta,D S,1233,13.7,19,-2.0407532198155174,3.956988816013626,-1.3019039083428035,-0.746864172935292,0.7377872259930277,0.5578925942547396,-0.023471469779826955
Éderson,Ederson,Atalanta,M S,2253,25.03,30,1.441849040240585,2.540433778017644,1.7800925496555866,-1.6379033268016874,-0.3531954055411969,-0.22661963210200567,-1.9345553334469698
Marco Brescianini,Marco Brescianini,"Atalanta,Fiorentina",M S,1018,11.31,26,4.1676752863067685,1.716086094717759,-2.5107416624501,0.732868146415748,0.31784754446057506,-1.0143242920015842,0.729032439678633
Federico Bernardeschi,Federico Bernardeschi,Bologna,F M S,1198,13.31,29,3.444667277587647,-0.9010943542053144,3.4172776909422695,0.0822681534859277,-0.12917952195790328,0.1302668437485047,0.5514252329147368
Jens Odgaard,Jens Odgaard,Bologna,F M S,1391,15.46,26,3.0036722227848376,-1.9279055637328928,-2.0964569857229023,0.49132580887544364,0.7690398907822141,-0.08803892672691756,1.9336806727708076
Jhon Lucumí,Jhon Lucumi,Bologna,D S,2282,25.36,29,-3.8581426169792445,2.3946484808501145,0.9329645187457835,-1.703132456580575,0.4656276560829555,1.1476140419416296,-0.7710643167374749
Jonathan Rowe,Jonathan Rowe,Bologna,F M S,1612,17.91,28,2.148993706238021,-2.6617029082155557,-1.066336489945364,0.5042015005101559,-0.928286247481599,2.70982243936732,-0.4296775920770903
Juan Miranda,Juan Miranda,Bologna,D S,2576,28.62,32,-1.289658977009598,1.8319234119127537,2.074269786122691,1.4968570365261895,-1.4673656708840908,0.7075843543306441,0.38907746771115276
Lewis Ferguson,Lewis Ferguson,Bologna,M S,1576,17.51,27,2.7632438514116995,3.0534320584116434,-0.9766723514074006,-2.0530231065630713,2.055633892049785,0.6285530284679776,0.467676004096614
Martin Vitík,Martin Vitik,Bologna,D S,1320,14.67,19,-4.770787405540902,-0.10762145012473534,-1.5818191969660162,0.08609132382835676,-1.082930509491013,0.5955055726343791,-0.46221034684264234
Nadir Zortea,Nadir Zortea,Bologna,D S,1776,19.73,32,1.1588240805457548,-1.0402452145432128,-1.2068717130989337,2.7747860947656022,0.27024529163694266,-0.6044005555264964,0.9318792243982952
Nicolò Cambiaghi,Nicolo Cambiaghi,Bologna,F M S,1510,16.78,28,5.060071685030353,0.003013084516174095,-2.251565809557632,1.0167598298488376,1.815507229593069,3.116110573784171,0.332484464515801
Nikola Moro,Nikola Moro,Bologna,M S,1784,19.82,30,-0.9441212308364092,2.431310427751321,1.7514476846949503,-0.37140056434394575,0.29545341992807955,-0.20229918281234185,0.06899747659693521
Remo Freuler,Remo Freuler,Bologna,M S,2236,24.84,29,-0.8666020844885957,2.7854843811134917,0.03230328306618924,0.23394685697047043,1.7010774894891671,-1.844821409532751,-1.0856233198958116
Riccardo Orsolini,Riccardo Orsolini,Bologna,F M S,2146,23.84,35,1.1689967794201406,-3.0954216733769564,-0.42604651900265705,-1.4129717918405627,-1.4718819183481153,1.0852983718885072,0.5627116700475517
Santiago Castro,Santiago Castro,Bologna,F S,2381,26.46,35,0.6706229337016814,-4.597110854958936,-0.23423576142407332,-1.8381943807232834,1.2103787198536449,0.6262645451873232,-0.3526556428133157
Tommaso Pobega,Tommaso Pobega,Bologna,M S,1446,16.07,26,-1.8530879580431492,-1.080040699816583,-1.3017759109193252,-0.08623415340723367,0.4913520297220947,-0.4380509036037146,1.0730906709179193
Torbjørn Heggem,Torbjorn Heggem,Bologna,D S,2109,23.43,27,-4.326383063466375,-0.41518138050415415,-0.1255784852410989,-1.0685126702219259,1.183280273269697,0.7060009667256174,-0.9922580361535458
Giovanni Fabbian,Giovanni Fabbian,"Bologna,Fiorentina",M S,1160,12.89,29,-0.8772947476507479,-3.074000180273697,-0.3915209806041898,-0.44403601568929185,0.8831793624530012,0.03840682080317065,-0.11392830577879384
Simon Sohm,Simon Sohm,"Bologna,Fiorentina",M S,1447,16.08,28,0.5128807633307368,1.8179858232827795,-0.14687203062553814,-0.8674483151353033,1.0195822874523,-0.07036789259790302,-0.13414604501243557
João Mário,Joao Mario,"Bologna,Juventus",D S,1003,11.14,20,-1.564979458850737,0.3286081618463125,0.013559632450406872,1.116741724223074,-0.12308797096469376,1.050651365638035,1.4366469561261628
Adam Obert,Adam Obert,Cagliari,D S,2813,31.26,35,-2.932673210143998,0.07316805272018997,-0.0462021548554492,1.1906162923121641,-0.4893879357342156,0.3927621130823196,-1.1255460502157688
Alessandro Deiola,Alessandro Deiola,Cagliari,D M S,1444,16.04,20,-0.9808039004574762,-1.1187330000102034,-2.3975142941721543,0.2643258870646881,0.190850861528615,-0.376947116443888,-1.4551597765386401
Gabriele Zappa,Gabriele Zappa,Cagliari,D S,1583,17.59,31,-0.46865152676574967,3.3549016996627774,-0.7956701084583451,0.8791938877638983,-1.9927477347192766,-1.5196941655763634,0.396024248178742
Gennaro Borrelli,Gennaro Borrelli,Cagliari,F S,1263,14.03,27,0.850035376726115,-3.6688756643743803,-1.0747583751367986,-2.708585013964614,3.0760716877239824,0.4271932291789623,0.930826419638774
Gianluca Gaetano,Gianluca Gaetano,Cagliari,F M S,1920,21.33,33,-0.3106891241078505,0.16412193419487797,0.38570974021827154,0.8241754754945474,-0.37519426508450077,-0.18549823971499083,0.15353538227653318
Juan Rodríguez,Juan Rodriguez,Cagliari,D S,1327,14.74,17,-5.3132982270855855,0.11701708743806266,-0.349179292492981,-0.9745335598155996,-1.296523777304302,1.3372066767293163,2.4730522756355224
Marco Palestra,Marco Palestra,Cagliari,D F M S,3087,34.3,37,-1.3351414775639716,-0.9723089080129673,0.36868623643234716,1.212798354865604,0.6580868865647742,3.1077935681869304,0.1821163416105443
Michael Folorunsho,Michael Folorunsho,Cagliari,D F M S,2032,22.58,27,0.5322954557602665,-0.9252178721204162,-3.7836467480359506,1.200067508777773,0.21338575204325305,0.15614712015977159,0.3482263403774553
Ndary Adopo,Ndary Adopo,Cagliari,D M S,3074,34.16,38,-1.8158479990156344,-1.8023226584448018,-0.4456617504884664,0.9903656841358691,0.899341981190228,-0.11897533861678487,-1.0007138992390037
Sebastiano Esposito,Sebastiano Esposito,Cagliari,F M S,2751,30.57,36,1.8110588713278426,-0.9249596579218389,0.7331421788084665,1.6057500826762898,0.5480799396219325,-0.06430509824215704,0.8830200641638659
Yerry Mina,Yerry Mina,Cagliari,D,2162,24.02,26,-3.720322844708383,1.820944026097577,-1.3679434380599116,-0.5808614908418841,-0.7000210490231671,1.8913179825298436,0.6771191417486101
Zé Pedro,Ze Pedro,Cagliari,D S,1723,19.14,23,-3.932040110014486,-0.013686677720188079,-1.1343293248159085,0.49526780210911064,0.42631208675684057,-0.34351240469282757,-0.8707047168079783
Sebastiano Luperto,Sebastiano Luperto,"Cagliari,Cremonese",D,3024,33.6,34,-4.710000940061877,0.3610363728893692,-0.5875237365735873,0.026549698711205882,-1.6571860535837795,1.3188037703754132,0.5656803389670729
Matteo Prati,Matteo Prati,"Cagliari,Torino",M S,1893,21.03,33,-1.692564773875999,-1.013972602764737,-0.7087116756716885,1.457524104455333,-0.5629566959446713,0.13949727435640943,-0.3679372949478297
Alberto Moreno,Alberto Moreno,Como,D S,1240,13.78,19,-0.6250426515453975,1.5808153270871865,1.1627315550078903,1.0174170161030953,-0.029094666929549172,-0.7853608071713994,-0.6248407236126798
Assane Diao,Assane Diao,Como,M S,1098,12.2,17,2.769607359020387,-2.9360361265644324,-0.8724564880112584,-1.6220907666184696,3.1252374945832657,0.6385061433551023,1.1060644265172972
Diego Carlos,Diego Carlos,Como,D S,1946,21.62,27,-4.409757747869843,-0.5768168463494485,-0.49966036052031654,-0.995975336453302,0.303877166352005,-2.0053192029096265,0.008954412136270668
Ivan Smolcic,Ivan Smolcic,Como,D S,1685,18.72,28,-2.773070208221793,0.4068257026610968,0.6966767239735282,0.12708411094657054,-0.18387310474920338,0.6562365834561499,-0.95766514613336
Jacobo Ramón,Jacobo Ramon,Como,D S,2744,30.49,32,-2.8415671356220233,0.36567147171927206,0.23468804373857535,-2.4102595018433335,-0.8887002878853336,0.19199096552921,-2.1891658011026216
Jesús Rodriguez,Jesus Rodriguez,Como,F M S,1728,19.2,31,2.894180645781171,-2.662203786232084,1.5028181061763102,0.832636545158171,-0.32538971989270676,1.016388569904242,-1.474324711915403
Lucas Da Cunha,Lucas Da Cunha,Como,M S,2765,30.72,36,0.8774351781890436,0.5644945676013245,2.4233786836963955,-0.0629824940687797,0.20773073875733286,-0.49417621429348485,-1.1103552104520573
Marc-Oliver Kempf,Marc-Oliver Kempf,Como,D S,2317,25.74,34,-3.5180101752863155,-0.2465591996360243,0.13281047459877135,-1.154948971882382,-1.2537232939940857,-1.4037705124285904,1.2855888714559671
Martin Baturina,Martin Baturina,Como,F M S,1579,17.54,29,4.054805290547015,-0.005319398217099755,4.606611978561876,2.6608592635075943,-0.1393503792843857,0.09549575496225658,2.9538607020534946
Maxence Caqueret,Maxence Caqueret,Como,M S,1493,16.59,30,6.126311797011921,8.5687526757925,-0.21855315342259898,1.0989314204254648,2.8463121843179717,-0.6918837251810217,-1.0960208709960626
Mergim Vojvoda,Mergim Vojvoda,Como,D F M S,1602,17.8,30,-0.5169859071195674,0.0841892051930081,1.5398529986336484,1.2331474881275057,-0.24021244887562673,-1.2737605586225853,0.20801163286675176
Máximo Perrone,Maximo Perrone,Como,M S,2758,30.64,36,-0.6956178116010306,0.8181714013638632,2.6448465498213287,-0.8230130629389331,1.4369237785535969,-1.6893082920960534,0.38061252910960697
Nico Paz,Nico Paz,Como,F M S,2905,32.28,35,3.6606085456461783,-0.19951161922261423,0.9075368802792699,-0.1106050081575006,0.09530894138400792,0.9481349669678891,2.6903229466588714
Tasos Douvikas,Tasos Douvikas,Como,F S,2279,25.32,38,1.33357062256171,-5.711324032674463,-0.3948242248792659,-2.639087497796473,-0.09336441708940221,-0.5311847017943215,0.06216244006447316
Álex Valle,Alex Valle,Como,D S,2028,22.53,28,-2.3901583560126505,-0.11838970860238793,0.04427831612055741,1.119940006384835,0.3552501447095074,-1.0405383006687645,0.0524927061488115
Alberto Grassi,Alberto Grassi,Cremonese,M S,1758,19.53,30,-2.702153516687789,0.20626353151385937,-2.1023783591758898,0.30048578684002547,-0.24113710121766677,0.42614865518004996,0.3394986998956649
Alessio Zerbin,Alessio Zerbin,Cremonese,D M S,1643,18.26,32,-0.12350547101892675,-2.1483167070260767,-2.0758063088580325,3.2092989984726126,0.5466329979951089,-1.544721665088935,-1.6003695987440643
Federico Baschirotto,Federico Baschirotto,Cremonese,D,2540,28.22,29,-5.2015797607584355,0.7431087776493726,-0.7886701849531801,-2.0078882357650927,-0.9589953743956411,1.2858405187897521,1.2620282511569092
Federico Bonazzoli,Federico Bonazzoli,Cremonese,F S,2571,28.57,35,0.5692272859715691,-2.5823663793794265,0.09485534613949806,-1.534346299900498,1.7008430427136587,1.2335279944558182,0.9566403386093612
Filippo Terracciano,Filippo Terracciano,Cremonese,D S,3023,33.59,36,-4.237471595581179,0.017928005471582433,-0.13000320682880925,-0.5981014799945774,-0.47164649484259724,0.6716377413432859,0.9302157917229241
Giuseppe Pezzella,Giuseppe Pezzella,Cremonese,D M S,2599,28.88,31,-1.5906776994208436,-0.44428280941826964,-1.4196496005823975,3.172273884925564,-1.2089369918232933,-0.3030650586319897,0.14412039572997226
Jamie Vardy,Jamie Vardy,Cremonese,F S,2120,23.56,29,-0.45274392449216866,-4.543389147418415,-0.9145095178117609,-0.7304549697946074,-1.209468614339501,0.20667860826840045,1.252871928021862
Jari Vandeputte,Jari Vandeputte,Cremonese,M S,1977,21.97,32,1.256188070040258,-0.28292775637800877,0.5981841635737496,3.562527840667,-1.1706666721599013,-0.9550399369906386,-0.8078433956476202
Martín Payero,Martin Payero,Cremonese,M S,1469,16.32,25,0.43208729264540835,0.02380892547692008,-2.5785650229557313,1.4069620691415992,1.7689515556199686,0.4660561388993944,-0.04247680909436477
Matteo Bianchetti,Matteo Bianchetti,Cremonese,D S,2222,24.69,27,-4.803849079240951,0.41072079063548045,-0.9912309357390937,0.0002020404418903238,-0.8203421230828839,0.46926384320738107,-0.4830423740918149
Romano Floriani,Romano Floriani,Cremonese,D M S,1156,12.84,28,-2.6637763664764007,-2.103092956559082,-1.8146428124781155,3.174737829295977,-0.5631168167523092,-0.5584334189640535,-0.2504618413311768
Tommaso Barbieri,Tommaso Barbieri,Cremonese,D M S,1696,18.84,29,-1.5289016866760514,-0.7253019382711116,-1.7591326915385619,1.9336468978001555,0.33789009749096377,0.27417076691737907,-0.8106438566608707
Warren Bondo,Warren Bondo,Cremonese,M S,1788,19.87,27,-2.5857178202490774,-0.674322509092708,0.20178169653371816,-0.08616241567001762,3.0464740292762342,2.5242434803298295,-0.3298991418606304
Morten Thorsby,Morten Thorsby,"Cremonese,Genoa",M S,1390,15.44,24,-0.2963507256209843,-1.6162810182780003,-3.014331838292812,1.2714298767071226,0.6669221155155448,-0.47360733918340486,-0.2444474762366829
Youssef Maleh,Youssef Maleh,"Cremonese,Lecce",M S,1574,17.49,23,0.28314175284249327,2.8404175886665213,-2.917778868759544,1.5351240111100208,2.057744262822957,0.05659693268937828,-0.5466641952183671
Albert Gudmundsson,Albert Gudmundsson,Fiorentina,F M S,2290,25.44,33,1.2509292179356029,-2.8295476120132625,1.3341766167821225,0.28826404302337755,2.0662885911507187,-1.0406089752251455,-0.9150654147611563
Cher Ndour,Cher Ndour,Fiorentina,M S,1875,20.83,33,-1.654395075621971,-1.6418782444881967,-0.3835830363757871,-0.003993425013788225,1.3523742148567066,-0.6439610432834055,0.6176321111294526
Dodô,Dodo,Fiorentina,D M,3158,35.09,36,-1.277976543881379,0.04581325133071709,1.4549167190323993,1.7790829815716669,-1.0540105228810956,1.3628838854234255,-0.2135210412634062
Fabiano Parisi,Fabiano Parisi,Fiorentina,D F M S,1550,17.22,23,-0.19516870213466156,0.029941529361769664,0.3607343656346202,0.2735053157462258,0.2942251019532529,2.8441312875607276,0.1682144861824348
Luca Ranieri,Luca Ranieri,Fiorentina,D S,2489,27.66,34,-3.8408141465973427,0.9364629915308984,0.10155674574954549,-0.6588538352174259,-0.8617246937402495,0.3404156563710612,-0.01647727238150126
Marin Pongracic,Marin Pongracic,Fiorentina,D S,2923,32.48,35,-4.304786637034015,1.3787380345120308,-0.7713095648333138,-1.0229959611393538,-0.35004977660103104,0.5465400394845865,-0.5862009475428828
Moise Kean,Moise Kean,Fiorentina,F S,2042,22.69,26,3.8370503741262323,-6.096789816286253,-3.0788086278403624,-5.449881709692978,-0.35203471408659526,1.580147578345924,-2.9436737199828666
Nicolo Fagioli,Nicolo Fagioli,Fiorentina,M S,2588,28.76,33,0.8878929363333091,1.2829606133116598,3.0590957947476114,0.793214681294607,0.2749427207259875,0.6539412219868992,-0.4605986034595576
Pietro Comuzzo,Pietro Comuzzo,Fiorentina,D S,1697,18.86,27,-3.9681413650620097,1.0884407538265806,-0.3519417580259646,-0.8438529556749138,-0.271544493921538,-1.7091124548450547,1.1840472186054618
Roberto Piccoli,Roberto Piccoli,Fiorentina,F S,1653,18.37,32,4.556575719016582,-5.134621517444444,-5.221340986205584,-2.612632650677473,-1.6323344683144845,-0.24883076315113553,-1.0369596874856088
Robin Gosens,Robin Gosens,Fiorentina,D M S,1908,21.2,26,-2.0453727741027397,0.5664890579315116,-0.8416691503407824,-0.14565260295792515,-0.8885468444365663,0.3126720957917145,1.9329918145895786
Rolando Mandragora,Rolando Mandragora,Fiorentina,M S,2470,27.44,34,-0.6019466062749627,-0.8605782758403058,0.47299297233421944,0.3328715895309626,-0.7188365838734563,1.065548667937909,1.8459808952306744
Hans Nicolussi Caviglia,Hans Nicolussi Caviglia,"Fiorentina,Parma Calcio 1913",M S,1456,16.18,26,3.7321441184544994,4.3914812146131945,-2.5743578901788635,0.777890240256912,1.5638917281203832,-1.0571763473833131,-0.2453138514180847
Aarón Martín,Aaron Martin,Genoa,D M S,2167,24.08,33,0.6241792775593105,2.071520771329993,0.7715935786557199,4.1637801618259624,-1.3325488004277657,0.6219138632867711,-0.05778460493606921
Alessandro Marcandalli,Alessandro Marcandalli,Genoa,D S,2597,28.86,32,-4.64616258857638,-0.5716314148814785,-0.19336021015218893,0.8514957020137687,-1.0155556289389245,1.002709147886158,-0.07778188816039146
Brooke Norton-Cuffy,Brooke Norton-Cuffy,Genoa,D M S,2221,24.68,27,-1.6489864152662643,-1.5678893585055156,0.2502030089487905,1.316682002160835,0.33563369091183415,1.0767852868455707,0.7545760948569562
Johan Vásquez,Johan Vasquez,Genoa,D,3219,35.77,36,-4.085953878577856,0.4922995605100336,-0.6266412701145279,0.06571990415286257,-0.9416515119401904,1.0090713451726439,-0.10764698508038802
Leo Østigard,Leo Ostigard,Genoa,D,2631,29.23,30,-4.45782332150813,0.451496459812594,0.0847596252425235,-2.5231509404242263,-1.4132524322288889,0.5824529102534516,2.6213297339821544
Lorenzo Colombo,Lorenzo Colombo,Genoa,F S,2373,26.37,38,0.8836073555838494,-4.891400545453801,-2.248144126517764,0.20473573283029253,-0.5864317324643923,-0.08873675151434035,-0.4115416288620609
Mikael Ellertsson,Mikael Ellertsson,Genoa,D M S,2770,30.78,36,-2.2011634834729725,-2.8720464892388033,-1.405087329895218,2.5416612467141975,-0.350921032067916,0.017531989455478153,-0.3973880174790242
Morten Frendrup,Morten Frendrup,Genoa,M S,3093,34.37,36,-2.9431479349916754,0.6553188068217108,-0.9423775032402323,0.9713943598070711,0.7961459888083638,1.5018885019751542,0.8811372098367973
Patrizio Masini,Patrizio Masini,Genoa,M S,1379,15.32,28,-1.7142637829452105,0.5409324840744654,-1.8722557221160068,0.15513659963275425,1.085788050159091,1.002228441298887,-0.4286470665422636
Ruslan Malinovskiy,Ruslan Malinovskiy,Genoa,M S,2279,25.32,34,1.463950094928917,-0.13665299734550804,1.296668142000545,1.1599800164724852,0.24799961148610902,-0.6873553386789535,0.7391515153049034
Vitinha,Vitinha,Genoa,F M S,2262,25.13,35,1.7518402200569223,-3.3496147743578346,-2.4756935185388227,0.3336089871217037,-0.06448660465136334,1.1424789412846905,-0.4307073990672814
Alessandro Bastoni,Alessandro Bastoni,Inter,D,2269,25.21,28,-1.691493964509372,2.7675692928026834,2.244415884350419,-0.9465592503272647,-0.66424738122363,-0.1373604016000227,-0.7209842501025607
Ange-Yoan Bonny,Ange-Yoan Bonny,Inter,F S,1112,12.36,33,7.298391191886949,-1.4342970148669882,-1.5936940782813287,-1.0758468126003489,0.17456603787318178,1.7527498050004966,0.658444628131334
Carlos Augusto,Carlos Augusto,Inter,D S,1745,19.39,34,-2.312135825012863,0.6078641378318943,1.3724704417709928,-0.9603196052122511,-1.2015129205967985,-0.13902824445799483,-1.080040237942413
Denzel Dumfries,Denzel Dumfries,Inter,D S,1332,14.8,20,2.2158444124979537,-1.159411211366857,-1.6772778300484361,-1.0207833477908586,-0.42397100280484457,-1.5185019198684446,0.42144761260858915
Federico Dimarco,Federico Dimarco,Inter,D S,2709,30.1,35,5.106826224149097,0.025733492222989433,4.519102698640169,2.5390697792009624,-2.66575395372612,-0.9101294329487275,-0.9078741935870396
Francesco Acerbi,Francesco Acerbi,Inter,D S,1380,15.33,18,-3.201899723796391,4.008791486889993,0.7776558152959545,-3.248782632959679,-0.6304078166837835,0.40194683105830925,1.0215666064651634
Francesco Pio Esposito,Francesco Pio Esposito,Inter,F S,1535,17.06,35,2.805466599764154,-4.861494170188574,-0.6733497343328934,-3.8126610651370982,-0.46164631100539155,0.20687120343081744,-1.4783797338950917
Hakan Calhanoglu,Hakan Calhanoglu,Inter,M S,1674,18.6,22,4.337741185638874,6.113751530763868,3.3162653528822488,-1.0559651050527126,0.20134288770623562,-1.4167851938162657,2.615603527447955
Henrikh Mkhitaryan,Henrikh Mkhitaryan,Inter,M S,1547,17.19,30,4.63690870090028,4.429771843353933,3.174497316431106,-2.3539327223244815,0.4210623564826845,-1.7019458321230474,-2.4664469399605586
Lautaro Martínez,Lautaro Martinez,Inter,F S,2205,24.5,30,5.395283449863875,-3.8210225899810446,0.5326423782987812,-3.6646307408919845,-1.2500999077430912,-1.0084683457099697,0.3708507090472125
Luis Henrique,Luis Henrique,Inter,D S,1617,17.97,30,2.531095005768131,1.1323508830215991,2.6494465870533053,0.6986217258021665,-0.2615815811596631,0.16597332839567774,1.1663312263267918
Manuel Akanji,Manuel Akanji,Inter,D S,2814,31.27,33,-3.3364245123538336,1.0987563223728798,2.490820345496724,-1.7856869189718392,0.5668243695509311,-0.22133981911399914,-0.4409512492903161
Marcus Thuram,Marcus Thuram,Inter,F S,1933,21.48,29,2.9451529364349267,-3.330757561643596,0.06692450902248896,-2.488613195960062,-1.76433263891868,1.6913295286143153,1.4323017455483316
Nicolò Barella,Nicolo Barella,Inter,M S,2561,28.46,34,2.158566342273012,1.7031727699753383,2.986254404635062,0.3441657968373214,-0.3740060366839057,-1.3873077342068427,-1.5433142949693444
Petar Sucic,Petar Sucic,Inter,M S,1763,19.59,34,1.1093109984900251,0.8697246316431447,2.900013507090129,-0.3440943601028393,1.1213763753197377,-1.0983163915554344,-1.0347961643217494
Piotr Zielinski,Piotr Zielinski,Inter,M S,2048,22.76,34,-0.044558308434981146,1.289200413440898,4.563561644136377,-1.3393352501126858,0.8273203227555983,0.3569113460864707,2.3576167612698535
Yann Bisseck,Yann Bisseck,Inter,D S,1924,21.38,23,-2.6079069665521866,0.21353555726218496,1.8701147813679602,-2.1031310655640048,-0.9823984247141835,0.2820435096733185,0.36596359133985334
Andrea Cambiaso,Andrea Cambiaso,Juventus,D M S,2846,31.62,36,0.3647052113384573,-0.03567600528239714,3.068784347900507,1.0869445018337796,0.5242404563536848,-0.81845627637093,-0.2899112113406733
Bremer,Bremer,Juventus,D S,2187,24.3,26,-3.476699577905094,-0.49314967534623855,0.5230209120271404,-1.247854319939028,-0.14032961142063674,-1.724632310759297,1.3735458739699284
Federico Gatti,Federico Gatti,Juventus,D S,1081,12.01,21,0.3666766737669725,4.338261830761098,-2.932383475589265,-2.395268722694092,-1.035002862110895,-1.5647499857078935,0.5309860363533149
Francisco Conceição,Francisco Conceicao,Juventus,D F M S,2124,23.6,31,4.277850654760978,-2.215029448945344,1.2440331913189677,-0.9347669172837236,-0.48623025402218617,1.574870799180658,-3.593690058900156
Jonathan Christian David,Jonathan Christian David,Juventus,F S,1784,19.82,35,2.8310251090175864,-4.87122928502826,0.027569177521707094,-1.2048002562896314,0.06308195289623894,-1.9470006759070926,-2.805206060475373
Kenan Yildiz,Kenan Yildiz,Juventus,F M S,2877,31.97,36,4.2015745997481595,-1.5709822709998449,2.8150413925218594,0.25021949302938906,-0.8885156637227892,1.4082668126474276,1.204527249919182
Kephren Thuram,Kephren Thuram,Juventus,M S,2481,27.57,35,-0.393551611633674,-0.1276484601080843,1.3145122102473832,-1.120847064340922,0.7149149632719084,0.5412420530753196,-0.9324296892443233
Lloyd Kelly,Lloyd Kelly,Juventus,D S,2997,33.3,35,-3.566891553680173,1.0217498111031986,0.9109135892084383,-1.181862777158556,-0.5032450719660081,0.8460841890195515,-0.0695532082431385
Manuel Locatelli,Manuel Locatelli,Juventus,M,3031,33.68,36,0.004934096164802861,4.137499533454279,2.380655284966688,-1.1988724132363513,-0.12424041470328781,-0.3084460115190642,-1.4279398175731535
Pierre Kalulu Kyatengwa,Pierre Kalulu Kyatengwa,Juventus,D,3281,36.46,37,-1.7096288381679439,0.44190150843347387,2.490067665340764,0.5268419448401477,-0.41452140355430267,-0.9516351868308162,-0.024755338786117312
Teun Koopmeiners,Teun Koopmeiners,Juventus,D M S,1803,20.03,33,4.497877962228584,1.5417752087032655,-0.8745851497603755,0.29332584769662906,0.7104464204993909,-2.1423444043269098,0.0523049161124959
Weston McKennie,Weston McKennie,Juventus,D M S,2857,31.74,36,0.2650048218979238,-1.7414448265145552,1.7630373444442151,-1.4887498865588842,-0.16030841466253348,-0.9316097006524116,-2.409110567226504
Adam Marusic,Adam Marusic,Lazio,D S,2794,31.04,33,-3.130863644556371,-0.15603249496976485,0.20751690610721926,0.4096444905037984,0.2719806765142783,-0.25997997021057995,0.1354512455541909
Alessio Romagnoli,Alessio Romagnoli,Lazio,D S,2670,29.67,32,-4.554105742914573,-0.1371646964262389,0.1515594894452983,-1.829070714444885,-0.01563766528400983,0.6893997131027496,-0.3311980755857826
Boulaye Dia,Boulaye Dia,Lazio,F M S,1257,13.97,27,3.445938463807406,-2.370818830389653,0.12200900153758781,-1.9862463276829012,1.7846758401950353,-0.8367781610032494,0.2715976111507362
Danilo Cataldi,Danilo Cataldi,Lazio,M S,2007,22.3,27,-2.0746566189920257,0.018360360953971873,0.5633584829401631,0.5117692362416292,-0.44369797995326415,-0.15122218511420962,0.41306939914608853
Fisayo Dele-Bashiru,Fisayo Dele-Bashiru,Lazio,M S,1159,12.88,24,-1.5391223102050144,-1.9764999569914818,3.0467604809328526,-0.09436609837726555,2.8427185824055345,-0.7738178093474354,-0.2994650980684959
Gustav Isaksen,Gustav Isaksen,Lazio,F S,1606,17.84,30,3.5383933155004126,-1.457308934247667,-0.1625530405405795,-0.4463024231581012,0.50543889777837,1.238609683291747,0.335708627853864
Kenneth Taylor,Kenneth Taylor,Lazio,M,1418,15.76,17,-1.4221316646985713,-1.5647578786097112,0.26514622537081345,0.6361665901605001,0.9277958824352963,-1.3966595919085694,1.198318733820205
Luca Pellegrini,Luca Pellegrini,Lazio,D S,1485,16.5,24,-1.7218402432423274,-0.2964377862509449,-0.40390484537138904,1.7600375160887385,0.07162554546626333,-1.655335844764482,0.7437092112120129
Mario Gila,Mario Gila,Lazio,D,2498,27.76,31,-3.3053973731289408,1.292486874982311,0.18287707886369278,-1.1205607108170645,1.0043819687883384,-0.12393040413917876,-0.8742909515377354
Matteo Cancellieri,Matteo Cancellieri,Lazio,F M S,1740,19.33,30,1.2130965828104334,-3.4326370721149035,-2.705848157724609,1.4792786837547154,-0.44336119961265114,0.735064572284552,0.0021523976954630933
Matteo Guendouzi,Matteo Guendouzi,Lazio,M,1434,15.93,16,2.7874807849741954,7.1628767462072975,0.9707036829335245,-1.2151523090207164,1.2987874674783642,-1.4439706491205158,-0.08803859685355496
Mattia Zaccagni,Mattia Zaccagni,Lazio,F M,2127,23.63,26,2.192241018789882,0.15069793705168902,0.10386835571338848,-0.35579786839344474,0.014554091362881392,2.820995415718317,-0.1273342572545435
Nuno Tavares,Nuno Tavares,Lazio,D S,1478,16.42,23,1.9938837707536559,1.4052270960192563,0.18011949662291285,1.6850064763791863,0.5683631291626452,2.029737104663078,-0.8484815203662779
Oliver Provstgaard,Oliver Provstgaard,Lazio,D S,1515,16.83,26,-3.7651139136980754,-0.08058438809095557,0.7375713772630673,-0.41785640241479366,0.5022095800022054,-0.828419463974291,-0.9349607782533217
Tijjani Noslin,Tijjani Noslin,Lazio,F S,1113,12.37,29,3.2653805966877187,-3.393513438572447,-0.4466707329784477,0.7766349073859738,-0.9163522123830113,-2.15781821599047,0.29025898929378285
Toma Basic,Toma Basic,Lazio,M,1764,19.6,23,-0.9237993011101718,-0.9269867679307489,1.4349045395730975,0.42959550873554303,0.561179456790065,-0.03641846306309003,0.3419894728414368
Antonino Gallo,Antonino Gallo,Lecce,D S,3063,34.03,37,-3.2101600620793294,0.14387802725270585,-0.3340889688202687,2.5046590446977244,-2.267353057616331,1.0922881242177593,-0.3165738168267325
Danilo Veiga,Danilo Veiga,Lecce,D S,3026,33.62,36,-3.0390422210205132,-0.27511178818196946,-2.1878350199607426,2.4535382187839807,-0.530540953745845,0.2670718823459524,-0.008517635048961776
Jamil Siebert,Jamil Siebert,Lecce,D S,1701,18.9,21,-4.756979722040516,-0.7665867948254899,-1.4745235080834584,0.306753268854316,-1.2389233471632777,-0.4553018516100456,1.6035246666924932
Kialonda Gaspar,Kialonda Gaspar,Lecce,D S,1827,20.3,23,-5.595647021851984,0.8846277697795514,-0.12221037399942841,-1.4095879541251246,-0.9595087930275098,3.1715016352544962,-0.022276446359331493
Lameck Banda,Lameck Banda,Lecce,F M S,1768,19.64,32,1.9000360160882959,-2.560261257248243,-0.9469572239474149,1.9402185022307876,0.8398709668354712,0.6169334383831342,1.7655582614593943
Lassana Coulibaly,Lassana Coulibaly,Lecce,M S,2708,30.09,33,-1.7897141804013519,-1.5687778459929895,0.05641738260668543,-0.2414016066878636,1.8693904151448957,1.0859805236100337,0.33972853169221406
Nikola Stulic,Nikola Stulic,Lecce,F S,1713,19.03,34,0.38463037742496153,-4.4391846822421845,-0.10970477558786106,0.137515130995285,1.7908086575139532,-0.11555882030482696,-0.4174086301462467
Riccardo Sottil,Riccardo Sottil,Lecce,F M S,1078,11.98,21,2.072190290875379,-1.5000694687215737,1.0767129967834994,-0.01586729968053697,0.31748079671694474,3.0293047097583967,0.658195852991146
Santiago Pierotti,Santiago Pierotti,Lecce,F M S,2661,29.57,37,0.5324217389440591,-2.2734802332780313,-2.2051641996193236,0.8001515398370316,3.4062332212586948,-0.3938431265976157,-1.99114658583732
Tiago Gabriel,Tiago Gabriel,Lecce,D S,3223,35.81,37,-5.5286040891589145,-0.24305178921259918,-0.8417289840604052,-2.0136954198051717,-0.8090637751153761,2.88883190711315,-0.05610850397540518
Ylber Ramadani,Ylber Ramadani,Lecce,M,3236,35.96,37,-2.2494195645571224,0.8556624583529692,-1.2804401617800205,0.9921957218997605,0.7514657172216197,0.694151718978388,-0.06451271063012932
Walid Cheddira,Walid Cheddira,"Lecce,Sassuolo",F S,1193,13.26,33,4.260007058856979,-4.18576517011159,-2.1840987061630424,-3.5580920090150854,2.2857158114811478,0.4309303873173875,0.21357151369003144
Alessandro Buongiorno,Alessandro Buongiorno,Napoli,D S,2526,28.07,33,-3.9554893029093257,-0.13474510699178263,-1.4727328377911952,-0.78911502006766,0.7866903543248314,-1.1726890288488665,0.5322818081944899
Amir Rrahmani,Amir Rrahmani,Napoli,D,1809,20.1,21,-2.626480359770348,5.414452055801473,-0.015169271610713436,-3.2853196837270975,-1.4695288663975308,-1.5931685676692502,-0.26809572390626574
Eljif Elmas,Eljif Elmas,Napoli,F M S,1791,19.9,33,-0.5839814144877032,-2.2078194765140853,1.009287606059489,0.5532608871176724,0.18470707953231108,0.7159216770859205,-1.7336155605131442
Franck Zambo,Franck Zambo,Napoli,M S,1253,13.92,18,4.008410823264874,4.642607806975078,-1.7337402053836997,-2.1059048649537035,1.9713952499651115,-0.11941673676369219,1.257664093946491
Giovanni Di Lorenzo,Giovanni Di Lorenzo,Napoli,D,2278,25.31,26,-0.46795437255918376,1.8188797932861034,0.38325775434823356,0.0658059879997478,-0.08698564662075402,-1.3799435507363564,0.25105305564164193
Juan Jesus,Juan Jesus,Napoli,D S,1670,18.56,24,-3.672025206888576,2.3032783225191347,0.8350846866468591,-2.1041994793406644,1.0104598458801204,-0.22722467110426003,-0.023320731615741115
Kevin De Bruyne,Kevin De Bruyne,Napoli,M S,1176,13.07,18,9.418357168475922,2.3965029882106736,3.256930174465609,2.393964290276927,-0.9712608948559567,-1.3716262298235424,0.02808493951108048
Leonardo Spinazzola,Leonardo Spinazzola,Napoli,D M S,1906,21.18,32,0.0394009779877681,-0.8060534619532591,2.2801052707272977,1.7063015497874656,0.03299259460175742,-2.0897503820461996,1.279499608159177
Mathías Olivera,Mathias Olivera,Napoli,D S,1370,15.22,25,-1.0458919477303776,3.969818800524538,-0.8207415493273791,-0.0952411471998652,-0.007744427920250711,-0.9759735892061773,-1.8357289498720843
Matteo Politano,Matteo Politano,Napoli,D F M S,2249,24.99,34,2.6109892458890975,-0.6347681944528422,1.3099083097687791,2.403374027935457,-0.9003712340012069,0.22855545537392216,-0.7887443988013233
Miguel Gutiérrez,Miguel Gutierrez,Napoli,D S,1478,16.42,28,3.6975736309979426,4.361222178129741,1.007007227808186,0.7144634835213454,0.38497966509836445,-0.6893860931936141,-0.2893603434873468
Rasmus Højlund,Rasmus Hojlund,Napoli,F S,2784,30.93,33,1.2352274831282493,-5.448690377582146,0.2825814970360386,-0.5663536041223322,0.8000790387962653,-1.3945876988975885,0.5380257124937454
Sam Beukema,Sam Beukema,Napoli,D S,1675,18.61,24,-2.806141777503828,5.428066642489507,-0.6523311935133751,-1.6615381630660289,-0.9028735636025649,0.41727633061311914,-0.26626198566972925
Scott McTominay,Scott McTominay,Napoli,M S,2798,31.09,33,0.9753705439952833,-2.466397854401335,-0.11951515869708876,-2.9136397818366846,0.8478177664264811,0.9537564124212853,-0.258627363892967
Stanislav Lobotka,Stanislav Lobotka,Napoli,M S,2442,27.13,32,-1.191495486918477,2.9916835327346605,1.6027146092273203,-0.37675798066741123,2.8641038031045407,0.1337651313228349,-0.7021927524162829
Giovane,Giovane,"Napoli,Verona",F M S,1873,20.81,33,3.2682448285068344,-3.93987376758368,-0.49836460180129954,1.3695528316629717,0.353638847782953,0.15392591661814367,-0.6060244071854392
Adrián Bernabé,Adrian Bernabe,Parma Calcio 1913,D M S,2542,28.24,32,0.9664291928916243,-0.4737283537018751,1.365347780028269,1.5726479617968074,0.5672554013055974,0.8310758373306739,0.2513525273440079
Alessandro Circati,Alessandro Circati,Parma Calcio 1913,D,2667,29.63,31,-4.910873261140638,0.1511170952614074,-0.061042032844783815,-0.9949252247760005,-0.5800596718475028,1.0111669976469169,1.0277058076446026
Christian Ordóñez,Christian Ordonez,Parma Calcio 1913,M S,1076,11.96,28,-2.138323615503011,-2.2284806477803856,-1.3742825101938405,2.311396161873809,1.999990884900747,-1.0251452492237636,0.5690839587055402
Emanuele Valeri,Emanuele Valeri,Parma Calcio 1913,D M S,2637,29.3,34,-1.1448724968495982,-0.6469060047582513,-0.4595403570054394,2.76091240798297,-0.7649645439987153,-0.4590429036838859,-0.06429627510826622
Enrico Del Prato,Enrico Del Prato,Parma Calcio 1913,D S,2958,32.87,35,-4.262554842294448,-1.4411611038392287,-0.2628586404968631,0.31709941736349073,-0.7032312830598622,0.35214689258579746,0.6310254640683554
Gabriel Strefezza,Gabriel Strefezza,Parma Calcio 1913,F S,1026,11.4,14,10.064133319451575,6.470421876782268,-4.2627910183286195,1.5722657911046558,2.206852645398426,2.345732008404581,1.6399522957182435
Lautaro Valenti,Lautaro Valenti,Parma Calcio 1913,D S,2255,25.06,27,-3.638226489840809,0.453712627972219,-1.0202370451865688,0.7199070167608962,-1.7920869956593175,0.6244157075097836,-0.07344009233815012
Mandela Keita,Mandela Keita,Parma Calcio 1913,M S,3016,33.51,37,-3.4928807343653197,-0.06752755699917826,-0.008264405137466964,-0.7235410443495395,2.448959700024564,2.5211693659012138,0.7071600417343723
Mariano Troilo,Mariano Troilo,Parma Calcio 1913,D S,1631,18.12,21,-4.26997531159879,0.49522112020557546,-0.12379105516689272,-0.29712472574817944,-0.10741283616913816,1.2018604842024145,0.9537295329756779
Mateo Pellegrino,Mateo Pellegrino,Parma Calcio 1913,F S,3012,33.47,37,0.6113374678364282,-4.531728939390777,-2.826800689593359,-0.2820591969388125,0.3484371972999406,0.14803703608006197,0.2152187613120674
Nahuel Estévez,Nahuel Estevez,Parma Calcio 1913,M S,1001,11.12,32,-1.6684274755567026,0.16977945806898512,-0.6185319621571926,1.523064200387651,-0.5468190761104175,-0.39542817645509376,-0.5279263437452746
Oliver Sørensen,Oliver Sorensen,Parma Calcio 1913,D M S,1834,20.38,34,-2.2723118506941447,-2.7568574667753447,-0.2616590197632979,0.8495019868297919,1.556168594072841,-1.0522819700971509,-0.6513897219693303
Sascha Britschgi,Sascha Britschgi,Parma Calcio 1913,D M S,2103,23.37,29,-1.999425089488686,-1.8099118036744766,-0.6311576246133678,2.7274986930639096,0.5399705846361423,-0.019058835592357833,-0.34884911414373904
Antonio Caracciolo,Antonio Caracciolo,Pisa,D S,3077,34.19,35,-4.394740954997061,-0.5455805550475842,-1.6138488532013462,0.280262302321177,-0.12798028047974414,-0.629338715835569,0.2648325442135885
Arturo Calabresi,Arturo Calabresi,Pisa,D S,1536,17.07,26,-3.509810476242954,-1.3149224239020425,-2.301217152698066,1.9340365274679052,0.8082379606975341,-1.429174261587952,-0.39120735186695316
Ebenezer Akinsanmiro,Ebenezer Akinsanmiro,Pisa,M S,1441,16.01,24,-1.027585891437726,-0.031107463927399482,-0.7933315942731551,0.928265612215464,1.672985777677128,1.4105737217579195,-0.8795687953036001
Henrik Meister,Henrik Meister,Pisa,F S,1494,16.6,28,-0.9347988645945984,-5.974137187751479,-3.228043593950208,1.0593696890657556,-1.5709483041381151,-1.3910107045254567,-1.3536720132011226
Idrissa Touré,Idrissa Toure,Pisa,D M S,2283,25.37,32,-1.4470372239630365,-1.748047312371881,-1.7500054905507483,1.480024940095125,-1.5349670797353032,0.4406569463058686,-0.8805033288631983
Marius Marin,Marius Marin,Pisa,M S,1307,14.52,23,-2.7787180084855043,-0.08154496315048532,-2.0038931649687215,1.265581769141841,2.2851000915933053,-0.9947092511098262,-0.6701482167894363
Matteo Tramoni,Matteo Tramoni,Pisa,F M S,1630,18.11,27,0.45566894670563346,-2.4216614371775202,-0.6355570280133007,2.3185245947499746,-0.7047653149245444,-0.621494133432811,-0.6666964426145916
Mehdi Leris,Mehdi Leris,Pisa,D M S,1910,21.22,34,-0.845798255754707,-0.4711997817790862,-1.3935034853178783,1.9189685119176763,-0.868807061849979,0.9019389829064953,0.6350362463168383
Michel Aebischer,Michel Aebischer,Pisa,M S,2911,32.34,35,-1.5658056818675004,0.5694385071221755,0.7151606128112447,1.3467130421739255,0.7806414674158677,-0.296694526297024,-0.024267511978037302
Samuele Angori,Samuele Angori,Pisa,D M S,2619,29.1,35,-2.2500773721701126,-0.4725305824135356,0.04873582107347129,2.524670416914752,-1.8111286047503563,2.0712759740760855,-0.5621183009907933
Simone Canestrelli,Simone Canestrelli,Pisa,D S,3200,35.56,37,-4.570123708159321,-0.9270513414201121,-1.1687407182863478,-0.14984773578086,-0.5137602573682433,0.4613186321775147,0.2965835692255649
Stefano Moreo,Stefano Moreo,Pisa,F M S,2336,25.96,37,-0.8949746941461546,-3.346279265638187,-0.9545657709538815,0.32067529077588847,-1.6544240773417151,-0.18692285107637616,1.046520411400753
M'Bala Nzola,M'Bala Nzola,"Pisa,Sassuolo",F S,1514,16.82,30,1.8426604487456621,-4.27658576802076,0.1176297493345075,-2.181098501829533,3.249286676369899,-0.7702476067349612,-1.9469333397840318
Bryan Cristante,Bryan Cristante,Roma,M S,3116,34.62,37,-0.9175295088801118,0.9575119480340434,0.13086848565431927,-0.78189629781049,0.6896729450766874,-0.6538240659578678,-0.6452698303792241
Daniele Ghilardi,Daniele Ghilardi,Roma,D S,1070,11.89,23,-3.1070028299567736,3.515307912715857,-3.2943880016515505,0.26829815859495154,-0.9357936181746104,-0.32594179228959885,-0.36931609149414285
Devyne Rensch,Devyne Rensch,Roma,D M S,1180,13.11,24,-2.573160468843544,0.31151465755218366,1.08747484644805,1.200873244656769,-1.4981107150861088,1.1454491795433366,1.227013902270995
Donyell Malen,Donyell Malen,Roma,F,1499,16.66,18,5.488826029289128,-4.177606812948244,0.39612504229783696,-2.739081905620093,-1.481518414529659,0.4774626538018559,0.48022736736720234
Evan Ndicka,Evan Ndicka,Roma,D,2686,29.84,31,-3.763207439040518,0.701641078094118,-0.22519292880113947,-0.6618481347365194,-0.17348695236495273,-1.1833189713570684,-0.13642018551181506
Gianluca Mancini,Gianluca Mancini,Roma,D,3087,34.3,36,-3.182603410165073,-0.04709119769183544,0.5688362376613814,-0.17301622074258247,-0.20475754856366904,-1.1469894347163307,0.9155439986545016
Kouadio Kone,Kouadio Kone,Roma,M S,2468,27.42,29,0.045571705121141656,0.11935549283465975,2.4826680889418244,-0.7559617049707664,2.052865999874026,1.4429573451434579,-0.06268506852060753
Lorenzo Pellegrini,Lorenzo Pellegrini,Roma,F M S,1508,16.76,24,3.2538723924338466,0.47310414206859136,0.38904660308335187,1.4684881515957093,-1.0391955152951353,-0.30100870448613065,0.5454131842272703
Mario Hermoso,Mario Hermoso,Roma,D S,2106,23.4,27,-2.201443524561618,3.033031769537626,0.09424700186478542,-1.1787500021294295,0.6976403670543433,-0.5499132699183331,-0.2897099508332452
Matìas Soulè Malvano,Matias Soule Malvano,Roma,F M S,2207,24.52,33,3.6177013411225567,-1.2581159679267642,2.6522231532994516,0.894684888984218,1.0339291905662085,-0.3637260640705674,0.7683447650894721
Mehmet Zeki Çelik,Mehmet Zeki Celik,Roma,D M S,2747,30.52,34,-1.6564963446380616,-0.16726427465290805,0.8878312831485872,0.8037589402825738,-0.059841762445986976,-1.2882542721207135,-0.8877831406462342
Niccolò Pisilli,Niccolo Pisilli,Roma,M S,1263,14.03,25,0.5609946200853978,-0.2541437001971428,-0.19840988576652155,1.2892324965169293,0.7713321363985466,-2.9673467539822216,-0.45085087602095514
Paulo Dybala,Paulo Dybala,Roma,F M S,1360,15.11,22,8.245752783112719,-0.3741617335731035,2.7504178387889024,0.4566940179605206,-1.3159710686137056,0.42927903495041086,-0.8126261842956739
Wesley,Wesley,Roma,D M S,2474,27.49,30,0.1492368502599528,-0.5469650719403499,0.512241055544582,1.7052775261693516,0.032927653877109206,-1.2105339118991238,2.1763489476921736
Andrea Pinamonti,Andrea Pinamonti,Sassuolo,F S,2610,29.0,36,0.8479249166865965,-4.813151110804082,-1.459906486840372,-0.588950190457919,0.21529228642369777,-0.04805937950700863,-0.16868040037360016
Armand Lauriente,Armand Lauriente,Sassuolo,F M S,2655,29.5,38,2.98590100703153,-2.0104406799330423,0.8378814637675388,2.358796146061742,0.13365813527467954,0.8916683264864363,1.370370133795614
Cristian Volpato,Cristian Volpato,Sassuolo,F M S,1060,11.78,24,2.4517327548159815,-1.7992115810718947,0.8919791999051508,1.8255841970989881,0.11997582181505881,-0.34326049820296617,0.11305370234546573
Domenico Berardi,Domenico Berardi,Sassuolo,F M S,1995,22.17,26,1.2337106511682543,-1.7537119756234392,1.0614268766435002,0.5655561786428834,-0.2430147712929438,-1.099084259182187,1.4864944183368527
Ismaël Koné,Ismael Kone,Sassuolo,M S,2795,31.06,35,-1.6084804543551163,-1.2853086808025074,2.696480113305836,-1.541367851474992,2.5719783979785222,0.9330499019044637,1.7992476884720152
Jay Idzes,Jay Idzes,Sassuolo,D,3065,34.06,35,-3.7256348347875536,-1.1763416545110827,-0.9274174992803461,0.85535055009052,0.6503818178380485,-1.6611811961568248,-0.061142985394099056
Josh Doig,Josh Doig,Sassuolo,D S,1924,21.38,30,-2.2918280121170165,-0.945438355925198,-1.2298302498248637,2.4536483407595453,-0.5767763360300961,-0.31648983521968765,-0.6482231279375371
Kristian Thorstvedt,Kristian Thorstvedt,Sassuolo,F M S,2450,27.22,32,-0.11559552779647542,-1.3258558964964278,0.4812813784997538,-0.6730099699450142,-0.28035502569592846,0.40039127876269526,-1.4051769176242717
Luca Lipani,Luca Lipani,Sassuolo,M S,1011,11.23,24,-0.9243326576646262,0.07787568323976361,-0.8495705097198564,0.3315867738160864,1.5844381722297898,-1.365866314458678,-1.6075690377069127
Nemanja Matic,Nemanja Matic,Sassuolo,M S,2686,29.84,34,-2.394778231170104,1.1317487810078903,1.1899240946984717,-0.5851849219594141,1.1197267749962572,-0.15673318774346728,0.2805373902818406
Sebastian Walukiewicz,Sebastian Walukiewicz,Sassuolo,D S,2871,31.9,34,-3.4992527181216673,-0.4156757210668156,0.6045743194744136,1.1769203306279343,0.07845092774953692,0.6341349985981045,-0.476890063211963
Tarik Muharemovic,Tarik Muharemovic,Sassuolo,D,2837,31.52,32,-4.802567520035501,0.6075914690609452,-0.7052457753841459,-1.3303459756662692,-1.9776656816718805,0.770620520062241,0.3392054358125914
Woyo Coulibaly,Woyo Coulibaly,Sassuolo,D S,1023,11.37,20,-2.7231446704207025,-0.4824470322335332,0.45154498069966,0.9879481290741139,0.10520887098531802,0.034798200539273086,-0.7529178672674832
Adrien Tameze,Adrien Tameze,Torino,D M S,1110,12.33,24,-0.6900190430720872,5.029023975941206,-1.068035632254302,0.15271654802823775,1.5898798951545878,-0.856067095234914,-0.8666076343552164
Ardian Ismajli,Ardian Ismajli,Torino,D S,1907,21.19,25,-5.580070514630248,0.7309361017748661,-1.6572806964437696,-0.8579627145661729,-0.9260019177297277,0.3618961454427442,-0.2584929264335477
Cesare Casadei,Cesare Casadei,Torino,M S,1971,21.9,33,-0.6268706464144658,-1.7328646671597239,-0.6426513579126882,-0.7877794544192178,0.05776582306756123,-1.1337613627058332,1.2917137735365527
Che Adams,Che Adams,Torino,F M S,1899,21.1,33,2.4587953880591127,-4.2991458275411345,-0.09998453472424816,-1.4916270455629712,0.19865939291511855,-0.4745025063268123,0.026729486030601077
Duván Zapata,Duvan Zapata,Torino,F S,1088,12.09,28,10.820956977076952,-0.39397406873000224,-6.251552128584796,-3.497375820097891,0.17388789798581672,2.186847867695889,1.3813492454799605
Emirhan Ilkhan,Emirhan Ilkhan,Torino,M S,1028,11.42,19,-0.9950137654512189,0.39179596999875704,0.44651430826775573,-0.4576312463674476,0.4913918952809266,0.889863155476801,-0.6159121502686064
Giovanni Simeone,Giovanni Simeone,Torino,F M S,2273,25.26,32,1.9272872629922428,-5.248014437184933,-1.58391843223618,-1.0384276772039014,-0.11355062314553484,-0.34750857607733454,0.528592573249545
Guillermo Maripán,Guillermo Maripan,Torino,D S,2151,23.9,27,-3.8380413496055623,0.14014062635470204,-0.8834653459806837,-0.6509844414517336,-0.3440873357311138,-1.2623357211131512,0.012343539986260805
Gvidas Gineitis,Gvidas Gineitis,Torino,M S,1778,19.76,29,-0.8500618296131984,-0.331269159546014,-0.5888558758011202,1.9287322517987546,-0.42740419968853427,1.6451445822454587,-0.5945110090668412
Kristjan Asllani,Kristjan Asllani,Torino,M S,1145,12.72,15,-0.7959859935655687,0.887903493654667,0.8020995848044484,1.4218194466338745,0.14438038443568088,0.7865796453203432,-0.5296748264494305
Marcus Pedersen,Marcus Pedersen,Torino,D M S,2148,23.87,29,-1.3861085600185015,-2.8704244507542347,-0.3733308341709572,3.180879627133733,-0.06728116906097366,-1.7966596852385304,-0.4621974780683347
Nikola Vlasic,Nikola Vlasic,Torino,F M S,3079,34.21,37,0.42254020231728656,-1.0259086411536695,0.9711690409358968,0.5748226949521296,1.2303051243037666,0.07662479280989741,0.20815281633479718
Rafael Obrador,Rafael Obrador,Torino,D M S,1135,12.61,16,-1.7604434113503047,-1.798187899003577,0.19327232675942047,3.02991947468082,0.6371718286594021,-1.1316165985783677,1.157412306894821
Saúl Coco,Saul Coco,Torino,D,3093,34.37,35,-4.394708214532986,-0.05439400061916391,-0.512760907894549,-0.2789006695775805,-0.10971110710219711,0.73272314948823,0.3017116658373067
Valentino Lazaro,Valentino Lazaro,Torino,D M S,2273,25.26,31,-0.9987242726493044,-1.3372427730708243,0.5016152411322966,2.6722975948317176,0.28663075056933607,-0.7129352251052626,-0.8290704776954247
Enzo Ebosse,Enzo Ebosse,"Torino,Verona",D S,1342,14.91,17,-3.514515036554281,-0.320475751609242,0.8251010448352547,1.0274423245150512,-0.27448390989609994,-1.4887379434274641,-0.48736901262399623
Alessandro Zanoli,Alessandro Zanoli,Udinese,D M S,1314,14.6,19,-1.5459130362750506,-0.9473414853338509,-1.309326533892323,3.216249909268895,-0.8077479226950085,0.38343447598393476,1.2426091667675312
Arthur Atta,Arthur Atta,Udinese,F M S,2575,28.61,32,1.187167677540767,-1.5592237273161866,0.5170388922815634,0.5616851081843205,0.010687119700099617,0.42230667360857616,0.620817123650833
Christian Kabasele,Christian Kabasele,Udinese,D S,2273,25.26,30,-5.1924695594033485,-1.0172254827234044,-0.5394600869836755,-1.6944056489346868,-0.30639434675125504,0.7473781607495327,3.1247460925122605
Hassane Kamara,Hassane Kamara,Udinese,D M S,1883,20.92,26,-0.895490617074496,-0.15506243290029023,-0.4394394713393452,1.3351554501896585,-0.5966556164574814,1.0463753365562536,-0.40785326714915077
Jakub Piotrowski,Jakub Piotrowski,Udinese,M S,1702,18.91,33,-0.9753423900055683,-1.3590771136769877,-1.2474922830702877,-0.5313376472601595,0.4035293712910838,1.1523190175369902,-1.2507115285492274
Jesper Karlström,Jesper Karlstrom,Udinese,M,3164,35.16,36,-3.2091717206212165,-0.15026337073570714,-0.4316949875409982,0.8733381387280097,0.7015877008068657,-0.5277544504481081,-0.4322131591087713
Jordan Zemura,Jordan Zemura,Udinese,D S,1119,12.43,17,-0.5030660736269444,-0.04954645491018012,-1.5617033349244838,2.8142536281187374,0.23595803353172545,-0.5424689683504588,0.16017436547626257
Jurgen Ekkelenkamp,Jurgen Ekkelenkamp,Udinese,F M S,2234,24.82,31,-1.007312557607802,-1.9759105131010972,0.7276801219866057,0.44926684108233506,-0.37212062285597275,0.774881575585728,1.0619594136973158
Keinan Davis,Keinan Davis,Udinese,F S,2106,23.4,30,1.6698183796070178,-3.9613742193009065,1.068940475200476,-2.6125789790532425,1.9235974894068784,0.8301927537889776,0.26749153127022535
Kingsley Ehizibue,Kingsley Ehizibue,Udinese,D M S,1810,20.11,32,-1.8707690414108298,0.19060032740576394,-1.6881605863618379,1.6830350309217423,0.26994654964340126,0.8017704660882364,0.23692331732381874
Nicolo Zaniolo,Nicolo Zaniolo,Udinese,F M S,2308,25.64,32,4.501466422129194,-2.782218703030721,-0.30430402858179023,1.7815896377424567,0.1544035392835344,0.14787850798553054,-0.2670009496018669
Nicolò Bertola,Nicolo Bertola,Udinese,D S,1756,19.51,28,-3.4010960437205275,-0.2920244957454549,-1.4478695249029998,0.8655615884776042,-1.2691629628897965,-0.4125959547392921,-0.7069167275771292
Oumar Solet,Oumar Solet,Udinese,D S,2962,32.91,35,-2.389618352659945,1.6640916341951044,0.7103614591586155,-0.9994169913532311,-0.4348216466454156,1.015609762714053,0.2809617502846531
Thomas Thiesson Kristensen,Thomas Thiesson Kristensen,Udinese,D,2482,27.58,28,-4.532047250147522,-0.5664319951359338,-0.4549544450276845,-0.8867525789388473,-0.6610663920063825,-1.0578078929356372,2.5169172053879683
Amin Sarr,Amin Sarr,Verona,F M S,1046,11.62,34,2.665622130931829,-1.9233845901242406,-1.9415413273224809,-0.6018996015422169,2.0426606819387656,-0.8017904803608613,-0.24608205410309436
Andrias Edmundsson,Andrias Edmundsson,Verona,D,1322,14.69,15,-4.869240861795117,0.6413086580076212,-1.974906726100767,0.7564676118919578,-0.9922452799875155,-0.038498949774404226,0.018603823711946056
Antoine Bernede,Antoine Bernede,Verona,M S,2349,26.1,32,-0.9355552874996722,-0.7826522872382207,-1.3830890209067026,2.451628198798326,1.293258721309813,-0.7930706242496436,-0.1792993945908516
Armel Bella Kotchap,Armel Bella Kotchap,Verona,D S,1347,14.97,19,-5.458766256089559,0.430568481149023,-1.5786869510424557,-0.5617898101182914,-0.4865461375088477,0.5922724991519642,0.030957166377023358
Domagoj Bradaric,Domagoj Bradaric,Verona,D M S,1976,21.96,29,-1.0973195122898003,1.2133797701971756,-0.1936216996176982,2.153286372774153,-1.2921940977312936,0.9103701406879465,-0.3212155456852635
Gift Orban,Gift Orban,Verona,F S,2055,22.83,28,2.492726544301874,-5.815929492321378,-1.4970901800197958,-0.7991340923945973,-1.659100370350431,-0.30116874031632335,-2.9189016828299823
Jean-Daniel Akpa-Akpro,Jean-Daniel Akpa-Akpro,Verona,M S,1531,17.01,22,-1.976342151824201,-1.1332682908316887,-1.5328226166745065,0.569237344403063,2.2345025141435864,0.9280066327579725,0.4041234026612304
Kieron Bowie,Kieron Bowie,Verona,F,1211,13.46,14,0.967340154424122,-4.764758787087975,-1.8399019148142877,-0.8209710639567465,1.746738668405257,-0.8493345276143383,0.43649857486651084
Martin Frese,Martin Frese,Verona,D S,2429,26.99,31,-2.5999292322625474,-0.7618892507774397,-1.4408957013897419,2.408148892378479,-1.4159441044505803,-0.5237896917237572,1.2544486675225512
Nicolás Valentini,Nicolas Valentini,Verona,D S,1400,15.56,21,-3.852646339683478,-0.13125403716821551,-2.299734305306807,0.4299353028669301,-1.646603466436439,0.46734375521272586,-0.35871690191889993
Rafik Belghali,Rafik Belghali,Verona,D M S,1935,21.5,26,-0.6210461430554487,-2.215132927788896,0.1266335269668815,1.874914878871046,0.4119032551815632,0.27261525503462763,0.05152171416027685
Roberto Gagliardini,Roberto Gagliardini,Verona,M S,2212,24.58,29,-1.9893773795460057,1.1024981124510373,0.21907083938733812,-1.2783891976270092,1.729428906037286,0.8584828772453663,-0.4624078928817343
Suat Serdar,Suat Serdar,Verona,M S,1102,12.24,20,1.168769345513594,2.226178499554288,-2.7194626303919733,0.330499929567287,1.3731766586863863,-0.03053434878581674,-0.9464317271329086
Unai Núñez,Unai Nunez,Verona,D S,1263,14.03,17,-1.9668605866048139,8.562657552410629,-4.6113927990205665,-2.003429679338261,-1.5765398153858732,-1.8161015276334833,-0.0868330054620055
Victor Nelsson,Victor Nelsson,Verona,D S,3316,36.84,38,-5.913031525906241,0.17165331668848818,-1.716770801517604,-0.05070083738336077,-1.268490796229402,1.4415707804662108,-0.07983690901808106
Abderrahmane Rebbach,Abderrahmane Rebbach,Alaves,D F M S,1479,16.43,30,2.5898872713511167,-1.085057327252356,-0.7936960171944817,2.282191940780512,0.21763145988325308,0.04265478230952208,-1.4078298628383028
Antonio Blanco,Antonio Blanco,Alaves,M,3137,34.86,36,-1.001566335967588,1.4681924796658905,-0.45545081046746744,0.12780943569015216,2.339828288656248,-0.21396502822291888,-0.0034153905429875025
Antonio Martínez,Antonio Martinez,Alaves,F S,2750,30.56,37,1.155439886773678,-4.502532937800481,-1.671976482490431,-0.763100295282607,-1.3103334372349804,-0.25267668370565577,1.4603288679151416
Carles Aleñá,Carles Alena,Alaves,F M S,2002,22.24,34,0.8275177200424538,-0.8848684104860679,0.0578511511996717,2.4212027559589346,0.17774179396236328,0.3336217124464072,-1.7755879588808041
Carlos Vicente,Carlos Vicente,Alaves,F M S,1250,13.89,21,8.058681070378439,3.6617693467155763,-2.6514518117489065,5.183490871532639,0.41822670456291194,0.9171890062245516,1.4398608114394897
Denis Suárez,Denis Suarez,Alaves,M S,1407,15.63,30,0.8291687589609108,0.04359236736212569,0.8846520767682576,1.6709442604642042,1.4818344158855754,-1.0053808524060632,-0.5081671043851885
Jon Guridi,Jon Guridi,Alaves,F M S,1251,13.9,28,2.731172897357672,1.694527004170945,-1.8046020537135856,-0.3051332150323091,1.6698490861189812,-0.36732295278123633,-1.0176839821960255
Jon Pacheco Dozagarat,Jon Pacheco Dozagarat,Alaves,D S,1737,19.3,22,-5.013952088251096,0.7852644699984492,-0.2921276566689572,-0.058786896456592394,-0.6838282704492427,1.123553076209242,-0.13384395745903405
Jonny,Jonny,Alaves,D,3006,33.4,34,-2.7109610763484127,0.9034458745634423,0.4508148853308067,-0.057734862686314135,1.1802334539891859,0.761989187272925,-1.1155072600695497
Lucas Boyé,Lucas Boye,Alaves,F M S,1960,21.78,29,3.639313262642857,-2.5610201002113273,-2.5111763873179767,-0.7681263896670235,2.166663842964186,-0.42965011324076,-0.35680459368845086
Nahuel Tenaglia,Nahuel Tenaglia,Alaves,D,3240,36.0,36,-4.224081376399773,-0.23777256181043252,-0.3815328218544349,-0.37385633682322533,-0.07170170516601511,0.9962460551046333,0.7176687051138345
Pablo Ibáñez,Pablo Ibanez,Alaves,M S,2278,25.31,37,0.25625964289889874,-0.5465417777421582,-1.3626349878969621,0.05872888053993944,1.2750141293007964,1.4076728161597498,-1.6779318320381613
Victor Parada,Victor Parada,Alaves,D S,2159,23.99,30,-3.1623335810432875,-1.3960085569066034,0.08872312754118772,0.9951755105030078,-0.5762116781253019,0.0899187791101636,-1.525415849519667
Youssef Lekhedim,Youssef Lekhedim,Alaves,D S,1332,14.8,25,-0.8288855815664735,-0.6972158257026697,0.4181377103026256,1.7743283274477684,-0.6416263301930699,-0.9399392726505162,-0.8318509373500034
Ángel Pérez,Angel Perez,Alaves,D M S,1292,14.36,16,0.45792484304218806,-1.3023682795278975,-0.35531340012100143,3.740857997550776,-1.058573474420473,-0.15319306614654346,0.16937631955989835
Aitor Paredes,Aitor Paredes,Athletic Club,D S,1625,18.06,19,-3.372291280048324,2.81846867987935,-0.8969291322668289,-0.7162489659138701,-0.7709170947871993,-1.6754167045130264,0.4733157346024746
Alejandro Rego,Alejandro Rego,Athletic Club,M S,1231,13.68,29,-1.4580286020316005,0.4429633460036156,-1.0404970536240081,0.5105301914287796,2.388196529472782,-0.8330591568316138,0.2579222727245234
Alex Berenguer,Alex Berenguer,Athletic Club,F M S,2191,24.34,31,3.230193793667223,-2.151145412898714,-0.21845997490256328,2.541390395184162,-1.6345282701859385,-0.2611687611259771,-1.1343181979847006
Andoni Gorosabel,Andoni Gorosabel,Athletic Club,D S,1347,14.97,24,1.426749585991854,4.270321998732297,-1.1733595192916584,1.4854800224258837,2.1840761312436117,0.35152781448128745,-0.3451080399181203
Aymeric Laporte,Aymeric Laporte,Athletic Club,D S,2068,22.98,25,-4.767995680535846,1.1568673160789449,0.8579654227884425,-1.8005834009317674,-1.2375540894719992,2.7587015871309983,-0.9934063983317347
Dani Vivian,Dani Vivian,Athletic Club,D S,2561,28.46,31,-3.33987794551048,0.9425190620014731,-0.6427797691926108,0.2886126722221475,-0.11095325353089384,-0.2893763357842445,-0.6763286370986255
Gorka Guruzeta,Gorka Guruzeta,Athletic Club,F M S,2401,26.68,35,2.0401245926052844,-5.173520821816631,-1.2136165518493183,-1.32983851186306,0.2987521047999819,-2.131497234456392,-1.027440282863142
Inigo Ruiz de Galarreta,Inigo Ruiz de Galarreta,Athletic Club,M S,2289,25.43,34,0.03377212914610887,2.043355121237928,0.604148299891715,1.0115446937447936,0.5456065943458229,0.4342424962810085,0.05891896085493377
Iñaki Williams,Inaki Williams,Athletic Club,F M S,2188,24.31,30,4.048755353804433,-2.5105300821585774,-2.3237832207225413,-0.21918674707150784,-2.577965481221251,1.0027592308583098,-2.1507391082237555
Jesús Areso,Jesus Areso,Athletic Club,D S,1498,16.64,26,0.6060854124928212,2.992576083512802,-1.5205108738354025,3.1547433359055947,-0.5105351660030164,0.2858925749552348,-0.17023976223699497
Mikel Jauregizar,Mikel Jauregizar,Athletic Club,M S,2872,31.91,36,-0.6041942161111364,0.24262800059380274,-0.9695634448070064,1.33701813417215,1.1702709865721646,-0.7973839486668038,0.15266481801295342
Nico Williams,Nico Williams,Athletic Club,M S,1715,19.06,25,5.537470812709676,-0.9647579874506071,0.05673204127436284,1.3099401238958663,0.28768236119774965,1.7638849159241117,0.7869416185502689
Oihan Sancet,Oihan Sancet,Athletic Club,M S,1832,20.36,28,2.348459853482263,-1.9311284512238505,-0.5880383940003666,-0.9556619622788963,0.7522200701991038,0.787486252604461,-1.6693631142444803
Roberto Navarro,Roberto Navarro,Athletic Club,M S,1246,13.84,32,2.5172303984408324,-2.269495897139798,1.5007053558436432,1.4336247653317467,1.1180501360599167,-1.5986658617367397,2.755626578430647
Yuri,Yuri,Athletic Club,D S,2708,30.09,32,-1.9853532834914909,0.8938848152949322,1.6100703793180766,-0.1623325082544557,0.25032782113188595,1.1480563112528375,-0.8529800346122808
Alexander Sørloth,Alexander Sorloth,Atletico Madrid,F S,1955,21.72,35,3.1931753657268516,-5.509171580491138,-1.8430526432392407,-2.9876291725553195,-1.602342833541881,-1.3039946530662707,1.2375646733103929
Antoine Griezmann,Antoine Griezmann,Atletico Madrid,F S,1428,15.87,34,8.245586139180446,0.9189890206693511,2.017413385957097,-2.480098497921227,-1.9323413689145439,-0.6465727796902064,-0.5759037798830304
Clement Lenglet,Clement Lenglet,Atletico Madrid,D S,1402,15.58,19,-3.2347069770755494,3.2618802443530432,0.3394262071260752,-2.676750562967734,-0.9011536956509012,-0.6763699434991374,0.6595167865255163
David Hancko,David Hancko,Atletico Madrid,D S,2443,27.14,30,-2.7633987774042366,0.13235435180448402,1.1834579194026782,-0.5256759615581247,-0.33761912187750875,-0.17302792183092613,-1.7435115088906985
Giménez,Gimenez,Atletico Madrid,D S,1165,12.94,16,-3.31122716526855,0.49462677068135086,-0.2516936092291591,-2.021350373332192,0.6708335612251497,-0.2394993337005885,-1.6366196940950604
Giuliano Simeone,Giuliano Simeone,Atletico Madrid,D F M S,2153,23.92,31,1.711160296910734,-1.080302967879823,1.5540064507657683,0.03675245918371133,-0.7532783828215621,-0.4771659353465574,-1.1888692844317035
Julián Álvarez,Julian Alvarez,Atletico Madrid,F S,1926,21.4,29,6.899130729225199,-1.6744499306303695,2.277728645882169,-0.01792879486126973,0.17579085167657943,-1.4881392119072712,-0.9052101340144055
Koke,Koke,Atletico Madrid,M S,2237,24.86,34,-0.04439618753559077,3.654663512870716,3.1619676316429026,-0.14975599197276737,1.1792891692688958,-2.0436434226405673,-1.142434238709726
Marc Pubill,Marc Pubill,Atletico Madrid,D S,1377,15.3,19,-0.9793717420583175,1.8595191766970827,-1.3630114270132574,0.6877847293874852,-0.9248846596018657,1.5355082652628012,0.11399130930153877
Marcos Llorente,Marcos Llorente,Atletico Madrid,D M S,2190,24.33,29,0.8329662454978627,-0.890587058590914,1.743840753765284,-0.1331927072610488,0.675890854340196,-1.1305666637193703,-0.9627065995708461
Matteo Ruggeri,Matteo Ruggeri,Atletico Madrid,D S,1767,19.63,26,-0.3418642991632305,2.1496514275780667,1.8992510644159648,1.3009875476878268,-0.736462866665952,-0.684781936943158,-1.196032262807777
Nahuel Molina,Nahuel Molina,Atletico Madrid,D M S,1292,14.36,26,1.6745368082975198,2.7870255592617976,0.6323697080302492,2.157414401206276,-0.5149935160951062,-1.5542384441094037,1.0968406237577428
Nicolás González,Nicolas Gonzalez,Atletico Madrid,D F M S,1480,16.44,24,4.938772209112001,-1.1745238355312195,-0.9667587378232199,-3.0419436812597365,0.17706164614418546,0.547210633407494,0.13813046989789893
Pablo Barrios Rivas,Pablo Barrios Rivas,Atletico Madrid,M S,1672,18.58,23,0.19367542424051312,1.4455797014425917,2.1871376807990135,-0.6984240115154315,1.0787323959453246,0.9815899454972306,-0.7851985341513289
Robin Le Normand,Robin Le Normand,Atletico Madrid,D S,1776,19.73,28,-3.4927865749355567,2.423170336944143,0.9026241234957701,-3.035755562519998,-0.09645923484411731,-0.4688071259542597,0.8345547713989535
Thiago Almada,Thiago Almada,Atletico Madrid,F M S,1327,14.74,27,2.43975183743167,-0.3922314932770878,2.307483297885625,0.05997225200178983,0.7413748361681469,-0.6989179377226603,-0.658072259215956
Álex Baena,Alex Baena,Atletico Madrid,F M S,1615,17.94,27,7.99494574738862,2.407077085646453,1.333142879661121,2.0889427501900246,-1.8021714680563439,0.31035757613691134,-0.023693049028730585
Rodrigo Mendoza,Rodrigo Mendoza,"Atletico Madrid,Elche",F M S,1243,13.81,24,0.6280279308180968,-0.7391646865219375,0.23678712730030227,0.926609118174407,1.9683225234998363,0.17056011301458052,-0.20934208395182635
Javi Galán,Javi Galan,"Atletico Madrid,Osasuna",D S,1806,20.07,25,-1.1953131335155627,0.23885735382744136,0.19912553678287973,2.0758075128539453,1.1428199030421804,0.7363824039456806,-0.638100851553885
Dani Olmo,Dani Olmo,Barcelona,F M S,2109,23.43,33,3.672140505853847,-0.8365997692458592,2.684562549242411,-1.6582535800105374,-1.2315409488875653,-0.2264995822567219,-1.5902638638132398
Eric Garcia,Eric Garcia,Barcelona,D M S,2761,30.68,34,-1.4143398564687204,1.761589914566868,2.8215061316320034,-1.699823977679729,0.15137832400926263,-1.343925711145039,-2.652741108383376
Fermín López,Fermin Lopez,Barcelona,F M S,1780,19.78,30,5.181521943774482,-0.9950658645188671,3.4163145000376267,-1.3772089831110461,-0.9004280946349915,-0.30680987135218324,-1.9876784148210964
Ferrán Torres,Ferran Torres,Barcelona,F M S,2025,22.5,33,2.413269795973591,-5.806048400521973,0.7272218125538664,-3.2807417313813874,-2.093066590104921,-1.6214634207333758,0.4338848621063749
Frenkie de Jong,Frenkie de Jong,Barcelona,M S,1597,17.74,25,1.0907345739072007,3.4934497987719917,6.647133024188799,-1.9136835628653044,0.11562363063264995,-1.6745803138467574,0.03663956303349097
Gerard Martín,Gerard Martin,Barcelona,D S,2145,23.83,32,-3.9204696537334627,2.1803953860064045,2.557102973522166,-1.5935235971389095,-0.9493799650336661,0.7326671148168822,-1.1056544963918402
Jules Koundé,Jules Kounde,Barcelona,D S,2247,24.97,30,-0.2706207465471757,3.4402115262857134,3.4684675571701913,-1.568502838606631,-0.5798627778901521,-1.736563888671183,-2.081990471651714
Lamine Yamal,Lamine Yamal,Barcelona,F M S,2291,25.46,28,11.179641928378997,0.15778308507719135,3.656137625430336,-0.37659389087162126,-3.1013978741953654,2.229808070654783,0.177354241046414
Marcus Rashford,Marcus Rashford,Barcelona,F M S,1739,19.32,32,5.007489640788427,-2.9086866515590826,1.8502610054693291,-0.7354766919602301,-1.471785952780843,-0.5771466456206306,-0.5721318537462975
Pau Cubarsí,Pau Cubarsi,Barcelona,D,2733,30.37,31,-4.067602787186953,2.0484524934571184,3.0957777364021144,-3.041642930903801,0.28956428663598843,0.0856498450179012,-0.3047002129241923
Pedri,Pedri,Barcelona,M S,2117,23.52,29,4.759557153088521,6.880439121489099,5.447232804673597,-1.1166221117101216,0.120413465648573,-1.1884167648657145,-1.1726730941086003
Raphinha,Raphinha,Barcelona,F M S,1424,15.82,22,13.893680823457013,2.7339867634775787,2.925596134625264,-1.7720580056260116,-5.604254664729321,1.1974876589962458,0.9846182884144262
Robert Lewandowski,Robert Lewandowski,Barcelona,F S,1630,18.11,31,5.929902044535115,-4.1304098701411975,-0.5446522449077332,-4.839715243426358,-2.3784273327213312,0.4892446172707251,0.355453639151851
Ronald Araújo,Ronald Araujo,Barcelona,D S,1049,11.66,24,-1.0389165698445344,5.628927234785385,0.28367227826526265,-3.3582416836428863,-2.2313406743884836,-0.472844531968313,-0.02450152597049527
Álex Balde,Alex Balde,Barcelona,D S,1910,21.22,28,-1.2010743294343489,0.6452126754660537,3.611432213012618,0.31137345140766076,-0.5624122663644537,0.9023667824691108,-1.38420992468743
Borja Iglesias,Borja Iglesias,Celta Vigo,F S,1903,21.14,35,1.9079692825400258,-4.681442818292812,-0.1171384636635306,-1.7076092897954573,0.5909882117901131,-1.910182355930385,1.7114394304318725
Bryan Zaragoza,Bryan Zaragoza,Celta Vigo,F M S,1138,12.64,19,4.294449261752687,-0.7045235136016025,-0.30361921945689596,2.4551052532489477,-0.6188458405904566,2.3382944772914636,-0.416880497403981
Carl Starfelt,Carl Starfelt,Celta Vigo,D S,1492,16.58,19,-4.553789051772349,2.5084504839078576,0.6925806150173338,-2.718058293484251,0.07925174546174807,0.19056076091545304,0.6480258284653445
Fernando López,Fernando Lopez,Celta Vigo,F M S,1179,13.1,17,-2.710329278585042,-5.258179437442559,0.3033696269570754,3.1774373387101553,-1.227370395421608,-1.1659322874231794,-1.1224540503505922
Ferrán Jutglà,Ferran Jutgla,Celta Vigo,F M S,1702,18.91,30,1.1683167004590727,-4.02043733639097,0.31058438554680284,-1.3150340427611935,0.8260634071684154,-1.053004394219989,2.429139168200876
Hugo Sotelo,Hugo Sotelo,Celta Vigo,M S,1350,15.0,20,-0.8330159306071383,1.8560747245497013,2.7208930512951914,0.6094558970971945,1.6315722407003248,-0.970690650108134,-1.4130872494494953
Hugo Álvarez,Hugo Alvarez,Celta Vigo,D F M S,1359,15.1,28,1.7735224588942875,-0.07683215268416026,1.6032626810743535,0.5947896182213342,-0.40922869228265507,-1.7258586036373258,1.6608717059592193
Iago Aspas,Iago Aspas,Celta Vigo,F M S,1082,12.02,32,13.974114228009524,4.4204501225832225,2.6175954768425176,0.36116655785330937,-3.706664751762725,1.830747581592715,0.6249365312762025
Ilaix Moriba,Ilaix Moriba,Celta Vigo,M S,2484,27.6,36,-1.6576768952522274,-0.25903068162611326,0.846537427624731,-0.3782583799062502,2.509552239577387,0.8794089730460167,0.22980795723481234
Javier Rodríguez,Javier Rodriguez,Celta Vigo,D S,2568,28.53,33,-3.261953017495508,0.31021551136460346,0.7000892608407215,-0.5083337555220009,0.6307982715518785,0.009220679831616268,-1.2825951938881075
Javier Rueda,Javier Rueda,Celta Vigo,D S,1403,15.59,26,-0.3781334466054525,-0.8744650447728441,1.2936425535754958,0.9805079912098831,-0.3775119472110279,-0.6284049034611062,0.6966887552269897
Marcos Alonso,Marcos Alonso,Celta Vigo,D S,2780,30.89,32,-2.6705367892512673,2.2604108539213823,1.5906838617190866,-1.6884294498924017,-0.46933081827099554,0.1283890512057218,-1.3237391930339988
Miguel Román,Miguel Roman,Celta Vigo,M S,1297,14.41,19,-0.8761996616290684,0.3325582152840226,2.1022957218485785,0.32419045991336387,1.0712758902118773,-1.8709918710583142,-0.48384502581182975
Pablo Durán,Pablo Duran,Celta Vigo,F M S,1451,16.12,30,0.8225640842874614,-4.236534181412481,-1.191339666510935,-0.28824561546965083,0.13262493538413347,-1.0107053970853948,-1.417343691761053
Sergio Carreira,Sergio Carreira,Celta Vigo,D S,2695,29.94,34,-2.0629399428404973,-0.24102315568876018,1.4491003940581622,-0.024610279054851643,0.34395926306883623,-0.1749486365357473,0.31179805064694444
Williot Swedberg,Williot Swedberg,Celta Vigo,F M S,1237,13.74,29,1.7089360281777366,-3.2610633355273184,-0.4627525932474618,-0.7748822991770214,0.1210202491503009,-0.1627806269058306,0.13566600448572375
Óscar Mingueza,Oscar Mingueza,Celta Vigo,D M S,1949,21.66,34,2.3141194889038585,3.9520509872504097,1.4371170392688621,2.094169266933156,-0.983187854762813,-0.3851930284055772,0.08325874241901844
Álvaro Núñez,Alvaro Nunez,"Celta Vigo,Elche",D M S,2006,22.29,25,-1.8302061444854132,0.8029743111388754,3.2007431480273643,0.6171942544074399,0.6701357921279224,1.0245648525030266,-0.7905305930604697
Fran Beltrán,Fran Beltran,"Celta Vigo,Girona",M S,1544,17.16,27,0.5259768455447955,2.960563245686722,0.1789894975865462,0.9046705088732804,2.8929597176799753,-1.3847091801752216,-1.0838388672198587
Aleix Febas,Aleix Febas,Elche,M,3178,35.31,36,-0.4510662868326322,1.0562087461615475,1.8723907974006873,-0.8529139017258681,2.5191031013124228,2.0672636229989183,-0.12404644907310432
Alvaro Rodríguez,Alvaro Rodriguez,Elche,F S,2199,24.43,34,2.6413611512019424,-4.460446418339114,-1.3849440432161435,-2.0051237358821017,-1.5597703392918285,1.3268202922163,-2.4658381623854
André Silva,Andre Silva,Elche,F S,1858,20.64,31,1.9894431867706357,-4.49180998752874,-0.901780278009312,-1.8923141038293925,1.1291807991105167,-0.7218622028113222,-0.1856847586071981
David Affengruber,David Affengruber,Elche,D S,2958,32.87,36,-4.305062521822235,1.8043528508834912,-0.2333840603248947,-0.8227814047048128,-1.1259118751817352,0.9966762343900475,0.13127085273476188
German Valera,German Valera,Elche,D F M S,2888,32.09,36,0.27684184238997905,-0.3220891542543128,2.269242240969544,0.6488586506572318,0.7160822978571265,1.3490002167721797,1.2118834670336887
Leo Petrot,Leo Petrot,Elche,D S,1572,17.47,32,-2.4906689319355118,3.3604707201261164,-1.7745142748681613,0.41186098754275763,-0.14894547967286031,0.1568430597052396,-0.5196304247193904
Marc Aguado,Marc Aguado,Elche,M S,2539,28.21,35,-3.5068197842383393,-0.39307726051531844,1.4379841368971462,0.22948080811841207,1.7243340200048005,-0.6564010405484458,2.692567330553777
Martim Neto,Martim Neto,Elche,F M S,1367,15.19,25,-0.1788797174151085,-0.8259171102165956,2.4454694286307586,1.3591729776239145,0.49462143733322156,0.21166867926616423,0.9268512608226848
Pedro Bigas,Pedro Bigas,Elche,D S,2078,23.09,28,-3.1071107644350855,1.6987980546045,1.0455289300863786,-0.5029251556562256,-1.0178991869068992,-0.6427049682629683,0.12254751872145488
Rafa Mir,Rafa Mir,Elche,F M S,1834,20.38,27,1.986523705167096,-5.077803889772587,-0.6550470601138819,-1.9735753309898914,1.0851665694515364,-2.2085716350958933,-0.03548484701452979
Victor Chust,Victor Chust,Elche,D S,2146,23.84,31,-3.611829589986173,1.4077661968717536,0.08348302291436598,-0.16376096471383128,0.6906326385180981,-0.49085645906797065,0.5486385117905819
Adrià Pedrosa,Adria Pedrosa,"Elche,Sevilla",D M S,1053,11.7,27,2.399878347559688,4.782077291837975,-2.8871200685132616,3.3026505491416804,-0.9435925619255923,-1.18740877100911,-0.04077280373533014
Carlos Romero,Carlos Romero,Espanyol,D,3207,35.63,36,-1.1647160580432665,-0.31630123340006844,0.37208276698397513,0.49524024895354574,1.1924420971484315,0.5652051552588546,2.252200514771687
Clemens Riedel,Clemens Riedel,Espanyol,D S,1405,15.61,20,-4.97171512917307,0.5217348510680272,-0.2797341582813014,-0.011702132388862408,-0.3147453331177952,0.9126979040067631,-0.2345430982535205
Edu Expósito,Edu Exposito,Espanyol,F M S,2593,28.81,36,1.9575935608881914,0.3712101637314731,1.448257940814054,3.268769819751644,-2.11624686539519,1.699355791254435,-0.8336872396564007
Fernando Calero,Fernando Calero,Espanyol,D S,2159,23.99,28,-4.640054611590048,-0.620080878431576,-0.9299212344721655,-0.2029900369756693,-0.6246471548816813,-0.11482338532980736,-1.2582337335478477
Kike García,Kike Garcia,Espanyol,F S,1694,18.82,37,3.1580518274567413,-3.4131525361629453,-2.209894683249773,-2.295217073644339,0.20409726499410918,0.14590186007413097,0.4369500853352278
Leandro Cabrera,Leandro Cabrera,Espanyol,D,3330,37.0,37,-3.8170226085312646,-0.7029208842180007,-1.0308832429935182,-0.7885477718856939,-1.7757673120440824,-0.17997130800197764,0.04180362073360508
Omar El Hilali,Omar El Hilali,Espanyol,D S,2853,31.7,36,-4.102610661523795,1.6409738703098886,-1.1234703511451698,0.7164637911083105,0.16715955868394913,1.314343776964402,-0.1612956035113142
Pere Milla,Pere Milla,Espanyol,F M S,2005,22.28,33,2.0672869406913197,-2.8701279142305416,-0.6743815433953613,0.296739970277897,0.026522176619411236,-0.2750534767287229,-0.13612238306763466
Pol Lozano,Pol Lozano,Espanyol,M S,2211,24.57,33,-1.1599676645134327,-0.9938689783345355,0.0937940944637871,1.1186723469952793,2.8698983610575644,-2.134743703517355,0.5756329306048255
Ramón Terrats,Ramon Terrats,Espanyol,F M S,1020,11.33,29,1.5717410163309997,0.017392243359191716,-1.2812809764728406,1.8360263761444944,-0.7400398719189865,0.4306378868326465,1.2036355146200766
Roberto Fernández,Roberto Fernandez,Espanyol,F S,2388,26.53,38,0.7469632267726181,-5.2037634324875235,-1.4777844886119313,-0.3853344743166231,0.538931496169592,-0.6608736239786352,-0.9430652007170511
Tyrhys Dolan,Tyrhys Dolan,Espanyol,M S,2481,27.57,36,0.033619198899498014,-1.8944611944525434,-0.39524877687310306,2.5384636378880883,0.21796010313192155,1.0336657859734146,-0.18014727133261926
Urko Gonzalez,Urko Gonzalez,"Espanyol,Real Sociedad",M S,2615,29.06,36,-2.6871687687568064,-0.33645298267321433,-1.2159410661905843,1.102037540580275,1.140476684534607,0.3372220457033302,-0.6102004928188641
Abdelkabir Abqar,Abdelkabir Abqar,Getafe,D S,1479,16.43,23,-4.405060933593052,-0.33196520858593365,-2.703914573494782,0.7478552434797603,-0.7499108056587309,1.1324930241262088,0.19995434282945593
Adrián Liso,Adrian Liso,Getafe,F M S,1725,19.17,28,-0.514017556535963,-3.5472203455107962,-2.890642904773341,1.675015429321164,1.7723625862269945,0.1349957192530142,1.027376986214993
Borja Mayoral,Borja Mayoral,Getafe,F S,1072,11.91,16,4.794207100616735,-1.2525557115153811,-2.7183249060285957,-2.4109442194385924,2.226481817142294,-0.6052323842595125,3.0230630624742716
Diego Rico,Diego Rico,Getafe,D S,1723,19.14,28,-0.6006915080567958,4.3459500116164875,-3.5789754203802073,2.7700418550780785,-0.9293720734764226,1.1024692436011756,0.2553130047026089
Djené Dakonam,Djene Dakonam,Getafe,D M S,2601,28.9,34,-5.108319367785547,-0.48265152033952574,-1.3827644471765832,0.268729416139166,-0.49222929317887487,1.7149345099740971,0.12362757429559776
Domingos Duarte,Domingos Duarte,Getafe,D,2953,32.81,34,-4.8715539163544355,-1.5191624496309626,-1.7853268267010436,0.34588866865198464,-0.36061845935374826,-0.7785234019886111,0.8131129199156052
Juan Iglesias,Juan Iglesias,Getafe,D M S,3189,35.43,37,-2.083591933455417,0.15607652168560673,-2.521139264964536,2.1541779129511918,-0.4651718833673234,0.8825985592132718,0.2718725172218773
Kiko Femenía,Kiko Femenia,Getafe,D M S,2070,23.0,28,-2.912302818598024,1.0367035769285669,0.5591389937583874,0.9395753987100744,1.209093573459987,1.159359043134564,-0.3524564647160581
Luis Milla,Luis Milla,Getafe,M,3288,36.53,37,-0.053948325123940176,0.7156097079150237,0.8072548295005361,2.9011943162570755,-1.1216658120106828,0.5733769602142172,-0.013414820140299509
Luis Vázquez,Luis Vazquez,Getafe,F S,1232,13.69,17,-1.0454414872652877,-4.702740084185013,-2.0148121378872816,-0.17792337928522386,0.8620187735501743,-0.3140298194180996,1.0262321962730605
Mario Martín,Mario Martin,Getafe,F M S,2158,23.98,35,-0.9415837323637316,-2.2955999003215846,-2.887751492949247,1.0027749651395923,2.3915625121055846,-0.7174075413507955,-0.35647435842463715
Martín Satriano,Martin Satriano,Getafe,F M,1609,17.88,18,1.6698484711021655,-2.544368871272977,-0.11064458340211426,-1.3632295209237622,0.9281760168317215,1.034768800601671,0.7928280365072508
Mauro Arambarri,Mauro Arambarri,Getafe,M,3279,36.43,37,-0.9250859995441523,-2.195044617640947,-1.9699197177993917,-0.05537041832272355,1.2675754789766944,0.8693764951606184,-0.31712030500632626
Zaid Romero,Zaid Romero,Getafe,D,1350,15.0,15,-4.382748748068525,0.3812859834863498,-1.7506674626771679,0.2299860829275729,-1.8703753866089838,1.5452085377153295,1.1393613956415136
Alejandro Francés,Alejandro Frances,Girona,D S,1077,11.97,24,-2.069465217412783,1.6356763264267096,0.678984308912477,0.4221277698037131,-0.30158043973342896,-0.1720621020934907,-1.2984853785897923
Arnau Martinez,Arnau Martinez,Girona,D M S,2715,30.17,35,-2.439742117522275,0.640206737464448,0.5362943779112891,0.21463584731060523,-0.2758646744385504,0.004339827476955455,0.17688653925126008
Axel Witsel,Axel Witsel,Girona,M S,2546,28.29,32,-3.8213408570741234,0.3197384871080193,1.8553332899089316,-2.1400616172752795,-0.3374220207912179,0.8363609670071028,0.8625627459634253
Azz-Eddine Ounahi,Azz-Eddine Ounahi,Girona,F M S,1777,19.74,24,4.1430038442875325,0.12102685111310699,2.297619959186675,0.6036825639852285,-0.23169557526580786,1.795194957614024,0.8721300442091596
Bryan Gil Salvatierra,Bryan Gil Salvatierra,Girona,F M S,1607,17.86,29,-2.7612971231656895,-5.177417183254354,1.4958978516399841,3.2152212522882966,-1.6713491307666684,-0.7927306041187646,-2.5521539486308504
Daley Blind,Daley Blind,Girona,D S,2624,29.16,31,-2.9947567674088784,2.512399142728265,1.4872252764881295,-1.1680438343575534,-0.05085619288573256,0.13969941607053138,-0.3293801265798842
Hugo Rincón,Hugo Rincon,Girona,D S,1713,19.03,33,-2.3939519671739866,-0.13635096649380737,-0.17298419458058675,0.4569590320285878,0.5530369967419017,1.4394928159975113,1.0086807254977461
Iván Martín,Ivan Martin,Girona,M S,2558,28.42,35,-0.17203031432812912,-0.16737361398957343,1.8136541532142765,-0.725767708600041,2.957988906033963,-0.18614852419792746,0.4163402203136845
Joel Roca,Joel Roca,Girona,F M S,1463,16.26,32,2.49899069017786,-3.1879485182232488,-0.6180778685339463,-0.2750286777347097,0.8994431903108726,1.684520683044367,-0.6222102128544903
Thomas Lemar,Thomas Lemar,Girona,M S,1252,13.91,27,1.822573086489641,0.0032344142432193155,1.9544591626647272,0.1433859838275199,2.198738589540455,-0.18922308225981213,1.3560406002859586
Viktor Tsygankov,Viktor Tsygankov,Girona,F M S,2672,29.69,32,0.9989848190721985,-1.937097323073064,2.1873108133031725,-0.4386820941082181,0.5103788282688771,0.6227860847251085,-0.44800368879913505
Vitor Reis,Vitor Reis,Girona,D S,3137,34.86,36,-4.283012522369849,0.09696522114333173,0.2083963307212831,-1.6208665875532815,0.045750757183952724,0.8747719149992909,-0.5560116721565248
Vladyslav Vanat,Vladyslav Vanat,Girona,F,2003,22.26,27,-1.134704647489305,-5.735182214311385,-0.9425622445072623,0.2914310151918418,-1.2054905887570504,-1.6140235014252888,1.471362543983102
Álex Moreno,Alex Moreno,Girona,D S,2554,28.38,31,-2.2026163818663176,-0.3583410753831774,-0.534213625267848,1.399003274768818,-0.7286973579512442,0.07227452173959696,-1.3048916818540242
Adrián De la Fuente,Adrian De la Fuente,Levante,D S,2704,30.04,33,-2.935885038831715,1.4264189031003498,-0.3700714430987455,-1.092674666543583,-2.123910062032063,0.15539817053352278,0.636087849207535
Carlos Espí,Carlos Espi,Levante,F S,1328,14.76,25,1.9808696642550367,-5.465275455372291,-2.9771201049283706,-2.8857468139226,-1.240194141352196,-0.5146131330977298,1.720154111204414
Carlos Álvarez,Carlos Alvarez,Levante,M S,1910,21.22,30,2.0092855316861513,-1.826633906531961,1.4491691554525303,1.6551052452287331,1.486256080544936,-0.47719538462921096,0.06349935907457026
Iván Romero,Ivan Romero,Levante,F M S,2339,25.99,32,2.0355538440372065,-3.2562085059121046,-0.9391464319512427,-1.4672617446411749,1.0164636269112497,1.3778518799793684,-0.6077223650255409
Jeremy Toljan,Jeremy Toljan,Levante,D,3199,35.54,37,-2.530994658811728,-0.948810743023252,0.3614979710197193,2.5415997669697616,-0.8493039925855855,-0.8497968398886435,0.48326157040663925
Jon Ander Olasagasti,Jon Ander Olasagasti,Levante,F M S,1712,19.02,33,1.2414346440660604,-0.40902623941841115,0.8629939071710059,1.789183440801237,-1.2674950879691735,0.5290646084290008,-0.6537841402457784
Kareem Tunde,Kareem Tunde,Levante,M S,1183,13.14,21,-1.2706146681221853,-2.3541912325121155,-1.2418057935819777,0.8124646340947451,1.069281872437347,1.4654279661632177,-0.7845410832481747
Kervin Arriaga,Kervin Arriaga,Levante,M S,1511,16.79,27,-2.256634318504862,0.19003489118962563,0.22857685130391042,-0.2381366590959108,0.8108324849394837,0.23641246008170924,2.1700316314587416
Manuel Sánchez,Manuel Sanchez,Levante,D S,2844,31.6,33,-2.9006323262630094,-0.7385620156683047,-0.6541193643108051,1.92520288098646,-0.09943060256678203,-0.32035152839683273,0.06420715895923475
Matías Moreno,Matias Moreno,Levante,D S,2265,25.17,28,-4.372413075074868,0.04863171538082349,0.2419022759786076,-0.4104853151735574,-0.7541381502805468,1.027668983514736,-0.981945798237398
Oriol Rey,Oriol Rey,Levante,M S,1316,14.62,20,-2.4713584834930713,-0.4289151817244818,0.8754512274219783,0.6978285065211566,1.516156706007311,-0.8339739086173664,-1.1993071072715114
Pablo Martínez,Pablo Martinez,Levante,M S,1878,20.87,27,0.5971757526427097,-1.2440109015444498,0.5814636569186431,2.291490287431652,-0.656573308764547,-1.1657646510962834,-0.9551428066749801
Roger Brugué,Roger Brugue,Levante,F M S,1008,11.2,19,0.678008858660663,-4.377499451886706,-0.9385765564776045,0.08453420710705717,-1.0326480196164485,-1.2572762640128505,-2.415125061895011
Víctor García,Victor Garcia,Levante,F M S,1065,11.83,21,-0.309472270160482,-1.6622217567046609,-0.647427087270339,1.9722895374680591,-0.7584459160077663,0.6816432939705421,0.8457808499270678
Etta Eyong,Etta Eyong,"Levante,Villarreal",F S,1657,18.41,33,2.2540281857692204,-5.109583366801848,-1.869318987017081,-1.5272885867404848,-0.7300442193973867,-0.2648738007658193,-1.2272297071191611
Antonio Sánchez,Antonio Sanchez,Mallorca,D M S,1016,11.29,30,2.2971044905681888,0.45066668312316577,-2.3620262360055184,1.7853542151754846,2.00678231881305,-1.438185088590467,0.06147441842812252
Jan Virgili,Jan Virgili,Mallorca,F M S,1807,20.08,31,1.4853190145078896,-3.018503871856008,-0.4356309349602052,2.6886748674553425,-0.3630391054549379,0.7305671584408595,0.07760336402529489
Johan Mojica,Johan Mojica,Mallorca,D S,2723,30.26,35,-0.7847964261847347,-0.04057772544635228,0.2720642882555951,2.5357816515788407,-0.29099193267025164,-0.5022107709830418,-0.3761531269421483
Manuel Morlanes,Manuel Morlanes,Mallorca,M S,1801,20.01,32,-1.6565939581003781,0.38264241973501145,1.351942903954726,-0.5082469308412854,1.9756141199470305,-0.7339391903919943,1.4354346343187028
Martin Valjent,Martin Valjent,Mallorca,D,3311,36.79,37,-4.962668476031049,0.0498479034814294,-0.34077842950253623,-0.724107462163416,-1.3071316194707077,0.9124708502723005,-0.7112574523372923
Mateo Joseph,Mateo Joseph,Mallorca,F M S,1707,18.97,29,0.4280652122959883,-3.6818811665233864,-0.6762311949907882,-0.5569633845147574,1.95761054553129,0.7523633834455539,-1.9679671898817157
Omar Mascarell,Omar Mascarell,Mallorca,D M S,2251,25.01,30,-3.451888751061586,0.07919577172269747,0.2822176435919747,-0.550679355482767,1.2582207414465705,-1.0025953134260852,2.4577905423844997
Pablo Maffeo,Pablo Maffeo,Mallorca,D S,2690,29.89,31,-3.3221134353917336,0.39547261887769297,-0.10915737095682106,1.2177085509368486,-0.886556034492358,0.9209869306848824,1.4087207571405829
Pablo Torre,Pablo Torre,Mallorca,M S,1614,17.93,35,1.9501886390095986,-0.5432138850679402,1.4331700259264928,1.469290479114366,1.001330679229632,-0.3082009258026936,1.0498256424938452
Raíllo,Raillo,Mallorca,D S,2069,22.99,24,-4.763299513083246,-0.6155848815698112,-0.24881268135267895,-0.10163409881287692,-0.5956664594526055,0.04659071661533638,-0.4286559799232036
Samú Costa,Samu Costa,Mallorca,M S,2731,30.34,34,-1.098498935466159,-0.5510701663472957,-1.2817052530677924,-0.43883844264322797,1.2996110161568564,-0.8885779261517873,2.3948728993152577
Sergi Darder,Sergi Darder,Mallorca,M S,2715,30.17,38,0.45107652318199987,-0.1234245389779838,1.6132635406484916,1.8699789837113552,-0.7208424112046956,0.7713011879322041,-0.6149855897940331
Vedat Muriqi,Vedat Muriqi,Mallorca,F S,3150,35.0,37,1.3170015016364003,-4.934335489293529,-0.7993921100838532,-2.922659634455042,-0.5891231016095696,0.24916616596664318,2.0709267105194833
Abel Bretones,Abel Bretones,Osasuna,D M S,1600,17.78,28,-1.6462922101072943,1.3865215251470384,-1.5721312669004839,1.6140412037400553,-0.17992225383970206,0.8374093638034411,1.5256468506047807
Aimar Oroz,Aimar Oroz,Osasuna,F M S,2175,24.17,31,2.599360807642761,0.2215847634664485,0.22932644893707388,0.08748469949074221,2.472632929715905,1.539507750230501,-0.4577040900580299
Alejandro Catena,Alejandro Catena,Osasuna,D,3083,34.26,35,-4.577404307080242,0.5401858873183758,-0.3719242763184765,-0.7620235222729336,-1.228652224855831,0.7696895196296484,0.3929750968246869
Ante Budimir,Ante Budimir,Osasuna,F S,2995,33.28,37,0.5444807886589461,-6.339040883564965,-2.911943133171663,-1.1333548597507765,-1.0152604191986676,-1.4271272640683272,0.2460381570070168
Enzo Boyomo,Enzo Boyomo,Osasuna,D S,2544,28.27,30,-3.8831536920984915,0.9503568502658081,-0.30094790178101416,0.32966596991422226,0.10850495829578888,0.10709563284788759,0.8871662591487327
Jon Moncayola,Jon Moncayola,Osasuna,D M S,3061,34.01,36,-1.076068967351834,-0.13779775166405353,-0.12686107313809056,1.732452177822572,-0.1909067281045004,-0.45790978350671036,-1.8881197195823896
Jorge Herrando,Jorge Herrando,Osasuna,D S,1597,17.74,28,-4.984824972937217,-0.29851783953157784,-1.3442128784869711,0.653402518574326,-0.9112116717317377,1.0536475990623915,-0.0990464495013494
Lucas Torró,Lucas Torro,Osasuna,M S,2362,26.24,34,-1.7292195638169592,1.189327631716859,-2.7627002121582356,-1.0487576665160367,0.5932770647949857,-0.037056097091149834,-0.8145908415215279
Moi Gómez,Moi Gomez,Osasuna,M S,1202,13.36,26,1.9557389725717154,3.5131395785634103,0.019502980546752396,0.21029692479593978,0.77514299679175,-0.035479645743238926,0.42311791861764314
Rubén García,Ruben Garcia,Osasuna,F M S,2297,25.52,35,1.3316236040114557,-0.23380993286867313,1.2240269769957162,1.6300136080721774,0.7715605567780196,-0.8823142948928026,0.5120329736010109
Valentin Rosier,Valentin Rosier,Osasuna,D S,2563,28.48,31,-3.2561362965963476,0.1614318128714665,-1.5335618663549713,0.9254991165634847,-0.36156488718824814,0.06031936982527855,0.3488979015147481
Víctor Muñoz,Victor Munoz,Osasuna,F M S,2705,30.06,34,1.7509115598372638,-3.5850737411739826,-1.5867972799322112,1.0573596479459133,-0.6998290092589791,1.0881385674435318,0.023893537769692195
Alemão,Alemao,Rayo Vallecano,F S,1118,12.42,26,0.26738228751185206,-4.735914947931442,-1.3974181368051022,-0.926117794870601,0.9138214353934788,-0.46171872633852784,0.5864127809515712
Alfonso Espino,Alfonso Espino,Rayo Vallecano,D M S,1472,16.36,30,1.916304362114826,4.514307497881772,-2.855066342729784,2.7195094459049063,0.37550231248048715,-1.0937497972865802,-0.7884773508734012
Andrei Ratiu,Andrei Ratiu,Rayo Vallecano,D M S,2791,31.01,35,0.5109015474071965,0.04229068085953971,1.0180559111466763,1.1659434352817655,0.05098813035770428,0.5477911829605744,-1.5865158052977537
Florian Lejeune,Florian Lejeune,Rayo Vallecano,D,3233,35.92,36,-3.1462037662136946,1.0923027582068416,0.09891786915706949,-1.2852623710311943,-1.919701973186866,1.1866091731793478,-0.08679336056957973
Fran Pérez,Fran Perez,Rayo Vallecano,F M S,1226,13.62,29,3.0633049564858785,-0.13872489830764098,-1.2399505493371723,1.9269157165390203,3.3119857750790085,-0.12074199858274154,-0.7073613912883279
Gerard Gumbau,Gerard Gumbau,Rayo Vallecano,M S,1153,12.81,28,6.537492932979116,8.547550005084537,-2.1711828403262814,2.5834541945208884,-1.3118451455758067,-2.2853299369391027,-1.2581299127296448
Isi Palazón,Isi Palazon,Rayo Vallecano,F M S,2294,25.49,31,3.363066355442989,-0.23868387354426662,-1.1482033563347507,1.3695016367146484,0.3570416457886663,0.8219879509627585,-1.0048451906751146
Jorge De Frutos,Jorge De Frutos,Rayo Vallecano,F M S,2526,28.07,36,1.8113512325418348,-3.741013309699949,-1.3724008607529146,0.8881389110430931,-0.3394662826957591,-1.2548443387337018,-0.9642658256016523
Nobel Mendy,Nobel Mendy,Rayo Vallecano,D S,1834,20.38,24,-4.400727892121831,-0.3705366935029498,-1.1256932902359458,-1.0673860164077504,-0.7348383202107498,-0.6031102760966356,1.0197761687373408
Pathé Ciss,Pathe Ciss,Rayo Vallecano,D M S,1974,21.93,29,-2.44693301731011,1.2309932749246018,1.214260504531676,-1.8045520281511922,0.17878351640666945,0.3269068218989641,-1.108326835389161
Pedro Díaz,Pedro Diaz,Rayo Vallecano,F M S,1868,20.76,34,0.2720873871809289,-1.1088698638709902,0.2959711159009841,1.026390950356043,0.9055417666777417,0.33560705111652644,-1.6874061299593432
Pep Chavarría,Pep Chavarria,Rayo Vallecano,D S,2672,29.69,33,-1.7892933853213453,0.21898701646043747,0.7150803270303788,1.1770265629242451,0.13103537773044652,-0.0489672304499101,0.04358429173089731
Unai López,Unai Lopez,Rayo Vallecano,M S,1637,18.19,28,2.2151081127323557,3.068949590614755,-0.7801873001331491,1.9956850823066423,1.2455758524678977,-1.3791401567450257,-1.2256601081511576
Álvaro García,Alvaro Garcia,Rayo Vallecano,F M S,2123,23.59,32,2.516068111502786,-2.3572611263442944,-0.010179600710089252,0.6718919278083454,-1.5265103468941246,-0.008417290828614706,-1.7025372060251382
Óscar Valentín,Oscar Valentin,Rayo Vallecano,M S,2143,23.81,33,-1.4664139804710554,2.0370129858897394,-1.7862673169524574,0.33571466032396985,2.2302862206304646,-0.921594082344219,-0.828885261657836
Abdessamad Ezzalzouli,Abdessamad Ezzalzouli,Real Betis,F M S,2275,25.28,29,3.5134972735069008,-2.0489967117698256,0.13928496073622926,-0.5714355794628428,-0.40560774046280396,1.3045991738473586,0.3592516370994985
Aitor Ruibal,Aitor Ruibal,Real Betis,D F M S,1809,20.1,27,0.021180327920853503,-0.7779319691952192,-0.3494497079987204,0.3364068163623749,0.6247733929344107,-0.40491554936527047,0.04756275164082941
Antony,Antony,Real Betis,F M S,2495,27.72,32,3.6589749935916918,-1.5002431322977328,2.022527911084566,-0.7169452151909479,-1.0448087383253777,0.49448834334583225,-0.8932082229414539
Diego Llorente,Diego Llorente,Real Betis,D S,1221,13.57,18,-3.598381532356368,5.726242706998109,-2.0840443920573746,-3.1239437519395947,-1.9685954710548204,-0.8315508960606016,1.1046738511025809
Giovani Lo Celso,Giovani Lo Celso,Real Betis,F M S,1396,15.51,24,4.026791956537326,0.9957143995056487,2.7214232494950763,-0.2685819746047205,0.07370910058558194,1.7014090513718803,0.752954233554521
Héctor Bellerín,Hector Bellerin,Real Betis,D S,1822,20.24,27,-1.8932437089699001,-0.20039160167407719,2.287401258698182,0.17033283440795682,0.08428314347038336,-1.6015352805706655,1.9387487436219102
Juan Camilo Hernández,Juan Camilo Hernandez,Real Betis,F S,2623,29.14,32,2.459250702520808,-3.9976606386015185,0.38395639971153767,-1.8070835130339784,0.1591150237586839,0.4325056460794952,-0.6690246754260543
Marc Bartra,Marc Bartra,Real Betis,D S,1973,21.92,25,-3.9899273401909805,1.383175534576996,-0.03842811140288142,-0.14915190567637207,-1.3115244010870568,-0.3571960316920567,0.8769960010601129
Marc Roca,Marc Roca,Real Betis,M S,2020,22.44,29,-0.8158640226802251,0.8101057053311502,0.21868468282481834,0.6481265243792951,1.6203475914513448,-1.0743362495304905,-0.15323523726605026
Natan,Natan,Real Betis,D S,2820,31.33,33,-4.946767225680549,-0.4813848769631373,-0.5367315918600126,-0.05996655739475975,-0.7082331715460533,-0.23578661138105905,-0.6205653523680567
Pablo Fornals,Pablo Fornals,Real Betis,F M S,2912,32.36,37,2.96361832452719,0.35009169633178905,4.069719997344672,1.3081486755268945,0.8013411368679919,-2.116061394656924,2.427575602426627
Ricardo Rodríguez,Ricardo Rodriguez,Real Betis,D S,1552,17.24,23,-2.323259607579718,4.095711326924874,-0.4220603883394514,0.14331058041787187,-0.2971597992464954,-0.21225828356324383,0.3489039109431733
Sergi Altimira,Sergi Altimira,Real Betis,M S,1176,13.07,24,1.084963407003289,5.020173276488527,-0.7171334575440751,-0.8054223117386581,3.623874626312567,0.5319908619753281,-0.6479427312159383
Sofyan Amrabat,Sofyan Amrabat,Real Betis,M S,1297,14.41,17,-2.2505347377375666,1.4907776135050466,0.8740699829376771,-0.8212643359868077,2.8629391554718384,0.6458716360695886,-0.941097150882067
Valentín Gómez,Valentin Gomez,Real Betis,D S,1852,20.58,28,-3.6181765353879505,0.6661135228494737,-0.05404601935532606,-0.33449937399640345,-0.1855091250881782,0.8870483138151464,0.35562677988216057
Antonio Rüdiger,Antonio Rudiger,Real Madrid,D S,1501,16.68,18,-2.908778435420903,3.049300447391548,-0.3575578885591611,-1.432522304358463,-1.3962004928261547,-1.6142045326120928,-0.322251806110224
Arda Güler,Arda Guler,Real Madrid,F M S,2076,23.07,33,3.8925708219137074,1.117957912252243,4.898721245318695,0.282260319624497,-0.04599308658745792,1.2049985005074382,-1.0967172383372785
Aurelien Tchouameni,Aurelien Tchouameni,Real Madrid,M S,2656,29.51,33,-2.960439172729523,1.3614896256774411,1.7563116730566568,-2.361651542493407,0.20326853028274772,1.1255861688624829,-2.0041207169215616
Brahim Diaz,Brahim Diaz,Real Madrid,F M S,1243,13.81,30,5.178933885541789,0.0924137908034868,1.1860904615480254,0.36082523443883446,0.619625375084601,2.135675531295289,0.9433914056218133
Dean Huijsen,Dean Huijsen,Real Madrid,D S,2046,22.73,28,-2.750588351256138,2.7408808726486824,0.20372514094519384,-1.9901914732392298,-1.5591137750405857,-2.2028004152340785,0.23657816655890454
Eder Militão,Eder Militao,Real Madrid,D S,1147,12.74,16,-2.251986395396172,0.8455981687878966,1.383962168794493,-2.270478168893845,-0.9408303499323255,0.4065510120407419,0.11706804833805451
Eduardo Camavinga,Eduardo Camavinga,Real Madrid,D M S,1507,16.74,29,0.7197130260268798,4.485209523571356,0.15211037933555704,-0.638741929972123,2.9598752370511674,2.6410643589730336,-0.5446235756449115
Federico Valverde,Federico Valverde,Real Madrid,D F M S,2765,30.72,33,-0.3844682286874131,2.7825632424557107,4.225894621382083,-2.3926512094553427,0.42234465393993,0.8470428723121172,1.2167315602923896
Franco Mastantuono,Franco Mastantuono,Real Madrid,D F M S,1026,11.4,23,3.702251991484447,-0.8601480794347983,1.4167386230663719,-0.16532562395158393,1.3598596486619314,0.8475249946764016,-1.7637135673757687
Jude Bellingham,Jude Bellingham,Real Madrid,M S,1933,21.48,28,3.5262597297601856,1.1533779950162806,0.965956132248938,-3.2612446514781417,0.26874597492293895,1.122767592564262,-0.8058034214769024
Kylian Mbappe-Lottin,Kylian Mbappe-Lottin,Real Madrid,F S,2623,29.14,31,6.050050927514892,-4.188013549885057,2.4356792230951743,-4.854409371857565,-1.3377260862071356,0.712166438020538,-0.8680517134205744
Raúl,Raul,Real Madrid,D S,1692,18.8,23,-3.549702895984562,-0.13004810197943606,1.6769364873295596,-1.8643811725222788,0.024401302036514413,0.36590814847870207,0.63840819991727
Trent Alexander-Arnold,Trent Alexander-Arnold,Real Madrid,D M S,1175,13.06,21,8.104481289807232,11.343022851212773,0.6267387705935176,4.34553828443662,-4.1489542483540145,-3.7719992217530725,-0.055294880879401515
Vinícius Júnior,Vinicius Junior,Real Madrid,F M S,2865,31.83,36,4.782459232055106,-2.6913264729892887,2.0787231046049177,-0.7803299974000378,0.7134451088249665,0.7532568486048278,1.1014527148054511
Álvaro Fernández,Alvaro Fernandez,Real Madrid,D S,2334,25.93,28,-1.695887945088735,-9.310840174798864,-2.362464413756342,6.956745820393792,-1.364564683599062,-8.136046016192115,-0.7160369095411308
Alberto Reina,Alberto Reina,Real Oviedo,F M S,2616,29.07,38,-0.9148002006643312,-1.3040489196418996,0.9966735697621452,0.29989785298107824,1.2960318188116198,0.29792445776169146,0.8649377630887074
Dani Calvo,Dani Calvo,Real Oviedo,D S,1688,18.76,21,-6.189616108435388,-0.5179204154013325,-0.378289975022618,-0.6940330230732729,-0.9816439859336676,2.0426978062225136,-0.21564794493673284
David Carmo,David Carmo,Real Oviedo,D S,1785,19.83,22,-4.581666435188332,1.4109610575391676,-0.46472594982746135,-0.86493202256963,-1.2527229383233345,-0.24790363443152622,0.6658780594851285
David Costas,David Costas,Real Oviedo,D S,2073,23.03,25,-4.803419495107547,0.0740271916645789,0.685034874618831,-2.2631002812998466,0.23145186246434296,0.8469237250457227,1.416203468252438
Eric Bailly,Eric Bailly,Real Oviedo,D,1327,14.74,16,-5.1468379700158895,-0.48719600395190366,-0.3980680554046632,-1.0940004268585117,-0.8197945680462773,0.8243404228765671,1.9562530441788362
Federico Viñas,Federico Vinas,Real Oviedo,F M S,2575,28.61,34,0.26928189493384375,-3.1122892594723828,-0.9699078804818088,-0.7910803320056448,0.19927621144474492,2.385403416567264,0.49143661266618704
Haissem Hassan,Haissem Hassan,Real Oviedo,F M S,1937,21.52,38,0.4496724735188316,-1.5215025882785618,-0.11731638628678907,1.7287838484700662,1.4737074818877753,1.919487216117878,-1.2380232824864914
Ilyas Chaira,Ilyas Chaira,Real Oviedo,F M S,2584,28.71,37,1.5820505487999634,-3.269258201004411,-1.1139779720866172,-0.16030365637339217,1.5657809484316314,-0.05874282008963243,-0.0483013284309738
Javier López,Javier Lopez,Real Oviedo,D S,1825,20.28,26,-2.130333022265052,-0.17007580348205337,-1.0693728909323077,2.429840318481187,-0.24313985611147865,-0.015537751671078699,-0.390622965829091
Kwasi Sibo,Kwasi Sibo,Real Oviedo,M S,1782,19.8,27,-3.188396385951191,-1.3578406960067066,-0.11969139730619666,-0.09799286643749325,2.708623621222869,-0.20064504122944699,-0.9839643587765733
Leander Dendoncker,Leander Dendoncker,Real Oviedo,M S,1338,14.87,19,-3.3879741333075044,-0.7821196248344409,0.044028901910804996,0.29967644825288736,1.3392946205826903,0.37761304780274535,0.718862461370941
Lucas Ahijado,Lucas Ahijado,Real Oviedo,D S,1086,12.07,20,-2.5593194339083087,0.7764811162725755,-0.4876549330090194,0.9524057473081365,-1.2839562300438596,1.5420090032337803,-0.9008897469572115
Nacho Vidal,Nacho Vidal,Real Oviedo,D S,2383,26.48,30,-3.4424808134128533,-0.9508599794296178,-1.627707918117125,0.5311513061422465,-0.6796987107141502,0.7455698363198998,-1.6155308715204681
Nicolás Fonseca,Nicolas Fonseca,Real Oviedo,M S,1028,11.42,19,-2.0531197737866247,1.6287348774493229,-0.9580573514148942,0.2397658814094704,3.019189382001592,-0.3735206892267816,-0.9509851501173326
Rahim Alhassane,Rahim Alhassane,Real Oviedo,D S,1689,18.77,28,0.7128828932485833,-0.4072009754425966,0.08929697641207501,2.290958415077164,1.8784769031379254,1.872451306588357,-0.2683838587704811
Salomón Rondón,Salomon Rondon,Real Oviedo,F S,1054,11.71,16,-0.8056568718796097,-4.38163867719392,-1.0152996514499648,-1.3227321765365274,1.691611505974644,0.30872396747519637,-0.09595902848426205
Santiago Colombatto,Santiago Colombatto,Real Oviedo,M S,2157,23.97,33,-1.9264591877116959,0.1786059055883609,0.4360406961082731,1.0764063976306375,0.7717788331121824,1.2416057114138097,-0.8045732965822088
Ander Barrenetxea,Ander Barrenetxea,Real Sociedad,F M S,1794,19.93,30,3.525936213483934,-0.8584937055042913,1.192203089035034,1.698474619694279,-0.14492561931310805,-0.039867469590312975,-0.36548119529580353
Beñat Turrientes,Benat Turrientes,Real Sociedad,M S,1355,15.06,27,0.05433737785735317,0.047235808556927945,0.07852618101191712,-0.4705678188792297,2.966155316170034,1.1895162887266835,-1.153180251647828
Brais Méndez,Brais Mendez,Real Sociedad,F M S,1708,18.98,29,4.907811161273271,1.5765750293482637,-0.2057252182649517,0.791327623894386,0.3229519545380422,-0.11249542639419902,0.34002555940024365
Carlos Soler,Carlos Soler,Real Sociedad,F M S,2346,26.07,33,0.46258748642593395,-0.46326157291795705,2.538399724465868,0.3681746641895768,0.42810119206545233,-0.2020378353101411,0.2914937428685337
Duje Caleta-Car,Duje Caleta-Car,Real Sociedad,D S,2140,23.78,27,-4.313382967087133,-0.7307815718427488,-0.3180649062933282,-1.151707413049603,0.1429738586836451,-1.4089917858818468,-0.40113271888711094
Gonçalo Guedes,Goncalo Guedes,Real Sociedad,F M S,1833,20.37,32,2.240457244988793,-1.9934868807567763,1.6515307462007922,0.8187683505833632,0.30493914995745874,-0.5414852382329387,2.759004164410373
Igor Zubeldia,Igor Zubeldia,Real Sociedad,D S,2080,23.11,25,-3.346006692826944,1.5519755869321303,-0.8383609717467266,0.12026836224531468,-0.33933794566492387,-1.1013117983337948,-0.6738423316196448
Jon Aramburu,Jon Aramburu,Real Sociedad,D S,2789,30.99,35,-2.963080625455521,0.8581693437175923,-2.2689256712902495,0.49593897736585585,0.31163956506800566,0.2376135157384865,-0.5013634914614405
Jon Gorrotxategi,Jon Gorrotxategi,Real Sociedad,M S,2235,24.83,30,-2.107434124359101,0.3312046613511273,0.6889476095614084,-0.1756881023151023,1.753976877973752,-0.3389957594766597,-0.2726610996402283
Jon Martín,Jon Martin,Real Sociedad,D,2250,25.0,25,-4.800334231168999,-0.018255866377482177,0.3626584876190272,-2.1246196716336274,-1.2143311820231137,0.8206241029804042,0.4733982018047752
Luka Sucic,Luka Sucic,Real Sociedad,F M S,1003,11.14,22,4.405724803682629,2.5178716162661536,-1.2927929319097387,-0.3326944012800256,0.4093532237246295,1.2992342297842157,0.6996291371000435
Mikel Oyarzabal,Mikel Oyarzabal,Real Sociedad,F S,2727,30.3,34,2.5506195805102196,-3.8617177725219265,0.423052054217634,-1.1438450564120908,-1.1094350552581345,0.5130093696562708,-0.7924054461915004
Pablo Marín,Pablo Marin,Real Sociedad,M S,1491,16.57,34,-0.9552977970707267,-2.593806949749746,-0.39960846362347524,2.0972772897847674,0.47416765544030604,0.13176523684054423,-1.221628824770376
Sergio Gómez,Sergio Gomez,Real Sociedad,D M S,2712,30.13,35,0.19171941504254478,0.20553315596854432,2.172183080932356,2.3278207928610932,-0.2877893904749673,0.2920472291870513,-0.1916428834637091
Takefusa Kubo,Takefusa Kubo,Real Sociedad,F M S,1531,17.01,24,5.7475514117900675,1.1523530027217324,-0.27902197657090544,1.258889717285392,0.5945715811741751,2.984638830854378,0.5788421529850677
Umar Sadiq,Umar Sadiq,"Real Sociedad,Valencia",F S,1028,11.42,25,3.7779335293459995,-4.386747695302969,-2.576935058784823,-1.2069094212463076,0.9240268611616207,0.46513027681966196,-0.7925471591696103
Akor Adams,Akor Adams,Sevilla,F S,2048,22.76,32,1.6636064309573242,-5.705576368149835,-2.8047568165211887,-1.1172302723108778,-0.8582701277363853,-1.2051402588582696,0.0005160616193414903
Alexis Sánchez,Alexis Sanchez,Sevilla,F M S,1278,14.2,28,1.2350116718589164,-1.7941837502799782,-0.005830071518655001,1.00350808822393,-0.09787726648333633,-0.5449498903934672,0.7156804465505281
Andrés Castrín,Andres Castrin,Sevilla,D S,1251,13.9,19,-4.572785839688304,1.20310733582776,-0.510575181437894,-1.408155675688151,-0.386419674707304,1.3368072638279083,0.9821980548673872
Batista Mendy,Batista Mendy,Sevilla,M S,1632,18.13,27,-2.002564975776414,-0.27090819451493653,-0.6828496068863861,0.013564223583772374,1.8272516322374217,0.5720783409223497,0.1269310246917799
César Azpilicueta,Cesar Azpilicueta,Sevilla,D,1233,13.7,17,-2.3785924690561253,1.1290744777873198,-1.125036474754989,1.2596692811109191,0.3207999791055064,-1.3824780104915753,-0.46091342924545853
Djibril Sow,Djibril Sow,Sevilla,M S,2235,24.83,33,-1.9277598654263366,-0.9144268385073517,1.8867521375672542,-0.19999650284002848,2.432415054894312,-0.1384344480792745,3.251779025863304
Gabriel Suazo,Gabriel Suazo,Sevilla,D S,2107,23.41,29,-0.5997009933875921,1.8414256869173944,0.3165405209972449,2.4073520648849676,0.7200184214690215,0.3714374439332012,-0.6073179526618093
Isaac Romero,Isaac Romero,Sevilla,F M S,1506,16.73,29,4.050087922898808,-3.8381907781022635,-2.1004079263170157,-1.723349191610831,2.4554567624702504,-0.45716213129077554,-0.6251255323568026
José Ángel Carmona,Jose Angel Carmona,Sevilla,D M S,2561,28.46,35,-2.112142421951183,1.8605165357617035,-1.1689126591259353,1.1226532803339533,0.11081177287953642,0.13422082043970693,-0.39329681110988923
Juanlu Sanchez,Juanlu Sanchez,Sevilla,D M S,2016,22.4,32,-1.2514075157437425,0.2123831770566551,0.44427318797853327,1.0547916125977042,2.0322585614752797,1.9793708364733682,-0.7855172992587458
Kike Salas,Kike Salas,Sevilla,D S,2199,24.43,26,-4.2494632657904,1.1889786753359537,-1.316268215805287,-0.2734114286782312,-2.0997504791206127,0.3236186992764007,1.6439380245707256
Lucien Agoume,Lucien Agoume,Sevilla,F M S,2728,30.31,34,-1.8168298913731429,0.43379906437683347,0.14682672998615898,0.7217166386880872,0.5631362684253218,-0.8011920369307125,0.011786666535046213
Nemanja Gudelj,Nemanja Gudelj,Sevilla,D M S,2349,26.1,34,-3.794684221986636,0.2251495994439749,0.3715365403688047,-0.45835070344807166,0.032994718136301844,1.4567009740105192,0.4784081773691573
Oso,Oso,Sevilla,D F M S,1397,15.52,21,-0.5625026013012565,-1.2007546719610727,0.22662502771441922,2.0632278301170257,-0.8009824837927741,0.9922781370019715,1.0072032686675736
Ruben Vargas,Ruben Vargas,Sevilla,F M S,1670,18.56,24,2.3533550652025332,-2.089994381016756,-0.8207779057586899,1.0724784223656336,0.28121813882143254,-0.09095844772117807,-0.10243247601024885
André Almeida,Andre Almeida,Valencia,F M S,1007,11.19,22,5.3350673548417324,4.583842286642165,0.6756515451938642,1.4536969450037625,2.829679924891982,0.5585518544198984,-1.6943537233492154
Arnaut Danjuma Groeneveld,Arnaut Danjuma Groeneveld,Valencia,F M S,1612,17.91,30,-0.8717061714261983,-5.578732406560254,0.6503146171445182,0.5903350082084762,-0.4390909463397956,-0.4134322477251968,-1.2681568153204612
Copete,Copete,Valencia,D S,1767,19.63,21,-4.193106916557459,0.5396764279475723,-0.05642771798249766,-0.6382280175818402,-0.9930122142709582,1.0151343977700824,-1.246257258751808
César Tárrega,Cesar Tarrega,Valencia,D S,2588,28.76,32,-4.375591396337874,0.7256629568324917,-1.2609871164823476,-1.2603899068217141,-0.9226571074262898,-0.000979861336574634,0.12874046442368423
Diego López,Diego Lopez,Valencia,F M S,1781,19.79,34,3.1446639453505756,-1.422574669929922,-0.3226813281421217,0.6403282197355167,2.0295667888122844,-1.1912709025286294,0.8853007315787391
Dimitri Foulquier,Dimitri Foulquier,Valencia,D S,1149,12.77,15,-0.5149538742748582,3.606224415331998,-2.047957393830692,1.1518118452558295,-0.33275388847297904,-0.13063104025160457,-0.5152536375126358
Eray Cömert,Eray Comert,Valencia,D S,1341,14.9,17,-3.164329616129992,2.5119223327652613,0.056745703717200904,-1.004121758907817,0.2693148211824001,-0.5701843360468731,1.4602408905880053
Filip Ugrinic,Filip Ugrinic,Valencia,F M S,1515,16.83,27,-0.3455882705103107,0.12407585709143541,1.742041235154081,1.1940113276446265,-0.26526452176356663,1.5140888723315964,-0.8838452058524209
Guido Rodríguez,Guido Rodriguez,Valencia,M S,1310,14.56,16,-1.0656944172144414,4.27766666624581,-0.6620185089319365,-1.6498217454031976,1.8893430406396858,0.46191114270249617,1.9990179648665498
Hugo Duro,Hugo Duro,Valencia,F S,1979,21.99,36,1.9594062427465726,-3.675879930430164,-2.1842583326664013,-1.2392992850623934,0.7105903054959949,0.30913469624479273,1.519601720192329
Javier Guerra,Javier Guerra,Valencia,F M S,2086,23.18,36,2.072220159289384,0.551656673329127,-0.3017181355969682,0.7346370609680637,1.5325719824656698,-0.8985421394886965,0.1917672749632713
José Gayá,Jose Gaya,Valencia,D S,2491,27.68,32,-2.932025698368843,-0.0322667693622887,0.14960408551424592,1.0697761319641337,-0.17038111130303824,0.8285610433035374,0.4598178121322616
Largie Ramazani,Largie Ramazani,Valencia,F M S,1200,13.33,27,5.247668799007962,-2.589316457533763,-1.6585270899120268,0.27957766706888326,0.03759674627516671,-0.9712987298450705,-1.060094790165415
Lucas Beltrán,Lucas Beltran,Valencia,F S,1377,15.3,27,2.473907329405755,-2.082468638390261,-0.9088942633924778,-0.551998532875743,0.5687376958448079,0.39585677352101917,-1.2777784719569587
Luis Rioja,Luis Rioja,Valencia,D F M S,2676,29.73,37,0.5346572788935268,-1.1631418870766692,0.64539437910415,1.642997556395733,0.2382617257962034,0.3209314587913284,1.0955523972121324
Pepelu,Pepelu,Valencia,D M S,2253,25.03,31,0.6663746141231977,4.882175882571662,-0.3657456589293613,-0.008022230268167927,0.19006075159882624,-1.0880703625714467,1.085671777962306
Thierry Correia,Thierry Correia,Valencia,D S,1386,15.4,24,-0.5571540395314125,4.517440268139584,-2.5037037000809312,2.1774673126062014,-0.6472006375673358,-0.23290274080331072,-0.4761411615792348
Alberto Moleiro,Alberto Moleiro,Villarreal,F M S,2535,28.17,38,2.200875601891912,-2.0289736589300498,0.6940276115045229,1.6809449333137374,1.014511293063725,-0.4930393361467586,2.3656179596293385
Alfonso,Alfonso,Villarreal,D M S,1700,18.89,27,-0.9709804944526818,-0.274002846314841,0.42450104482692924,2.1278317918711043,-0.2138695764966845,0.8028264298917475,0.13246618989143744
Ayoze Pérez,Ayoze Perez,Villarreal,F S,1154,12.82,26,8.343385811760147,1.09439773217819,-3.591937265774789,-2.045675018368129,1.4289929666435217,1.3176918186351994,-0.11092810252865519
Daniel Parejo,Daniel Parejo,Villarreal,M S,1474,16.38,33,-1.769474067556778,1.6964095146459364,2.9485196430131686,-0.8218250544645864,-0.2162118709120045,0.43627412931370757,1.9654710694647617
Georges Mikautadze,Georges Mikautadze,Villarreal,F S,2155,23.94,33,2.578044275446665,-5.635731185955099,0.4602233675036928,-2.189842958192973,-1.3730539361056902,0.5730040409955952,-0.27063003067069374
Gerard Moreno,Gerard Moreno,Villarreal,F S,1368,15.2,22,6.9812702094262065,0.8205021273361184,0.9522564870217578,-1.4292555713660033,-1.1284094221745606,-0.11992830923839765,2.19268281712372
Nicolas Pepe,Nicolas Pepe,Villarreal,F M S,2497,27.74,37,3.6436137254797316,-2.053983344629538,2.425521967122934,0.3982169078060259,-1.3389341340237477,0.16811191945018922,-0.25547385918508536
Pape Alassane Gueye,Pape Alassane Gueye,Villarreal,M S,2280,25.33,31,-0.21178345076311136,0.46039899860550726,1.0221213597564516,-1.261719968519829,-0.6726266089530191,0.42816570123997977,0.0959516454496884
Pau Navarro,Pau Navarro,Villarreal,D,2034,22.6,24,-4.3477081829198925,0.3310634763169541,-0.14300751393501324,0.7810703417592006,0.8765279458387383,0.032640096688686074,-0.6665475872084041
Rafa Marín,Rafa Marin,Villarreal,D S,1975,21.94,23,-4.059976192853196,1.1471326621898832,-0.07039864842426158,-1.0328492885696605,-0.21234453770097741,-0.1859612577260393,-0.25881448725270695
Renato Veiga,Renato Veiga,Villarreal,D S,2553,28.37,33,-4.256530363346475,-0.5712224709176514,0.20060178283859412,-0.2492849102503263,-0.2101342085696002,-2.4894834086565694,-0.9642300447604885
Santiago Comesaña,Santiago Comesana,Villarreal,M S,2428,26.98,34,-0.49481301991643456,-0.6032713561848195,0.7617215883244168,-0.6028017454924605,0.6071579260585679,-1.265939982451761,-1.4343544741951566
Santiago Mouriño,Santiago Mourino,Villarreal,D S,2485,27.61,29,-3.017561860831216,1.4330100485015071,-1.2039790921216413,0.11236245984301993,0.6706587994972228,-0.15163679726013485,-0.38841691900362624
Sergi Cardona,Sergi Cardona,Villarreal,D S,2028,22.53,32,-0.49183058374496524,2.0965281006814456,-0.25345143893411165,1.4357452879454176,-1.568275850973571,-0.6241918972255086,-0.16739681244837268
Tajon Buchanan,Tajon Buchanan,Villarreal,F M S,1873,20.81,35,0.2277551613341941,-2.296422859241494,0.09075805230685129,1.8418387017794595,0.7156153514639773,-1.00766289868465,4.0734801034054025
