player,league,team,position,games,minutes,nineties,aerials_won_pct,attempt_assists_per90,avg_shot_distance,ball_recoveries_per90,big_chances_created_per90,big_chances_missed_per90,blocked_shots_per90,chipped_passes_pct,chipped_passes_per90,clearances_per90,crosses_pct,crosses_per90,dispossessed_per90,dribbled_past_per90,dribbles_pct,dribbles_per90,fouled_per90,fouls_per90,goal_conversion_pct,ground_duels_won_pct,interceptions_per90,key_passes_per90,kilometers_per90,long_balls_pct,long_balls_per90,npxG_per90,npxG_per_shot,pass_completion_pct,pass_final_third_per90,passes_per90,possession_lost_per90,possession_won_att_third_per90,shots_inside_box_per90,shots_on_target_pct,shots_on_target_per90,shots_outside_box_per90,shots_per90,sprints_per90,tackles_per90,touches_per90,xA_per90,xGBuildup_per90,xGChain_per90
Alejandro Jiménez,Serie A,"AC Milan,Bournemouth",DR,1,45,0.5,0,4.0,21.926771921626006,2.0,0.0,0.0,0.0,0,0.0,0.0,0,2.0,0.0,2.0,57.142857142857,14.0,2.0,0.0,0,55.555555555556,0.0,4.0,9.94,0,0.0,0.0,0,95,22.0,40.0,10.0,0.0,0.0,0,0.0,0.0,0.0,20.0,0.0,70.0,0.2808190882205963,0.48630285263061523,0.7671219706535339
Samuel Chukwueze,Serie A,"AC Milan,Fulham",MR,1,25,0.2777777777777778,0,0.0,17.638454006891692,3.5999999999999996,0.0,0.0,0.0,0,0.0,0.0,33.333333333333,10.799999999999999,0.0,3.5999999999999996,100,3.5999999999999996,10.799999999999999,0.0,0,80,0.0,0.0,11.592,0,0.0,0.0,0,84.615384615385,21.599999999999998,46.8,18.0,0.0,0.0,0,0.0,0.0,0.0,18.0,0.0,75.6,0.0,0.0759236678481102,0.0759236678481102
Adrien Rabiot,Serie A,"AC Milan,Marseille",MC,29,2550,28.333333333333332,61.111111111111,0.9529411764705883,18.5560725477797,5.294117647058823,0.21176470588235294,0.10588235294117647,0.4235294117647059,0.49382716049382713,1.411764705882353,1.4470588235294117,26.666666666667,2.1176470588235294,1.1647058823529413,0.6705882352941177,48.780487804878,1.4470588235294117,1.9411764705882353,1.2352941176470589,13.04347826087,54.661016949153,0.7411764705882353,0.9529411764705883,10.286117647058823,62.666666666667,2.6470588235294117,0.0010076116551371182,0.0006206303672946018,85.584218512898,11.894117647058824,46.517647058823535,12.211764705882354,0.45882352941176474,1.0941176470588236,0.2608695652173913,0.4235294117647059,0.5294117647058824,1.6235294117647059,16.764705882352942,2.011764705882353,65.18823529411765,0.007013659968095667,0.0047216671354630415,0.009166441945468678
Niclas Füllkrug,Serie A,"AC Milan,West Ham",FW,20,647,7.188888888888889,44.186046511628,1.2519319938176197,10.845590391622993,1.8083462132921173,0.5564142194744977,0.6955177743431221,0.6955177743431221,0.6,0.41731066460587324,1.947449768160742,0,0.1391035548686244,0.8346213292117465,0.41731066460587324,50,0.8346213292117465,1.1128284389489953,1.1128284389489953,6.25,40,0.41731066460587324,1.2519319938176197,9.958423493044823,66.666666666667,0.41731066460587324,0.13673881088977988,0.0614375073928386,71.82320441989,8.068006182380216,25.17774343122102,11.128284389489954,0.2782071097372488,2.0865533230293662,0.3125,0.6955177743431221,0.1391035548686244,2.2256568778979906,13.632148377125192,0.1391035548686244,38.809891808346215,0.062470781909074444,0.017099953047827552,0.12648306965505504
Donyell Malen,Serie A,"Aston Villa,Roma",FW,18,1478,16.42222222222222,35.714285714286,0.4871447902571042,14.055732009709574,2.070365358592693,0.12178619756427606,0.6089309878213803,1.2787550744248986,0.5454545454545454,0.36535859269282817,0.06089309878213803,16.666666666667,0.36535859269282817,2.374830852503383,0.18267929634641408,37.209302325581,2.618403247631935,1.0351826792963466,0.7307171853856563,20,32.203389830508,0.12178619756427606,0.4871447902571042,8.31129905277402,100,0.12178619756427606,0.2885685306097884,0.06769909337162971,77.272727272727,5.054127198917456,13.396481732070367,11.14343707713126,0.7916102841677944,3.775372124492558,0.44285714285714284,1.887686062246279,0.4871447902571042,4.262516914749662,12.422192151556159,0.30446549391069017,29.95940460081191,0.022492810846867196,0.11673789093313747,0.3889595228971987
Leon Bailey,Serie A,"Aston Villa,Roma",AMR,7,182,2.022222222222222,42.857142857143,0.989010989010989,17.38221349559259,2.967032967032967,0.0,0.0,0.989010989010989,0,0.0,0.0,14.285714285714,6.923076923076923,0.989010989010989,0.4945054945054945,33.333333333333,2.967032967032967,0.4945054945054945,0.989010989010989,0,35.714285714286,0.0,0.989010989010989,10.968131868131868,0,0.0,0.06667719417057195,0.044945367922385536,83.050847457627,13.351648351648352,29.175824175824175,19.285714285714285,0.0,0.4945054945054945,0.3333333333333333,0.4945054945054945,0.989010989010989,1.4835164835164836,16.318681318681318,0.989010989010989,50.934065934065934,0.030894314378991233,0.22937968168612366,0.2653040673460934
Ademola Lookman,Serie A,"Atalanta,Atletico Madrid",FW,12,797,8.855555555555556,50,1.91969887076537,16.146180917945276,2.710163111668758,0.45169385194479295,0.5646173149309912,1.5809284818067753,0.5,0.22584692597239647,0.0,30,2.258469259723965,1.2421580928481806,0.22584692597239647,53.333333333333,3.3877038895859473,0.9033877038895859,1.1292346298619824,7.4074074074074,43.75,0.33877038895859474,2.032622333751568,8.974027603513173,66.666666666667,0.6775407779171895,0.4200050651727985,0.13775474771305365,79.583333333333,10.27603513174404,27.101631116687578,12.534504391468005,0.9033877038895859,2.1455457967377667,0.2962962962962963,0.9033877038895859,0.9033877038895859,3.0489335006273524,13.776662484316185,0.5646173149309912,43.814303638644915,0.19061295635801934,0.2885363799714982,0.7395000859085409
Giacomo Raspadori,Serie A,"Atalanta,Atletico Madrid",FW,13,791,8.78888888888889,43.75,1.934260429835651,17.57655711343326,3.1858407079646014,0.0,0.34134007585335013,1.2515802781289507,0.52,1.4791403286978506,0.5689001264222503,29.545454545455,5.006321112515803,1.2515802781289507,0.34134007585335013,33.333333333333,1.7067003792667508,0.6826801517067003,0.7964601769911503,10.714285714286,38,0.11378002528445005,1.934260429835651,11.268773704171934,52.173913043478,2.616940581542351,0.09975055640024119,0.03131059131452015,80.602006688963,11.378002528445005,34.020227560050564,14.108723135271807,0.2275600505689001,1.934260429835651,0.39285714285714285,1.2515802781289507,1.2515802781289507,3.1858407079646014,15.929203539823007,0.9102402022756004,51.769911504424776,0.10814058800450467,0.030580906835578934,0.22164173052185854
Nicolás González,Serie A,"Atletico Madrid,Juventus",AMR,2,24,0.26666666666666666,100,3.75,14.713947442598146,0.0,0.0,0.0,3.75,0,0.0,3.75,0,0.0,0.0,0.0,0,0.0,11.25,0.0,0,100,0.0,3.75,11.700000000000001,0,0.0,0.3067182074300945,0.040895760990679264,40,3.75,18.75,18.75,0.0,3.75,0.0,0.0,3.75,7.5,26.25,0.0,71.25,0.1422054274007678,0.0,0.22590067237615585
Jonathan Rowe,Serie A,"Bologna,Marseille",AML,28,1611,17.9,36.363636363636,1.1731843575418994,19.101863908398933,3.687150837988827,0.2793296089385475,0.335195530726257,0.782122905027933,0.3870967741935484,0.670391061452514,0.1675977653631285,23.076923076923,2.905027932960894,1.6759776536312851,0.5027932960893855,53.846153846154,5.027932960893855,2.7932960893854752,1.2849162011173185,6.25,53.603603603604,0.446927374301676,1.1731843575418994,9.655307262569833,32.142857142857,1.564245810055866,0.023497599463223082,0.008762646466493607,80.927835051546,7.932960893854749,21.675977653631286,13.46368715083799,0.670391061452514,1.6759776536312851,0.3541666666666667,0.9497206703910616,1.005586592178771,2.681564245810056,18.715083798882684,1.1731843575418994,45.81005586592179,0.0,0.007425971204342123,0.029362663210437286
Ciro Immobile,Serie A,"Bologna,Paris FC",FW,6,191,2.1222222222222222,30,0.4712041884816754,15.680535729945612,2.8272251308900525,0.0,0.4712041884816754,0.4712041884816754,0,0.0,0.4712041884816754,0,1.4136125654450262,0.9424083769633508,0.4712041884816754,0,0.0,1.4136125654450262,3.769633507853403,0,23.529411764706,0.0,0.4712041884816754,9.603141361256544,100,0.4712041884816754,0.02964419532196684,0.031455785036087036,71.428571428571,6.12565445026178,23.089005235602095,16.020942408376964,0.4712041884816754,0.4712041884816754,0.0,0.0,0.4712041884816754,0.9424083769633508,21.20418848167539,0.4712041884816754,38.638743455497384,0.029867436561284887,0.0593472939199178,0.10092439841849642
Zito,Serie A,"Cagliari,Mallorca",FW,12,335,3.7222222222222223,20,0.8059701492537313,19.219856381254434,2.6865671641791042,0.26865671641791045,0.5373134328358209,0.26865671641791045,0.6666666666666666,0.5373134328358209,0.26865671641791045,28.571428571429,1.880597014925373,1.3432835820895521,0.8059701492537313,25,3.2238805970149254,4.835820895522388,1.0746268656716418,0,53.488372093023,0.26865671641791045,0.8059701492537313,9.733432835820894,0,0.0,0.30926807313712673,0.09593037453790505,76.923076923077,5.641791044776119,17.46268656716418,12.626865671641792,0.5373134328358209,1.880597014925373,0.5,1.6119402985074627,1.3432835820895521,3.2238805970149254,19.611940298507463,0.5373134328358209,38.6865671641791,0.1043639796327299,0.10987286764516759,0.51741845171843
Matías Vecino,Serie A,"Celta Vigo,Lazio",MC,13,605,6.722222222222222,46.428571428571,0.4462809917355372,22.193274574960103,4.760330578512397,0.1487603305785124,0.0,0.4462809917355372,0.5625,1.3388429752066116,2.5289256198347108,0,0.0,0.4462809917355372,0.5950413223140496,0,0.0,0.4462809917355372,1.1900826446280992,0,41.379310344828,1.0413223140495869,0.4462809917355372,11.714876033057852,40,2.231404958677686,0.00628658753534979,0.006037119776010513,88.617886178862,9.37190082644628,54.892561983471076,8.62809917355372,0.1487603305785124,0.2975206611570248,0.0,0.0,0.743801652892562,1.0413223140495869,13.239669421487603,1.487603305785124,67.38842975206612,0.0,0.1423338874558772,0.14519899652516546
Bryan Zaragoza,Serie A,"Celta Vigo,Roma",FWL,4,135,1.5,0,2.6666666666666665,20.29665500061738,4.666666666666667,0.6666666666666666,0.0,0.0,1.0,0.6666666666666666,0.0,33.333333333333,6.0,1.3333333333333333,0.6666666666666666,60,6.666666666666667,3.3333333333333335,3.3333333333333335,0,52.173913043478,0.0,2.6666666666666665,7.12,100,0.6666666666666666,0.12098832925160725,0.1814824938774109,83.050847457627,16.0,39.333333333333336,19.333333333333332,1.3333333333333333,0.6666666666666666,1.0,0.6666666666666666,0.0,0.6666666666666666,10.666666666666666,0.6666666666666666,67.33333333333333,0.5413199712832769,0.03806270162264506,0.6708981096744537
Stefan Posch,Serie A,"Como,Mainz 05",DC,14,406,4.511111111111111,42.105263157895,0.4433497536945813,14.293725836257359,3.9901477832512318,0.0,0.0,0.22167487684729065,0.42105263157894735,1.7733990147783252,3.3251231527093594,27.272727272727,2.438423645320197,0.8866995073891626,0.4433497536945813,100,0.22167487684729065,1.3300492610837438,1.9950738916256159,12.5,55.882352941176,0.8866995073891626,0.4433497536945813,11.47832512315271,32.142857142857,6.206896551724138,0.19122086758977674,0.10782732255756855,80.99173553719,9.532019704433498,53.645320197044335,15.517241379310345,0.0,1.5517241379310345,0.375,0.6650246305418719,0.22167487684729065,1.7733990147783252,20.61576354679803,2.6600985221674875,84.01477832512316,0.04177349614979598,0.4415904694314808,0.5000211887997507
Mikayil Faye,Serie A,"Cremonese,Rennes",DC,8,250,2.7777777777777777,30,0.36,21.812315792573308,5.76,0.36,0.0,0.72,0.4444444444444444,1.44,2.52,0,2.16,0.36,0.72,100,1.08,1.44,0.72,0,73.684210526316,2.16,0.36,9.0252,50,5.76,0.0,0.0,78.225806451613,3.96,44.64,13.32,0.36,0.36,0.0,0.0,0.36,0.72,14.040000000000001,2.52,63.36,0.0,0.04339501976966858,0.04339501976966858
Tete Morente,Serie A,"Elche,Lecce",MR,16,859,9.544444444444444,47.619047619048,1.0477299185098952,20.533261243390974,3.8766006984866124,0.10477299185098952,0.10477299185098952,0.8381839348079162,0.5,0.7334109429569267,1.362048894062864,13.793103448276,3.038416763678696,1.4668218859138533,1.362048894062864,33.333333333333,2.828870779976717,1.2572759022118742,1.362048894062864,0,36.781609195402,0.31431897555296856,1.0477299185098952,10.69313154831199,50,2.5145518044237485,0.10154969517544901,0.06923110171088151,74.427480916031,9.534342258440047,27.450523864959255,14.982537834691502,0.7334109429569267,0.8381839348079162,0.14285714285714285,0.20954598370197905,0.6286379511059371,1.4668218859138533,20.116414435389988,1.1525029103608848,46.51920838183935,0.08533170626729693,0.10422779852144932,0.2364136518886675
Cyril Ngonge,Serie A,"Espanyol,Torino",FW,20,1013,11.255555555555556,45,1.0661401776900294,20.477590130741213,3.1984205330700886,0.0,0.4442250740375123,0.4442250740375123,0.5294117647058824,0.7996051332675221,0.7996051332675221,22.222222222222,1.5992102665350443,1.5992102665350443,0.4442250740375123,59.375,2.843040473840079,1.5992102665350443,1.7769002961500493,4.1666666666667,48.484848484848,0.17769002961500494,1.0661401776900294,9.595261599210266,66.666666666667,2.132280355380059,0.04022618577340277,0.018865336198359728,69.803921568627,7.107601184600197,22.655478775913128,15.014807502467916,0.35538005923000987,1.2438302073050345,0.5,1.0661401776900294,0.8884501480750246,2.132280355380059,20.345508390918063,0.977295162882527,42.91214215202369,0.11876498818809399,0.009021096929966638,0.11454175609767965
Jack Harrison,Serie A,"Fiorentina,Leeds",ML,15,979,10.877777777777778,23.529411764706,1.378958120531154,19.367830056035206,3.125638406537283,0.09193054136874361,0.09193054136874361,0.36772216547497444,0.4583333333333333,1.0112359550561798,0.5515832482124616,19.298245614035,5.240040858018386,1.2870275791624106,1.1031664964249233,34.375,2.9417773237997955,0.6435137895812053,0.8273748723186926,7.6923076923077,33.333333333333,0.09193054136874361,1.378958120531154,10.754034729315627,27.777777777778,1.6547497446373851,0.039885748744741524,0.033374485488121323,82.677165354331,9.744637385086824,35.02553626149132,15.168539325842696,0.2757916241062308,0.9193054136874361,0.3076923076923077,0.36772216547497444,0.2757916241062308,1.195097037793667,19.305413687436157,0.9193054136874361,54.14708886618999,0.031075139393967187,0.030250338118321684,0.09803247158591606
Manor Solomon,Serie A,"Fiorentina,Villarreal",FWL,16,903,10.033333333333333,33.333333333333,2.4916943521594686,20.28901455555181,3.488372093023256,0.29900332225913623,0.09966777408637874,0.4983388704318937,0.8,0.39867109634551495,0.29900332225913623,25.531914893617,4.6843853820598005,1.6943521594684385,0.4983388704318937,69.444444444444,3.5880398671096345,1.5946843853820598,0.19933554817275748,18.181818181818,60.674157303371,0.09966777408637874,2.4916943521594686,8.578405315614617,75,0.7973421926910299,0.06064057176889375,0.05531155182556673,89.52380952381,11.960132890365449,31.3953488372093,11.06312292358804,0.29900332225913623,0.4983388704318937,0.36363636363636365,0.39867109634551495,0.5980066445182725,1.0963455149501662,14.750830564784053,1.2956810631229236,49.53488372093023,0.04703646705198129,0.1165080456638653,0.21707309737950067
Albert Grønbæk,Serie A,"Genoa,Hamburger SV",AMC,4,107,1.1888888888888889,50,1.6822429906542056,22.186637984414922,1.6822429906542056,0.0,0.0,0.0,1.0,0.8411214953271028,1.6822429906542056,0,0.8411214953271028,0.8411214953271028,0.0,33.333333333333,5.046728971962617,0.8411214953271028,0.8411214953271028,0,58.333333333333,0.0,1.6822429906542056,10.463551401869159,0,0.0,0.03268365060614648,0.03885722905397415,76.470588235294,5.046728971962617,14.299065420560748,15.14018691588785,0.8411214953271028,0.0,1.0,0.8411214953271028,0.8411214953271028,0.8411214953271028,25.233644859813083,3.364485981308411,37.850467289719624,0.1111938449266915,0.326483344363275,0.4376771767562795
Andy Diouf,Serie A,"Inter,Lens",MC,19,499,5.544444444444444,60,1.9839679358717435,18.183931175954623,4.148296593186373,0.36072144288577157,0.0,0.7214428857715431,0.3333333333333333,0.36072144288577157,0.9018036072144289,16.666666666667,1.0821643286573146,2.164328657314629,1.2625250501002003,50,4.328657314629258,0.5410821643286573,0.9018036072144289,10,42.857142857143,0.18036072144288579,2.164328657314629,10.053306613226454,50,0.7214428857715431,0.03166847901497193,0.01755841225385666,85.470085470085,14.789579158316634,42.20440881763527,13.527054108216433,0.18036072144288579,1.2625250501002003,0.3,0.5410821643286573,0.5410821643286573,1.8036072144288577,21.462925851703407,2.164328657314629,61.50300601202405,0.0,0.018089508305570646,0.049757987320542575
Benjamin Pavard,Serie A,"Inter,Marseille",DC,1,90,1.0,0,1.0,19.071216010635577,6.0,0.0,0.0,0.0,0.8,4.0,2.0,0,0.0,0.0,0.0,0,0.0,0.0,1.0,0,66.666666666667,2.0,1.0,0.0,60,5.0,0.04614909365773201,0.04614909365773201,95.238095238095,5.0,84.0,4.0,0.0,1.0,1.0,1.0,0.0,1.0,0.0,2.0,96.0,0.02675178088247776,0.6803727149963379,0.6803727149963379
Jeremie Boga,Serie A,"Juventus,Nice",AML,15,684,7.6,27.272727272727,1.973684210526316,16.95965269490774,1.842105263157895,0.2631578947368421,0.39473684210526316,0.7894736842105263,0.5384615384615384,0.9210526315789475,0.5263157894736842,33.333333333333,3.947368421052632,1.0526315789473684,0.5263157894736842,52.380952380952,5.526315789473684,0.9210526315789475,0.39473684210526316,16.666666666667,51.428571428571,0.2631578947368421,1.973684210526316,10.888157894736842,0,0.13157894736842105,0.29504483112281094,0.09343086318889011,82.629107981221,10.789473684210527,28.026315789473685,13.289473684210527,0.2631578947368421,2.5,0.5,1.5789473684210527,0.6578947368421053,3.1578947368421053,18.947368421052634,0.9210526315789475,49.3421052631579,0.21703524747863412,0.17195595808229164,0.6227218414852886
Loïs Openda,Serie A,"Juventus,RasenBallsport Leipzig",FW,24,675,7.5,28.571428571429,1.0666666666666667,15.714985371091569,1.6,0.13333333333333333,0.6666666666666666,0.9333333333333333,0.25,0.13333333333333333,0.4,14.285714285714,0.9333333333333333,0.8,0.13333333333333333,36.363636363636,1.4666666666666666,2.8,1.0666666666666667,3.8461538461538,58.823529411765,0.13333333333333333,1.0666666666666667,9.609333333333332,50,0.5333333333333333,0.020672698318958283,0.005963278361237966,72.847682119205,6.8,20.133333333333333,11.066666666666666,0.26666666666666666,2.6666666666666665,0.23076923076923078,0.8,0.8,3.466666666666667,20.933333333333334,0.8,36.8,0.0069212848941485085,0.07744017740090688,0.07744017740090688
Valentín Castellanos,Serie A,"Lazio,West Ham",FW,11,694,7.711111111111111,50,1.037463976945245,14.858567351955866,1.8155619596541785,0.7780979827089337,0.12968299711815562,0.7780979827089337,0.3333333333333333,0.5187319884726225,0.9077809798270893,0,0.7780979827089337,1.037463976945245,0.38904899135446686,47.058823529412,2.07492795389049,2.3342939481268012,1.1671469740634006,10,55,0.38904899135446686,1.037463976945245,9.180259365994237,62.5,1.037463976945245,0.2673446307608305,0.10307620763778687,68.148148148148,4.14985590778098,17.507204610951007,11.54178674351585,0.648414985590778,1.8155619596541785,0.4,1.037463976945245,0.7780979827089337,2.593659942363112,16.59942363112392,0.9077809798270893,33.06916426512968,0.2884880829634687,0.042459667748865546,0.49585140519574156
Mohamed Kaba,Serie A,"Lecce,Nantes",MC,15,646,7.177777777777778,46.666666666667,0.696594427244582,17.917723106592355,4.597523219814241,0.0,0.0,0.2786377708978328,0.625,0.696594427244582,0.8359133126934984,37.5,1.1145510835913313,2.5077399380804954,0.696594427244582,56.25,2.2291021671826625,2.9256965944272446,1.671826625386997,0,50,0.5572755417956656,0.696594427244582,10.539473684210527,63.636363636364,1.5325077399380804,0.0613611203621231,0.04893738735053274,76.344086021505,8.08049535603715,25.91331269349845,13.374613003095975,0.696594427244582,0.5572755417956656,0.4444444444444444,0.5572755417956656,0.696594427244582,1.2538699690402477,15.185758513931887,1.671826625386997,46.11455108359133,0.03050626849542277,0.15870673039887712,0.22611677548603007
Robinio Vaz,Serie A,"Marseille,Roma",FW,12,221,2.4555555555555557,31.25,0.0,10.280474060280445,2.0361990950226243,0.0,0.0,0.4072398190045249,0,0.0,0.4072398190045249,33.333333333333,1.2217194570135745,2.443438914027149,0.4072398190045249,0,0.0,4.886877828054298,0.8144796380090498,20,52.173913043478,0.8144796380090498,0.0,2.1665158371040723,0,0.0,0.2668570406836082,0.13105645775794983,65.714285714286,4.886877828054298,14.25339366515837,13.846153846153845,0.4072398190045249,2.0361990950226243,0.4,0.8144796380090498,0.0,2.0361990950226243,6.108597285067873,0.0,35.42986425339366,0.0,0.06403282942140803,0.2943035818602704
Darryl Bakola,Serie A,"Marseille,Sassuolo",MC,6,144,1.6,66.666666666667,1.875,23.746896280856003,6.875,0.625,0.0,0.625,0.4,1.25,0.0,0,1.875,0.625,1.25,50,3.75,1.875,1.25,0,63.636363636364,0.625,1.875,11.1,20,3.125,0.02509351819753647,0.013383209705352783,79.032258064516,14.375,38.75,15.0,0.625,1.25,0.3333333333333333,0.625,0.625,1.875,23.75,5.0,62.5,0.015944644110277295,0.8320796489715576,0.8731178112793714
Ulisses García,Serie A,"Marseille,Sassuolo",DL,13,943,10.477777777777778,60,1.1452810180275717,24.953733895724735,4.390243902439025,0.38176033934252385,0.0,0.09544008483563096,0.45454545454545453,0.9544008483563097,1.2407211028632026,32.352941176471,3.2449628844114526,0.47720042417815484,1.8133616118769884,33.333333333333,0.5726405090137858,0.19088016967126192,1.0498409331919407,50,35,0.8589607635206786,1.2407211028632026,9.69575821845175,50,3.2449628844114526,0.004098190849968889,0.021469966508448124,86.067415730337,9.734888653234359,42.47083775185578,10.593849416755036,0.19088016967126192,0.0,0.5,0.09544008483563096,0.19088016967126192,0.19088016967126192,16.79745493107105,1.6224814422057263,60.69989395546129,0.002941741713758238,0.013134627151653597,0.018168541850682153
Pol Lirola,Serie A,"Marseille,Verona",DR,6,313,3.477777777777778,33.333333333333,0.28753993610223644,,4.313099041533547,0.0,0.0,0.0,0.18181818181818182,0.5750798722044729,1.7252396166134185,6.25,4.600638977635783,0.5750798722044729,0.5750798722044729,25,1.1501597444089458,0.0,0.8626198083067093,0,37.5,1.1501597444089458,0.28753993610223644,10.000638977635782,28.571428571429,4.02555910543131,0.0,0,62.83185840708,5.463258785942492,32.49201277955272,21.56549520766773,0.0,0.0,0,0.0,0.0,0.0,17.53993610223642,1.4376996805111821,56.35782747603834,0.022890290941674107,0.0,0.022890290941674107
Idrissa Gueye,Serie A,"Metz,Udinese",FW,19,427,4.7444444444444445,51.219512195122,0.8430913348946136,14.031139353802393,1.2646370023419204,0.0,0.6323185011709602,1.6861826697892273,1.0,0.2107728337236534,0.8430913348946136,25,0.8430913348946136,1.2646370023419204,0.8430913348946136,40,1.053864168618267,1.8969555035128804,3.161592505854801,5,43.589743589744,0.6323185011709602,0.8430913348946136,11.029742388758782,0,0.0,0.025915457960872516,0.006147722527384758,67.605633802817,4.6370023419203745,14.964871194379391,12.224824355971897,0.0,3.5831381733021077,0.3,1.2646370023419204,0.6323185011709602,4.215456674473068,20.234192037470727,1.2646370023419204,36.46370023419204,0.0,0.0,0.009806816503231085
Lorenzo Lucca,Serie A,"Napoli,Nottingham Forest",FW,16,420,4.666666666666667,45.454545454545,0.42857142857142855,13.37671545430896,2.357142857142857,0.21428571428571427,0.42857142857142855,1.2857142857142856,1.0,0.21428571428571427,0.6428571428571428,0,0.0,1.9285714285714284,0.21428571428571427,66.666666666667,1.7142857142857142,2.7857142857142856,3.642857142857143,6.6666666666667,40,0.0,0.42857142857142855,11.331428571428571,100,0.21428571428571427,0.25382317629243645,0.07896721040209134,78.787878787879,4.714285714285714,14.142857142857142,9.214285714285714,0.6428571428571428,2.571428571428571,0.3333333333333333,1.0714285714285714,0.6428571428571428,3.214285714285714,18.0,0.0,31.285714285714285,0.007852507755160332,0.10450905840843916,0.3583322422845023
Unai Núñez,Serie A,"Valencia,Verona",DC,17,1265,14.055555555555555,45.901639344262,0.3557312252964427,21.533994111136305,3.841897233201581,0.0,0.0,0.21343873517786563,0.421875,1.9209486166007905,4.41106719367589,27.272727272727,0.782608695652174,0.1422924901185771,0.4980237154150198,75,0.8537549407114625,0.7114624505928854,1.9209486166007905,0,53.164556962025,1.6363636363636365,0.3557312252964427,9.188537549407116,43.298969072165,6.901185770750988,0.028200706555379238,0.056625228242150376,78.079710144928,5.976284584980237,39.27272727272727,10.671936758893281,0.07114624505928854,0.3557312252964427,0.14285714285714285,0.07114624505928854,0.1422924901185771,0.4980237154150198,10.671936758893281,1.707509881422925,57.201581027667984,0.026760209042564213,0.175473180735712,0.1999843495680763
Adrien Rabiot,Serie A,AC Milan,MC,29,2550,28.333333333333332,61.111111111111,0.9529411764705883,18.5560725477797,5.294117647058823,0.21176470588235294,0.10588235294117647,0.4235294117647059,0.49382716049382713,1.411764705882353,1.4470588235294117,26.666666666667,2.1176470588235294,1.1647058823529413,0.6705882352941177,48.780487804878,1.4470588235294117,1.9411764705882353,1.2352941176470589,13.04347826087,54.661016949153,0.7411764705882353,0.9529411764705883,10.286117647058823,62.666666666667,2.6470588235294117,0.0010076116551371182,0.0006206303672946018,85.584218512898,11.894117647058824,46.517647058823535,12.211764705882354,0.45882352941176474,1.0941176470588236,0.2608695652173913,0.4235294117647059,0.5294117647058824,1.6235294117647059,16.764705882352942,2.011764705882353,65.18823529411765,0.007013659968095667,0.0047216671354630415,0.009166441945468678
Alejandro Jiménez,Serie A,AC Milan,DR,1,45,0.5,0,4.0,21.926771921626006,2.0,0.0,0.0,0.0,0,0.0,0.0,0,2.0,0.0,2.0,57.142857142857,14.0,2.0,0.0,0,55.555555555556,0.0,4.0,9.94,0,0.0,0.0,0,95,22.0,40.0,10.0,0.0,0.0,0,0.0,0.0,0.0,20.0,0.0,70.0,0.2808190882205963,0.48630285263061523,0.7671219706535339
Alexis Saelemaekers,Serie A,AC Milan,AMR,35,2797,31.07777777777778,45.454545454545,1.6732213085448695,20.315487854388426,5.148373257061136,0.19306399713979264,0.1287093314265284,0.4504826599928495,0.4827586206896552,0.900965319985699,0.7079013228459063,25.609756097561,2.6385412942438324,0.5791919914193778,0.9653199856989632,47.169811320755,3.378619949946371,2.0593493028244545,0.8366106542724348,6.9767441860465,59.047619047619,0.900965319985699,1.6732213085448695,9.512906685734714,44.642857142857,1.801930639971398,0.11578026019878522,0.08367891157002644,83.861236802413,11.905613156953878,42.66714336789417,13.836253128351805,0.7079013228459063,0.5791919914193778,0.2558139534883721,0.35395066142295317,0.8044333214158026,1.3836253128351805,15.60600643546657,2.3489452985341437,65.96353235609581,0.1540628235859075,0.35613186835235766,0.5858471019484547
Ardon Jashari,Serie A,AC Milan,MC,14,706,7.844444444444444,22.222222222222,1.1473087818696885,24.672200602281162,5.09915014164306,0.254957507082153,0.0,0.1274787535410765,0.7307692307692307,2.4220963172804533,0.8923512747875354,36.363636363636,1.4022662889518414,1.1473087818696885,0.6373937677053825,42.857142857143,1.6572237960339944,1.019830028328612,1.4022662889518414,0,46.666666666667,0.6373937677053825,1.1473087818696885,9.66926345609065,75,3.059490084985836,0.031034919214316198,0.0347788142306464,91.034482758621,13.130311614730878,55.453257790368276,10.070821529745043,0.764872521246459,0.1274787535410765,0.2857142857142857,0.254957507082153,0.764872521246459,0.8923512747875354,13.767705382436262,1.7847025495750708,70.36827195467423,0.14409844053872248,0.3117864002755951,0.45695668701135234
Cheveyo Mul,Serie A,AC Milan,Non,2,9,0.1,0,0.0,14.793304701228019,10.0,0.0,0.0,0.0,0,0.0,0.0,0,0.0,10.0,10.0,0,0.0,0.0,0.0,0,0,0.0,0.0,18.6,0,0.0,0.8480344712734222,0.08480344712734222,0,0.0,10.0,40.0,0.0,10.0,0.0,0.0,0.0,10.0,50.0,0.0,50.0,0.0,0.0,0.8480344712734222
Christian Pulisic,Serie A,AC Milan,AMR,30,1611,17.9,32.258064516129,2.122905027932961,14.99644935909525,2.9608938547486034,0.5027932960893855,0.558659217877095,0.7262569832402235,0.4642857142857143,0.7262569832402235,0.6145251396648045,37.837837837838,2.0670391061452515,1.11731843575419,0.3910614525139665,48.484848484848,3.687150837988827,1.2849162011173185,0.6145251396648045,14.814814814815,51.094890510949,0.1675977653631285,2.122905027932961,11.036312849162012,44.444444444444,1.005586592178771,0.49069120148040735,0.16265504641665351,85.949177877429,13.407821229050281,37.374301675977655,12.737430167597767,0.670391061452514,2.458100558659218,0.46296296296296297,1.3966480446927376,0.558659217877095,3.016759776536313,17.988826815642458,0.8379888268156426,56.70391061452514,0.28147975523961327,0.351304668496108,0.9090923756236138
Christopher Nkunku,Serie A,AC Milan,FW,32,1377,15.3,34.146341463415,1.0457516339869282,13.111941224846376,2.0915032679738563,0.19607843137254902,0.5228758169934641,0.32679738562091504,0.8,0.5228758169934641,0.5228758169934641,44.444444444444,1.1764705882352942,0.6535947712418301,0.19607843137254902,34.615384615385,1.6339869281045751,1.4379084967320261,0.5882352941176471,24.137931034483,49.315068493151,0.19607843137254902,1.0457516339869282,9.041176470588235,66.666666666667,0.7843137254901961,0.40091543610579045,0.21151745422133084,88.304093567251,8.30065359477124,22.352941176470587,7.450980392156862,0.6535947712418301,1.6993464052287581,0.5517241379310345,1.0457516339869282,0.19607843137254902,1.8954248366013071,12.875816993464051,0.32679738562091504,35.947712418300654,0.10547194617733456,0.16292146851424297,0.570030122070141
David Odogu,Serie A,AC Milan,DC,2,9,0.1,100,0.0,,0.0,0.0,0.0,0.0,0,0.0,10.0,0,0.0,0.0,0.0,0,0.0,0.0,0.0,0,0,0.0,0.0,11.799999999999999,0,10.0,0.0,0,50,0.0,20.0,10.0,0.0,0.0,0,0.0,0.0,0.0,0.0,0.0,30.0,0.0,0.0,0.0
Davide Bartesaghi,Serie A,AC Milan,DML,31,2442,27.133333333333333,45.454545454545,1.6216216216216217,25.538703970306766,2.616707616707617,0.14742014742014742,0.0,0.257985257985258,0.4725274725274725,1.5847665847665848,2.4692874692874693,29.285714285714,5.15970515970516,0.8476658476658476,0.6633906633906634,37.5,1.1793611793611793,0.515970515970516,0.7002457002457002,9.0909090909091,48.701298701299,0.44226044226044225,1.6216216216216217,9.437837837837838,51.136363636364,3.2432432432432434,0.05064424436255667,0.062461234713819896,85.794920037629,9.914004914004915,39.17690417690418,13.00982800982801,0.07371007371007371,0.36855036855036855,0.3181818181818182,0.257985257985258,0.44226044226044225,0.8108108108108109,15.884520884520885,1.805896805896806,64.16461916461917,0.14423695246457907,0.29406917704777286,0.361455415377819
Estupiñán,Serie A,AC Milan,DL,19,1046,11.622222222222222,53.333333333333,1.118546845124283,20.83598082835294,5.076481835564054,0.17208413001912046,0.0,0.0,0.6,0.5162523900573613,1.9789674952198852,40,1.7208413001912046,0.3441682600382409,1.0325047801147227,28.571428571429,0.5162523900573613,0.6883365200764818,1.3766730401529637,11.111111111111,40.322580645161,0.9464627151051626,1.118546845124283,9.888814531548759,46.666666666667,1.2906309751434035,0.041055451289716806,0.053017286480300956,86.717267552182,10.841300191204589,45.344168260038245,11.09942638623327,0.3441682600382409,0.43021032504780116,0.1111111111111111,0.08604206500956023,0.3441682600382409,0.7743785850860421,17.036328871892927,1.2906309751434035,64.87571701720842,0.13606989610206557,0.5954423291968399,0.6476729763689564
Fikayo Tomori,Serie A,AC Milan,DC,33,2563,28.477777777777778,47.058823529412,0.14046039797112758,16.96857796033892,2.59851736246586,0.07023019898556379,0.0,0.10534529847834569,0.4827586206896552,0.9832227857978931,3.5115099492781896,23.529411764706,0.5969566913772922,0.1755754974639095,0.6320717908700741,60,0.1755754974639095,0.24580569644947328,1.2641435817401483,0,55.555555555556,1.018337885290675,0.14046039797112758,8.246078813889973,53.571428571429,3.9328911431915725,0.020872797109143044,0.06604565307497978,90.197326543603,7.268825595005852,55.16582130316036,7.936012485368709,0.0,0.24580569644947328,0.2222222222222222,0.07023019898556379,0.07023019898556379,0.3160358954350371,8.216933281310963,2.282481467030823,72.33710495513071,0.03517234023882805,0.2622490380739868,0.31284508012290396
Koni de Winter,Serie A,AC Milan,DC,26,1805,20.055555555555557,65.625,0.2493074792243767,12.411812735882899,3.6897506925207755,0.0,0.04986149584487534,0.09972299168975068,0.4473684210526316,0.8476454293628808,4.936288088642659,20,0.2493074792243767,0.14958448753462603,0.19944598337950137,50,0.29916897506925205,0.39889196675900274,1.3462603878116342,14.285714285714,54.054054054054,0.6481994459833794,0.2493074792243767,8.688365650969528,36.25,3.9889196675900274,0.03971732214320234,0.11379328010869878,91.369754552652,6.232686980609418,62.97506925207756,6.9806094182825476,0.09972299168975068,0.29916897506925205,0.14285714285714285,0.04986149584487534,0.04986149584487534,0.3490304709141274,9.523545706371191,1.445983379501385,75.8393351800554,0.032402856430229714,0.393526092739234,0.4012342896467265
Luka Modric,Serie A,AC Milan,MC,34,2821,31.344444444444445,50,1.6270825948245302,22.402984575855776,5.9978730946472885,0.1914214817440624,0.0,0.1914214817440624,0.6178010471204188,3.7646224742998937,1.0528181495923432,25.663716814159,3.6051045728465083,0.3828429634881248,0.9252038284296349,48.571428571429,1.0847217298830203,1.0528181495923432,0.7337823466855725,10,56.111111111111,1.2442396313364055,1.6908897554058844,9.488443814250266,74.576271186441,7.529244948599787,0.03978107098816177,0.062345778476446866,90.401081568274,17.132222616093582,70.79404466501241,11.708613966678483,0.5104572846508331,0.22332506203473945,0.4,0.25522864232541653,0.4147465437788018,0.6380716058135413,8.03970223325062,1.6270825948245302,85.43778801843318,0.12844093767902987,0.44340763477432266,0.48612092588280414
Matteo Gabbia,Serie A,AC Milan,DC,30,2531,28.122222222222224,65.30612244898,0.07111813512445674,9.254344429954926,2.3824575266693007,0.0,0.1066772026866851,0.07111813512445674,0.3684210526315789,0.7467404188067956,5.547214539707626,0,0.03555906756222837,0.0,0.17779533781114185,0,0.0,0.2133544053733702,0.8889766890557091,0,47.272727272727,0.49782694587119714,0.07111813512445674,8.670367443698144,58.064516129032,5.511655472145397,0.054914699709142256,0.08128017834142635,91.927951967979,2.311339391544844,53.30304227578032,4.551560647965231,0.0,0.675622283682339,0.15789473684210525,0.1066772026866851,0.0,0.675622283682339,5.796128012643224,0.7467404188067956,63.22402212564204,0.001847094766786804,0.28070366863751545,0.29107376056602235
Mike Maignan,Serie A,AC Milan,GK,37,3296,36.62222222222222,100,0.0,,7.782160194174757,0.0,0.0,0.0,0.5094339622641509,1.4745145631067962,0.6007281553398058,0,0.0,0.0,0.0,100,0.08191747572815535,0.13652912621359223,0.0,0,100,0.02730582524271845,0.0,1.8182949029126216,42.647058823529,11.140776699029127,0.0,0,77.634011090573,0.6826456310679612,29.54490291262136,6.881067961165049,0.0,0.0,0,0.0,0.0,0.0,0.08191747572815535,0.0,39.56614077669903,0.0,0.14405093905719413,0.14405093905719413
Niclas Füllkrug,Serie A,AC Milan,FW,20,647,7.188888888888889,44.186046511628,1.2519319938176197,10.845590391622993,1.8083462132921173,0.5564142194744977,0.6955177743431221,0.6955177743431221,0.6,0.41731066460587324,1.947449768160742,0,0.1391035548686244,0.8346213292117465,0.41731066460587324,50,0.8346213292117465,1.1128284389489953,1.1128284389489953,6.25,40,0.41731066460587324,1.2519319938176197,9.958423493044823,66.666666666667,0.41731066460587324,0.13673881088977988,0.0614375073928386,71.82320441989,8.068006182380216,25.17774343122102,11.128284389489954,0.2782071097372488,2.0865533230293662,0.3125,0.6955177743431221,0.1391035548686244,2.2256568778979906,13.632148377125192,0.1391035548686244,38.809891808346215,0.062470781909074444,0.017099953047827552,0.12648306965505504
Pietro Terracciano,Serie A,AC Milan,GK,2,124,1.3777777777777778,0,0.0,0,7.983870967741936,0.0,0.0,0.0,1.0,2.903225806451613,0.7258064516129032,0,0.0,0.0,0.0,0,0.0,0.0,0.0,0,0,0.0,0.0,4.006451612903225,77.777777777778,6.532258064516129,0.0,0,93.548387096774,1.4516129032258065,22.5,2.1774193548387095,0.0,0.0,0,0.0,0.0,0.0,0.0,0.0,30.483870967741936,0.0,0.22307350510551083,0.22307350510551083
Rafael Leão,Serie A,AC Milan,AML,29,1859,20.655555555555555,50.909090909091,1.113501882732652,17.12274541467479,2.0817643894566973,0.4841312533620226,0.4841312533620226,0.8714362560516407,0.8695652173913043,0.9682625067240452,0.3388918773534158,44,1.2103281334050564,1.2103281334050564,0.3388918773534158,46.428571428571,2.7111350188273264,1.6460462614308768,0.919849381387843,14.285714285714,45.51724137931,0.2420656266810113,1.113501882732652,8.19343733189887,77.777777777778,0.8714362560516407,0.39114241885555373,0.12824228512389318,83.676975945017,9.295320064550834,28.176438945669716,10.844540075309306,0.4841312533620226,2.275416890801506,0.38095238095238093,1.1619150080688543,0.7746100053792362,3.0500268961807424,13.604088219472835,0.29047875201721357,44.10435718128026,0.24097422943933958,0.2341076425682992,0.7616869466817142
Ruben Loftus-Cheek,Serie A,AC Milan,MC,28,1150,12.777777777777779,53.448275862069,0.7826086956521738,12.39721647843213,2.9739130434782606,0.23478260869565215,0.3913043478260869,0.8608695652173912,0.38461538461538464,0.3913043478260869,1.2521739130434781,30,0.7826086956521738,1.4869565217391303,0.3913043478260869,46.153846153846,2.034782608695652,1.4869565217391303,1.7999999999999998,10.344827586207,43.68932038835,0.3913043478260869,0.7826086956521738,10.008,38.461538461538,1.017391304347826,0.32394949587304955,0.14273636791341263,84.48275862069,10.017391304347825,31.77391304347826,11.269565217391303,0.3913043478260869,2.1130434782608694,0.20689655172413793,0.4695652173913043,0.15652173913043477,2.269565217391304,15.495652173913042,1.0956521739130434,48.28695652173913,0.08148622852952583,0.3472552851490352,0.5740452277433613
Samuel Chukwueze,Serie A,AC Milan,MR,1,25,0.2777777777777778,0,0.0,17.638454006891692,3.5999999999999996,0.0,0.0,0.0,0,0.0,0.0,33.333333333333,10.799999999999999,0.0,3.5999999999999996,100,3.5999999999999996,10.799999999999999,0.0,0,80,0.0,0.0,11.592,0,0.0,0.0,0,84.615384615385,21.599999999999998,46.8,18.0,0.0,0.0,0,0.0,0.0,0.0,18.0,0.0,75.6,0.0,0.0759236678481102,0.0759236678481102
Samuele Ricci,Serie A,AC Milan,MC,31,1305,14.5,30,1.3793103448275863,21.18374079980325,4.0,0.3448275862068966,0.13793103448275862,0.41379310344827586,0.7857142857142857,2.2758620689655173,2.0,42.857142857143,1.9310344827586208,0.6206896551724138,0.13793103448275862,62.5,0.5517241379310345,2.2758620689655173,1.1724137931034482,5.5555555555556,63.855421686747,0.6206896551724138,1.3793103448275863,11.32551724137931,77.083333333333,3.310344827586207,0.14525286673471846,0.1170092537585232,90.108191653787,11.379310344827585,44.62068965517241,7.379310344827586,0.27586206896551724,0.41379310344827586,0.3333333333333333,0.41379310344827586,0.8275862068965517,1.2413793103448276,15.793103448275861,1.103448275862069,59.51724137931034,0.19183713236245617,0.3671986718886885,0.6033658539426738
Santiago Giménez,Serie A,AC Milan,FW,16,896,9.955555555555556,26.086956521739,0.4017857142857143,13.461129947896117,1.40625,0.10044642857142858,0.703125,0.4017857142857143,0.6,0.3013392857142857,0.10044642857142858,100,0.10044642857142858,1.0044642857142856,0.20089285714285715,15.789473684211,1.8080357142857142,1.5066964285714286,1.0044642857142856,0,41.269841269841,0.10044642857142858,0.4017857142857143,9.817633928571428,0,0.0,0.3806389112391376,0.14035080842397832,80.597014925373,4.017857142857142,13.459821428571429,7.633928571428571,0.3013392857142857,2.5111607142857144,0.3333333333333333,0.9040178571428571,0.20089285714285715,2.712053571428571,12.756696428571429,0.8035714285714286,26.819196428571427,0.05505389629563849,0.12038587216271221,0.4330977953837386
Strahinja Pavlovic,Serie A,AC Milan,DC,34,2870,31.88888888888889,55.555555555556,0.47038327526132406,11.724583116010688,3.0418118466898956,0.0,0.0627177700348432,0.156794425087108,0.4111111111111111,1.1602787456445993,3.6689895470383274,33.333333333333,0.47038327526132406,0.34494773519163763,0.5017421602787456,53.125,1.0034843205574913,0.8780487804878049,0.9407665505226481,19.230769230769,58.579881656805,0.627177700348432,0.5017421602787456,9.533101045296167,55.46875,4.013937282229965,0.12264167849714332,0.15041949456700912,90.800865800866,6.867595818815331,57.951219512195124,7.400696864111498,0.156794425087108,0.6898954703832753,0.23076923076923078,0.18815331010452963,0.1254355400696864,0.8153310104529616,14.174216027874564,1.6933797909407666,71.62369337979094,0.02243829532834711,0.3415736413077299,0.40505070055637
Youssouf Fofana,Serie A,AC Milan,MC,33,2217,24.633333333333333,31.25,1.4614343707713127,19.061492903899122,3.6129905277401897,0.2029769959404601,0.2029769959404601,0.36535859269282817,0.5454545454545454,0.7307171853856563,0.6495263870094723,20,0.4059539918809202,1.0148849797023005,0.8119079837618404,34.210526315789,1.5426251691474966,0.6495263870094723,0.8525033829499323,4.4444444444444,43.75,0.7713125845737483,1.4614343707713127,9.526116373477672,48.888888888889,1.8267929634641407,0.18613493396410358,0.10189164162923893,82.689912826899,8.443843031123139,32.59810554803789,10.027063599458728,0.5683355886332883,1.0960757780784844,0.4,0.7307171853856563,0.7307171853856563,1.8267929634641407,12.178619756427604,1.6644113667117726,46.68470906630582,0.1477020415597178,0.2587030378090916,0.5423079038111944
Zachary Athekame,Serie A,AC Milan,DMR,27,851,9.455555555555556,55.555555555556,1.2690951821386605,23.714379963455954,3.5957696827262042,0.42303172737955347,0.0,0.42303172737955347,0.42857142857142855,0.6345475910693302,2.4324324324324325,26.086956521739,4.864864864864865,0.5287896592244419,0.5287896592244419,41.666666666667,1.163337250293772,1.2690951821386605,1.6921269095182139,15.384615384615,52.459016393443,0.3172737955346651,1.2690951821386605,10.40129259694477,34.375,3.3842538190364277,0.04038030263058377,0.029370630374894693,80.446927374302,9.72972972972973,37.86133960047003,14.594594594594595,0.3172737955346651,0.42303172737955347,0.3076923076923077,0.42303172737955347,0.9518213866039953,1.3748531139835487,21.15158636897767,1.5863689776733254,61.02232667450058,0.16528772498830085,0.3734451007277439,0.5111052031540142
Yunus Musah,Serie A,"AC Milan,Atalanta",MC,20,658,7.311111111111111,29.411764705882,0.547112462006079,18.479164868495477,5.197568389057751,0.13677811550151975,0.0,0.13677811550151975,0.5,0.8206686930091186,0.9574468085106383,45.454545454545,1.5045592705167175,1.231003039513678,0.8206686930091186,66.666666666667,2.7355623100303954,2.462006079027356,1.231003039513678,14.285714285714,57.534246575342,0.6838905775075989,0.547112462006079,11.039361702127659,72.727272727273,3.009118541033435,0.0,0.0,88.010899182561,14.498480243161096,50.19756838905775,11.21580547112462,0.547112462006079,0.4103343465045593,0.2857142857142857,0.2735562310030395,0.547112462006079,0.9574468085106383,19.696048632218847,1.3677811550151977,69.62006079027356,0.08562135388423607,0.012890415260494661,0.09851176506842524
Ademola Lookman,Serie A,Atalanta,FW,12,797,8.855555555555556,50,1.91969887076537,16.146180917945276,2.710163111668758,0.45169385194479295,0.5646173149309912,1.5809284818067753,0.5,0.22584692597239647,0.0,30,2.258469259723965,1.2421580928481806,0.22584692597239647,53.333333333333,3.3877038895859473,0.9033877038895859,1.1292346298619824,7.4074074074074,43.75,0.33877038895859474,2.032622333751568,8.974027603513173,66.666666666667,0.6775407779171895,0.4200050651727985,0.13775474771305365,79.583333333333,10.27603513174404,27.101631116687578,12.534504391468005,0.9033877038895859,2.1455457967377667,0.2962962962962963,0.9033877038895859,0.9033877038895859,3.0489335006273524,13.776662484316185,0.5646173149309912,43.814303638644915,0.19061295635801934,0.2885363799714982,0.7395000859085409
Berat Gjimshiti,Serie A,Atalanta,DC,34,2534,28.155555555555555,58.904109589041,0.21310181531176006,10.234975029310668,3.3741120757695344,0.0,0.1420678768745067,0.1420678768745067,0.5789473684210527,1.1720599842146804,5.505130228887135,0,0.07103393843725335,0.10655090765588003,0.6748224151539068,75,0.1420678768745067,0.2841357537490134,0.6037884767166535,0,61.165048543689,1.5272296764009472,0.21310181531176006,9.783149171270718,57.692307692308,3.6937647987371744,0.06016650932878491,0.10587634349940345,90.369897959184,4.723756906077348,55.69060773480663,6.037884767166536,0.035516969218626675,0.5327545382794001,0.125,0.07103393843725335,0.035516969218626675,0.5682715074980268,10.37095501183899,1.8468823993685872,70.07498026835043,0.01178904612208316,0.3170676582589181,0.3405516045961908
Charles De Ketelaere,Serie A,Atalanta,AMC,31,2188,24.31111111111111,47.191011235955,2.591407678244973,17.187470611835835,5.0182815356489945,0.740402193784278,0.12340036563071298,0.6581352833638026,0.5060240963855421,1.7276051188299817,0.617001828153565,34.042553191489,1.93327239488117,2.303473491773309,0.7815356489945156,49.494949494949,4.072212065813528,1.480804387568556,0.9460694698354662,6.5217391304348,42.745098039216,0.16453382084095064,2.591407678244973,10.207266910420476,58.333333333333,2.46800731261426,0.18699131134754454,0.09882535971701145,78.585461689587,18.09872029250457,41.87385740402194,17.317184643510057,0.8226691042047533,1.2751371115173675,0.34782608695652173,0.6581352833638026,0.617001828153565,1.8921389396709325,18.180987202925046,0.9872029250457038,61.86471663619744,0.4381801707285305,0.3118396912049332,0.815634579709314
Davide Zappacosta,Serie A,Atalanta,DMR,35,2580,28.666666666666668,46.153846153846,1.4651162790697674,19.36840670270336,3.3488372093023253,0.06976744186046512,0.10465116279069767,0.4883720930232558,0.3888888888888889,0.9767441860465116,1.2906976744186045,25,3.627906976744186,0.5232558139534883,0.5232558139534883,43.859649122807,1.9883720930232558,0.27906976744186046,0.627906976744186,8.1081081081081,40.601503759398,0.6976744186046512,1.4651162790697674,10.356976744186046,36,2.6162790697674416,0.11255754967934863,0.08720675020201786,84.982638888889,11.930232558139535,40.18604651162791,13.116279069767442,0.3488372093023256,0.7325581395348837,0.24324324324324326,0.313953488372093,0.5581395348837209,1.2906976744186045,19.91860465116279,0.7674418604651162,62.26744186046511,0.15716804137323484,0.3273454590938812,0.5004784119597008
Dominic Vavassori,Serie A,Atalanta,Non,1,9,0.1,100,0.0,0,0.0,0.0,0.0,0.0,0,0.0,10.0,0,0.0,0.0,0.0,0,0.0,10.0,10.0,0,50,0.0,0.0,14.499999999999998,0,0.0,0.0,0,100,0.0,20.0,0.0,0.0,0.0,0,0.0,0.0,0.0,50.0,0.0,40.0,0.0,0.0,0.0
Giacomo Raspadori,Serie A,Atalanta,FW,13,791,8.78888888888889,43.75,1.934260429835651,17.57655711343326,3.1858407079646014,0.0,0.34134007585335013,1.2515802781289507,0.52,1.4791403286978506,0.5689001264222503,29.545454545455,5.006321112515803,1.2515802781289507,0.34134007585335013,33.333333333333,1.7067003792667508,0.6826801517067003,0.7964601769911503,10.714285714286,38,0.11378002528445005,1.934260429835651,11.268773704171934,52.173913043478,2.616940581542351,0.09975055640024119,0.03131059131452015,80.602006688963,11.378002528445005,34.020227560050564,14.108723135271807,0.2275600505689001,1.934260429835651,0.39285714285714285,1.2515802781289507,1.2515802781289507,3.1858407079646014,15.929203539823007,0.9102402022756004,51.769911504424776,0.10814058800450467,0.030580906835578934,0.22164173052185854
Gianluca Scamacca,Serie A,Atalanta,FW,24,1319,14.655555555555555,63.414634146341,1.159969673995451,16.355779437913302,2.183472327520849,0.06823351023502654,0.3411675511751327,0.5458680818802123,0.6363636363636364,0.47763457164518575,1.0235026535253982,0,0.0,1.4329037149355572,0.27293404094010615,56.521739130435,1.501137225170584,1.2282031842304777,1.7740712661106899,17.543859649123,39,0.20470053070507963,1.159969673995451,9.603184230477636,72.727272727273,0.750568612585292,0.5012562767891291,0.1288805124921757,70.253164556962,7.642153146322972,21.561789234268385,11.599696739954512,0.3411675511751327,2.524639878695982,0.38596491228070173,1.501137225170584,1.3646702047005308,3.889310083396513,9.347990902198635,0.5458680818802123,36.5049279757392,0.09256776700458624,0.25263902661337645,0.6960505920012536
Giorgio Scalvini,Serie A,Atalanta,DC,24,1817,20.18888888888889,61.764705882353,0.7429829389102917,12.852729085615445,4.953219592735278,0.09906439185470556,0.14859658778205834,0.3467253714914694,0.43103448275862066,1.2383048981838194,3.6158503026967526,16.666666666667,0.2971931755641167,0.2971931755641167,1.089708310401761,44.827586206897,1.3869014859658777,0.4953219592735278,1.535498073747936,15.789473684211,50.724637681159,2.1298844248761695,0.7429829389102917,10.476554760594386,42.528735632184,4.309301045679692,0.19122199511619864,0.20318734802697835,87.943848059455,11.194276279581727,59.983489268024215,10.104567969179966,0.2476609796367639,0.8420473307649972,0.3157894736842105,0.2971931755641167,0.09906439185470556,0.9411117226197028,9.26252063841497,2.3280132085855807,77.36929003852504,0.07830511725286762,0.5011174434987673,0.6117183255850777
Honest Ahanor,Serie A,Atalanta,DC,22,1379,15.322222222222223,55,0.1305293691080493,10.450459960827065,3.0674401740391586,0.0,0.3263234227701233,0.1305293691080493,0.45,0.5873821609862219,3.197969543147208,50,0.1305293691080493,0.3263234227701233,0.7179115300942712,62.5,0.5221174764321972,1.8274111675126903,1.6316171138506164,0,62.162162162162,1.501087744742567,0.1305293691080493,9.695068890500362,38.235294117647,2.2189992748368383,0.1554564017589063,0.18322596412438613,89.635854341737,6.330674401740391,46.598984771573605,6.59173313995649,0.0,0.8484408992023205,0.3076923076923077,0.2610587382160986,0.0,0.8484408992023205,15.598259608411892,2.3495286439448875,63.17621464829586,0.008079177518311059,0.19021592202222892,0.21470720511661914
Isak Hien,Serie A,Atalanta,DC,28,1965,21.833333333333332,49.484536082474,0.0916030534351145,18.25172335862281,5.7251908396946565,0.0,0.04580152671755725,0.04580152671755725,0.5,0.5038167938931298,4.67175572519084,0,0.0,0.549618320610687,0.6870229007633588,44.444444444444,0.4122137404580153,0.9618320610687023,1.6488549618320612,11.111111111111,52.112676056338,1.3282442748091603,0.0916030534351145,8.834656488549617,65.116279069767,3.938931297709924,0.049618823809250624,0.12037159109281169,92.063492063492,3.389312977099237,51.93893129770993,6.137404580152672,0.04580152671755725,0.4122137404580153,0.3333333333333333,0.13740458015267176,0.0,0.4122137404580153,12.18320610687023,2.2442748091603053,66.9618320610687,0.004912255772652517,0.29114962517077686,0.2938864051954437
Kamaldeen Sulemana,Serie A,Atalanta,AMC,25,1007,11.188888888888888,50,1.1618669314796426,16.679405656550017,4.200595829195631,0.2681231380337637,0.2681231380337637,0.5362462760675274,0.6666666666666666,0.893743793445879,0.7149950347567031,22.727272727273,1.9662363455809335,1.608738828202582,0.5362462760675274,45.833333333333,4.289970208540219,1.2512413108242304,1.1618669314796426,8,41.666666666667,0.17874875868917578,1.1618669314796426,9.800794438927507,70,1.787487586891758,0.2223575195480719,0.09951734319329261,84.795321637427,13.048659384309833,30.566037735849058,13.13803376365442,0.5362462760675274,1.6981132075471699,0.4,0.893743793445879,0.5362462760675274,2.234359483614697,22.969215491559087,0.804369414101291,49.60278053624628,0.20374994205224006,0.34746249347866,0.7067526583934375
Lazar Samardzic,Serie A,Atalanta,MC,26,1028,11.422222222222222,21.428571428571,2.45136186770428,19.38925598093375,4.28988326848249,0.17509727626459143,0.26264591439688717,0.5252918287937743,0.6923076923076923,3.939688715953307,0.7003891050583657,27.536231884058,6.0408560311284045,1.7509727626459144,0.5252918287937743,43.75,2.801556420233463,0.8754863813229572,1.4883268482490273,8,37.634408602151,0.7879377431906615,2.45136186770428,10.608268482490272,81.538461538462,5.690661478599222,0.2430722935320918,0.11105703011155128,84.160305343511,20.573929961089494,45.87548638132296,18.3852140077821,0.8754863813229572,0.9630350194552529,0.36,0.7879377431906615,1.22568093385214,2.1887159533073928,13.044747081712062,1.0505836575875487,69.07587548638132,0.20809192253921746,0.39791378904684854,0.7485986189873244
Lorenzo Bernasconi,Serie A,Atalanta,DML,23,1572,17.466666666666665,31.25,1.5458015267175573,21.799439148703968,3.034351145038168,0.28625954198473286,0.05725190839694657,0.28625954198473286,0.4166666666666667,0.8587786259541985,2.118320610687023,28.318584070796,6.469465648854962,0.1717557251908397,0.6870229007633588,50,0.9160305343511451,0.28625954198473286,0.45801526717557256,0,57.746478873239,0.801526717557252,1.5458015267175573,10.422709923664124,46,2.8625954198473287,0.02396537625508113,0.04651058206541671,84.180790960452,9.160305343511451,40.53435114503817,15.286259541984734,0.0,0.28625954198473286,0.1111111111111111,0.05725190839694657,0.22900763358778628,0.5152671755725191,23.129770992366414,1.6603053435114505,65.1526717557252,0.18012075226412705,0.3706350605152832,0.4445141312516942
Marco Carnesecchi,Serie A,Atalanta,GK,37,3330,37.0,100,0.0,0,7.297297297297297,0.0,0.0,0.0,0.5517241379310345,1.2972972972972974,0.8918918918918919,0,0.0,0.0,0.0,100,0.02702702702702703,0.16216216216216217,0.02702702702702703,0,85.714285714286,0.0,0.0,3.353243243243243,38.294573643411,17.43243243243243,0.0,0,65.643648763853,1.0810810810810811,31.7027027027027,11.08108108108108,0.0,0.0,0,0.0,0.0,0.0,0.16216216216216217,0.02702702702702703,41.054054054054056,0.0,0.18664640580882896,0.18664640580882896
Marco Sportiello,Serie A,Atalanta,GK,1,90,1.0,0,0.0,0,9.0,0.0,0.0,0.0,1.0,2.0,0.0,0,0.0,0.0,0.0,0,0.0,0.0,0.0,0,100,0.0,0.0,0.0,50,6.0,0.0,0,83.333333333333,0.0,18.0,3.0,0.0,0.0,0,0.0,0.0,0.0,0.0,1.0,29.0,0.0,0.40665897727012634,0.40665897727012634
Mario Pasalic,Serie A,Atalanta,MC,33,1932,21.466666666666665,40.277777777778,1.863354037267081,13.023216741719999,5.077639751552796,0.3726708074534162,0.13975155279503107,0.1863354037267081,0.6210526315789474,2.748447204968944,1.1645962732919255,9.0909090909091,0.5124223602484472,0.4192546583850932,0.7453416149068324,53.846153846154,0.5590062111801243,0.27950310559006214,1.0248447204968945,12.5,43.67816091954,0.6055900621118013,1.863354037267081,10.56055900621118,68.333333333333,5.590062111801243,0.16089383888735165,0.1439106003381312,88.524590163934,15.885093167701864,65.35714285714286,10.714285714285715,0.46583850931677023,0.8850931677018634,0.25,0.27950310559006214,0.23291925465838512,1.1180124223602486,14.3944099378882,1.1645962732919255,75.97826086956522,0.29111696355137395,0.4842442185589061,0.7653243768011562
Marten de Roon,Serie A,Atalanta,MC,34,2704,30.044444444444444,44.444444444444,0.7655325443786982,21.02371422234122,3.794378698224852,0.03328402366863906,0.03328402366863906,0.09985207100591716,0.49074074074074076,1.7640532544378698,2.2300295857988166,23.076923076923,0.4326923076923077,0.16642011834319526,0.9985207100591716,37.5,0.26627218934911245,0.3661242603550296,1.231508875739645,6.25,55.621301775148,0.8986686390532544,0.7988165680473372,10.620599112426035,50.49504950495,6.7233727810650885,0.027452452726849527,0.051549605675973,85.890834191555,15.277366863905325,64.63757396449704,10.650887573964496,0.2995562130177515,0.13313609467455623,0.25,0.13313609467455623,0.3994082840236686,0.5325443786982249,9.8853550295858,2.6960059171597632,76.32026627218934,0.05281235539139464,0.4521888821074442,0.5153508954777895
Mitchel Bakker,Serie A,Atalanta,DL,1,8,0.08888888888888889,0,0.0,,11.25,0.0,0.0,0.0,0,0.0,0.0,0,0.0,0.0,0.0,0,0.0,0.0,0.0,0,0,0.0,0.0,18.1125,0,0.0,0.0,0,100,11.25,78.75,0.0,0.0,0.0,0,0.0,0.0,0.0,67.5,0.0,90.0,0.0,0.4148929752409458,0.4148929752409458
Nicola Zalewski,Serie A,Atalanta,DML,33,1910,21.22222222222222,42.424242424242,1.6963350785340314,20.547297055809704,5.371727748691099,0.518324607329843,0.14136125654450263,0.5654450261780105,0.5625,2.1204188481675392,1.0837696335078535,22.047244094488,5.984293193717278,1.0837696335078535,0.4712041884816754,41.791044776119,3.1570680628272254,2.450261780104712,0.9895287958115183,5.2631578947368,54.27135678392,0.8481675392670157,1.6963350785340314,10.480523560209424,47.435897435897,3.675392670157068,0.14790322032820494,0.08260092129440684,75.960170697013,10.319371727748692,33.125654450261784,18.706806282722514,0.42408376963350786,0.8010471204188482,0.18421052631578946,0.3298429319371728,0.9895287958115183,1.7905759162303665,15.785340314136127,1.3664921465968587,60.691099476439796,0.24236176448693764,0.2809590838010867,0.48765154664663124
Nikola Krstovic,Serie A,Atalanta,FW,33,1786,19.844444444444445,46.511627906977,1.0582306830907056,15.59974415021368,3.325867861142217,0.251959686450168,0.7054871220604703,1.2094064949608063,0.3684210526315789,0.35274356103023513,0.7558790593505039,20,0.251959686450168,1.1590145576707727,0.20156774916013437,43.589743589744,1.9148936170212765,1.360582306830907,2.267637178051512,10.10101010101,42.028985507246,0.1511758118701008,1.0582306830907056,10.13936170212766,52.941176470588,0.8566629339305711,0.7898928378140272,0.158333177142071,73.8,8.969764837625979,25.195968645016798,13.202687569988802,1.2094064949608063,3.880179171332587,0.3434343434343434,1.7133258678611423,1.108622620380739,4.988801791713326,21.819708846584547,0.7558790593505039,43.992161254199324,0.16279657788507948,0.1585414718882434,0.988990624642786
Odilon Kossounou,Serie A,Atalanta,DC,19,994,11.044444444444444,38.235294117647,0.36217303822937624,20.346239138019488,3.6217303822937628,0.0,0.0,0.18108651911468812,0.6,0.8148893360160966,2.625754527162978,50,0.18108651911468812,0.36217303822937624,0.36217303822937624,45.454545454545,0.9959758551307847,0.2716297786720322,1.448692152917505,20,45.283018867925,0.8148893360160966,0.36217303822937624,9.258953722334004,57.575757575758,2.9879275653923543,0.023922003764411812,0.05284104831516743,91.414944356121,7.78672032193159,56.95171026156942,7.424547283702213,0.09054325955734406,0.18108651911468812,0.2,0.09054325955734406,0.2716297786720322,0.45271629778672035,13.038229376257545,1.539235412474849,69.44668008048289,0.02328668535505262,0.3486685067700068,0.37511807478499604
Raoul Bellanova,Serie A,Atalanta,DMR,24,1387,15.411111111111111,33.333333333333,1.3626532083633742,16.494266239412557,3.763518385003605,0.1946647440519106,0.0,0.32444124008651765,0.5862068965517241,1.10310021629416,1.5573179524152847,18.823529411765,5.5155010814708,0.2595529920692141,0.4542177361211247,69.230769230769,0.8435472242249459,0.7786589762076424,0.32444124008651765,0,66.666666666667,0.5839942321557318,1.3626532083633742,9.695602018745493,43.589743589744,2.5306416726748377,0.03250936204708559,0.03853887620453651,88.909090909091,10.641672674837778,35.68853640951694,11.290555155010814,0.2595529920692141,0.6488824801730353,0.38461538461538464,0.32444124008651765,0.1946647440519106,0.8435472242249459,25.630857966834895,1.1679884643114635,59.11319394376352,0.1260532379666076,0.2674961023075639,0.3769064803823302
Sead Kolasinac,Serie A,Atalanta,DC,19,1224,13.6,43.333333333333,0.0,12.402129265806336,5.294117647058823,0.0,0.0,0.07352941176470588,0.358974358974359,1.0294117647058825,2.3529411764705883,66.666666666667,0.22058823529411764,0.36764705882352944,0.6617647058823529,71.428571428571,0.5147058823529412,0.7352941176470589,1.6176470588235294,0,53.164556962025,0.8088235294117647,0.0,9.76985294117647,36.363636363636,3.235294117647059,0.00902880887117456,0.04093060021599134,90.012970168612,8.823529411764707,56.69117647058824,6.985294117647059,0.29411764705882354,0.22058823529411764,0.0,0.0,0.0,0.22058823529411764,13.088235294117647,1.9852941176470589,67.64705882352942,0.0,0.30653003603219986,0.30887545771239433
Éderson,Serie A,Atalanta,MC,30,2235,24.833333333333332,41.509433962264,1.0067114093959733,18.519384814746935,5.355704697986577,0.12080536912751678,0.24161073825503357,0.563758389261745,0.6493506493506493,2.0134228187919465,1.651006711409396,8.3333333333333,0.48322147651006714,0.8456375838926175,0.7651006711409396,55.172413793103,1.167785234899329,1.6107382550335572,1.3691275167785235,5.7142857142857,56.78391959799,1.12751677852349,1.0067114093959733,11.391140939597316,72.072072072072,4.469798657718121,0.19268671721970076,0.1367158136463591,89.205397301349,12.241610738255034,53.71812080536913,9.382550335570471,0.36241610738255037,0.6845637583892618,0.3142857142857143,0.4429530201342282,0.7248322147651007,1.4093959731543624,22.79194630872483,2.3758389261744965,69.58389261744966,0.08901042303682974,0.4930607033455932,0.6545802456820572
Marco Brescianini,Serie A,"Atalanta,Fiorentina",MC,26,1044,11.6,28,0.8620689655172414,15.709250738051795,4.051724137931035,0.1724137931034483,0.1724137931034483,0.4310344827586207,0.42105263157894735,0.6896551724137931,2.1551724137931036,27.777777777778,1.5517241379310345,1.293103448275862,0.5172413793103449,61.538461538462,1.0344827586206897,0.9482758620689655,1.4655172413793105,15.384615384615,42.666666666667,0.1724137931034483,0.8620689655172414,10.671551724137933,42.424242424242,2.844827586206897,0.01735654209965262,0.015487376027382337,83.163265306122,8.017241379310345,33.793103448275865,10.172413793103448,0.4310344827586207,0.8620689655172414,0.3076923076923077,0.3448275862068966,0.25862068965517243,1.120689655172414,15.517241379310345,1.120689655172414,48.189655172413794,0.009024976431552706,0.05242879213444118,0.07166816467611954
Daniel Maldini,Serie A,"Atalanta,Lazio",AMC,21,956,10.622222222222222,32,1.0355648535564854,19.48940030737383,3.200836820083682,0.1882845188284519,0.1882845188284519,0.7531380753138076,0.5714285714285714,0.3765690376569038,0.3765690376569038,27.272727272727,1.0355648535564854,2.3535564853556488,0.1882845188284519,47.058823529412,3.1066945606694563,2.5418410041841004,1.694560669456067,8.695652173913,49.57264957265,0.3765690376569038,1.0355648535564854,10.651255230125523,55.555555555556,0.8472803347280335,0.06234716647402013,0.028794150313605434,81.229773462783,9.602510460251047,29.089958158995817,13.838912133891213,0.8472803347280335,1.1297071129707112,0.30434782608695654,0.6589958158995817,1.0355648535564854,2.1652719665271967,17.133891213389123,1.4121338912133892,48.85983263598327,0.058568883950288204,0.07818399482332639,0.12554049589301003
Benjamín Domínguez,Serie A,Bologna,AML,15,543,6.033333333333333,13.333333333333,1.160220994475138,20.783035755860993,3.812154696132597,0.0,0.0,0.8287292817679558,0.6666666666666666,0.994475138121547,0.0,0,1.160220994475138,2.983425414364641,1.3259668508287292,42.857142857143,3.314917127071823,2.983425414364641,0.994475138121547,0,45.569620253165,0.3314917127071823,1.160220994475138,8.718232044198896,36.363636363636,1.8232044198895028,0.10726604343119248,0.05393098294734955,80.165289256198,8.61878453038674,20.055248618784532,14.917127071823204,0.6629834254143646,0.8287292817679558,0.16666666666666666,0.3314917127071823,1.160220994475138,1.988950276243094,15.082872928176796,1.4917127071823204,44.41988950276243,0.04372189572667549,0.2609379149880775,0.38891850852340626
Charalampos Lykogiannis,Serie A,Bologna,DL,10,627,6.966666666666667,43.75,1.8660287081339713,24.77335749671062,3.7320574162679425,0.14354066985645933,0.0,0.43062200956937796,0.4,1.7224880382775118,2.4401913875598087,31.111111111111,6.45933014354067,0.5741626794258373,0.43062200956937796,60,0.7177033492822966,0.14354066985645933,1.1483253588516746,0,52.941176470588,0.7177033492822966,1.8660287081339713,10.548803827751195,28.888888888889,6.45933014354067,0.03202904978294692,0.03187653049826622,77.027027027027,8.61244019138756,42.48803827751196,19.808612440191386,0.14354066985645933,0.28708133971291866,0.2857142857142857,0.28708133971291866,0.7177033492822966,1.0047846889952152,18.373205741626794,2.0095693779904304,71.33971291866028,0.2148185547387771,0.13988913879083675,0.2246381109803202
Ciro Immobile,Serie A,Bologna,FW,6,191,2.1222222222222222,30,0.4712041884816754,15.680535729945612,2.8272251308900525,0.0,0.4712041884816754,0.4712041884816754,0,0.0,0.4712041884816754,0,1.4136125654450262,0.9424083769633508,0.4712041884816754,0,0.0,1.4136125654450262,3.769633507853403,0,23.529411764706,0.0,0.4712041884816754,9.603141361256544,100,0.4712041884816754,0.02964419532196684,0.031455785036087036,71.428571428571,6.12565445026178,23.089005235602095,16.020942408376964,0.4712041884816754,0.4712041884816754,0.0,0.0,0.4712041884816754,0.9424083769633508,21.20418848167539,0.4712041884816754,38.638743455497384,0.029867436561284887,0.0593472939199178,0.10092439841849642
Eivind Helland,Serie A,Bologna,DC,6,488,5.4222222222222225,71.428571428571,0.5532786885245902,8.71526848184515,5.163934426229508,0.0,0.0,0.0,0.32,1.4754098360655736,3.5040983606557377,0,0.0,0.3688524590163934,0.1844262295081967,0,0.0,0.1844262295081967,0.9221311475409836,0,50,1.1065573770491803,0.5532786885245902,9.96639344262295,31.428571428571,6.4549180327868845,0.018384127160076234,0.09968282282352448,87.761194029851,3.872950819672131,61.7827868852459,9.221311475409836,0.0,0.1844262295081967,0.0,0.0,0.0,0.1844262295081967,13.831967213114753,1.290983606557377,72.11065573770492,0.0276389210408584,0.13084072802887586,0.15847964975677553
Federico Bernardeschi,Serie A,Bologna,AMC,29,1223,13.588888888888889,46.153846153846,2.134096484055601,23.039967611329228,4.047424366312347,0.294358135731807,0.0,0.6623058053965658,0.6875,3.2379394930498773,0.588716271463614,30.612244897959,3.605887162714636,1.177432542927228,0.22076860179885527,48.979591836735,3.5322976287816843,0.8094848732624693,0.9566639411283728,10.25641025641,43.75,0.5151267375306623,2.2076860179885527,10.126655764513492,81.034482758621,4.268192968111202,0.1779367477585084,0.06199904344975948,87.222222222222,13.83483237939493,39.73834832379395,14.055600981193786,0.588716271463614,1.1038430089942763,0.3333333333333333,0.9566639411283728,1.7661488143908421,2.8699918233851185,20.60506950122649,0.5151267375306623,59.38675388389207,0.2627365219080097,0.2321508272230406,0.5937265108384417
Federico Ravaglia,Serie A,Bologna,GK,17,1469,16.322222222222223,75,0.0,0,8.88359428182437,0.0,0.0,0.0,0.48484848484848486,2.9407760381211707,1.2253233492171545,0,0.0,0.0,0.12253233492171545,100,0.06126616746085772,0.18379850238257317,0.12253233492171545,0,55.555555555556,0.06126616746085772,0.0,3.9663716814159287,39.61038961039,18.86997957794418,0.0,0,74.440052700922,0.9802586793737236,46.501021102791015,12.314499659632402,0.0,0.0,0,0.0,0.0,0.0,0.3063308373042886,0.18379850238257317,56.91626957113682,0.0,0.0674924376522748,0.0674924376522748
Jens Odgaard,Serie A,Bologna,AMC,26,1404,15.6,49.350649350649,0.8974358974358975,20.2046661790045,4.487179487179487,0.06410256410256411,0.19230769230769232,0.576923076923077,0.3333333333333333,0.44871794871794873,1.0256410256410258,38.461538461538,0.8333333333333334,2.0512820512820515,0.5128205128205129,25.925925925926,1.6666666666666667,1.794871794871795,1.794871794871795,14.285714285714,38.571428571429,0.25641025641025644,0.8974358974358975,9.298717948717949,29.411764705882,1.0897435897435899,0.17492298144274032,0.07796567172876426,73.006134969325,6.794871794871795,20.897435897435898,12.5,0.8333333333333334,1.153846153846154,0.37142857142857144,0.8333333333333334,1.0897435897435899,2.2435897435897436,14.35897435897436,1.3461538461538463,39.294871794871796,0.06001815008811462,0.20079900415088886,0.38417275075633556
Jhon Lucumí,Serie A,Bologna,DC,29,2300,25.555555555555557,58.333333333333,0.27391304347826084,12.323163362758503,5.2043478260869565,0.03913043478260869,0.0,0.03913043478260869,0.6044776119402985,3.169565217391304,3.952173913043478,100,0.03913043478260869,0.31304347826086953,0.5478260869565217,100,0.19565217391304346,0.7434782608695651,0.8999999999999999,12.5,59.633027522936,1.2521739130434781,0.27391304347826084,8.748391304347825,61.497326203209,7.317391304347826,0.053946256653770154,0.17232831986621022,89.567901234568,4.969565217391304,63.391304347826086,7.904347826086956,0.07826086956521738,0.23478260869565215,0.25,0.07826086956521738,0.07826086956521738,0.31304347826086953,14.517391304347825,1.6043478260869564,75.36521739130434,0.030807113388310305,0.26549868282619055,0.29324085958828416
Jonathan Rowe,Serie A,Bologna,AML,28,1611,17.9,36.363636363636,1.1731843575418994,19.101863908398933,3.687150837988827,0.2793296089385475,0.335195530726257,0.782122905027933,0.3870967741935484,0.670391061452514,0.1675977653631285,23.076923076923,2.905027932960894,1.6759776536312851,0.5027932960893855,53.846153846154,5.027932960893855,2.7932960893854752,1.2849162011173185,6.25,53.603603603604,0.446927374301676,1.1731843575418994,9.655307262569833,32.142857142857,1.564245810055866,0.023497599463223082,0.008762646466493607,80.927835051546,7.932960893854749,21.675977653631286,13.46368715083799,0.670391061452514,1.6759776536312851,0.3541666666666667,0.9497206703910616,1.005586592178771,2.681564245810056,18.715083798882684,1.1731843575418994,45.81005586592179,0.0,0.007425971204342123,0.029362663210437286
Juan Miranda,Serie A,Bologna,DL,32,2573,28.58888888888889,54.838709677419,2.308589195491644,20.071769854941014,4.022541780023319,0.1748931208705791,0.0,0.10493587252234746,0.5111111111111111,2.4135250680139917,2.5884181888845705,27.586206896552,6.086280606296152,0.24485036921881073,0.4547221142635056,50,0.5596579867858531,1.2242518460940537,0.8744656043528954,7.6923076923077,63.888888888889,1.2242518460940537,2.308589195491644,9.940575204041975,48.706896551724,8.11504080839487,0.018087700291674655,0.03977748106878538,83.241758241758,11.298095608239409,50.92887679751263,17.06956859696852,0.24485036921881073,0.27982899339292655,0.38461538461538464,0.1748931208705791,0.1748931208705791,0.4547221142635056,18.888457054022542,1.7139525845316752,78.00233190827828,0.15756381146415774,0.320895484810079,0.4084293517091171
Lewis Ferguson,Serie A,Bologna,AMC,27,1608,17.866666666666667,51.666666666667,0.8955223880597015,20.42114070866286,3.5261194029850746,0.055970149253731345,0.0,0.33582089552238803,0.3225806451612903,0.5597014925373134,1.5111940298507462,32,1.3992537313432836,0.33582089552238803,0.33582089552238803,42.857142857143,0.33582089552238803,1.4552238805970148,1.8470149253731343,7.6923076923077,53.535353535354,0.6156716417910447,0.8955223880597015,11.648507462686567,66.666666666667,4.197761194029851,0.03644976358332518,0.05009505969400589,87.704130643612,11.026119402985074,58.264925373134325,9.291044776119403,0.22388059701492538,0.2798507462686567,0.15384615384615385,0.11194029850746269,0.44776119402985076,0.7276119402985074,13.488805970149253,1.4552238805970148,70.3544776119403,0.08763768157657625,0.2448278827481528,0.2910524021500527
Lorenzo De Silvestri,Serie A,Bologna,DR,12,503,5.588888888888889,70,0.8946322067594434,,2.6838966202783303,0.0,0.0,0.0,0.625,1.7892644135188869,4.294234592445329,57.142857142857,1.2524850894632207,0.17892644135188868,0.17892644135188868,50,0.35785288270377735,0.5367793240556661,1.6103379721669981,0,35.294117647059,1.2524850894632207,0.8946322067594434,10.252485089463221,55.555555555556,3.2206759443339963,0.0,0,85.792349726776,3.5785288270377738,32.74353876739563,7.5149105367793245,0.17892644135188868,0.0,0,0.0,0.0,0.0,15.029821073558649,0.35785288270377735,50.27833001988072,0.02840133635679012,0.1170139661647572,0.14541530152171792
Lukasz Skorupski,Serie A,Bologna,GK,19,1594,17.711111111111112,100,0.0,,7.622333751568381,0.0,0.0,0.0,0.45,1.016311166875784,1.8067754077791718,0,0.0,0.0,0.0,0,0.0,0.45169385194479295,0.05646173149309912,0,80,0.0,0.0,1.9676913425345044,35.019455252918,14.510664993726474,0.0,0,73.374613003096,1.016311166875784,36.47427854454203,9.993726474278544,0.0,0.0,0,0.0,0.0,0.0,0.11292346298619824,0.0,46.12923462986198,0.0,0.09132095210609427,0.09132095210609427
Martin Vitík,Serie A,Bologna,DC,19,1324,14.71111111111111,55.844155844156,0.20392749244712993,12.309339793508263,2.175226586102719,0.0,0.06797583081570997,0.20392749244712993,0.2894736842105263,0.7477341389728097,6.3217522658610275,0,0.13595166163141995,0.2719033232628399,0.40785498489425986,66.666666666667,0.13595166163141995,0.2719033232628399,1.5634441087613293,0,56,0.6797583081570997,0.20392749244712993,9.41261329305136,29.577464788732,4.826283987915408,0.050165352546624006,0.09224850940518081,87.96169630643,4.146525679758309,49.69033232628399,6.933534743202418,0.06797583081570997,0.4758308157099698,0.25,0.13595166163141995,0.06797583081570997,0.5438066465256798,13.527190332326285,2.447129909365559,63.96525679758309,0.01161719320673957,0.10732078817855917,0.12263032469864699
Massimo Pessina,Serie A,Bologna,GK,4,352,3.911111111111111,100,0.0,0,7.4147727272727275,0.0,0.0,0.0,0.16666666666666666,0.7670454545454546,2.556818181818182,0,0.0,0.0,0.0,0,0.0,0.2556818181818182,0.0,0,100,0.0,0.0,2.927556818181818,30.15873015873,16.107954545454547,0.0,0,66.176470588235,0.5113636363636364,34.77272727272727,11.761363636363637,0.0,0.0,0,0.0,0.0,0.0,0.2556818181818182,0.0,43.46590909090909,0.0,0.07779242523776538,0.07779242523776538
Nadir Zortea,Serie A,Bologna,DR,32,1818,20.2,56.666666666667,1.188118811881188,23.60966344840432,3.712871287128713,0.19801980198019803,0.0,0.04950495049504951,0.4473684210526316,1.6831683168316833,1.8811881188118813,30.434782608696,3.4158415841584158,0.7425742574257426,0.8910891089108911,47.619047619048,2.0297029702970297,0.8415841584158417,1.3861386138613863,0,43.150684931507,0.9900990099009901,1.188118811881188,10.204455445544555,46.315789473684,4.702970297029703,0.02089533636733742,0.03837143587456508,79.92277992278,7.673267326732674,38.46534653465347,14.851485148514852,0.297029702970297,0.1485148514851485,0.09090909090909091,0.04950495049504951,0.39603960396039606,0.5445544554455446,21.534653465346537,1.2871287128712872,63.31683168316832,0.14150228840068427,0.1612407183920098,0.2860893866987807
Nicolò Cambiaghi,Serie A,Bologna,AML,28,1529,16.988888888888887,33.333333333333,1.0595160235448007,17.65988101076998,4.061478090255069,0.2943100065402224,0.11772400261608897,0.47089601046435586,0.5238095238095238,0.6474820143884893,0.2943100065402224,25,3.767168083714847,1.236102027468934,1.1772400261608895,45.454545454545,1.9424460431654678,4.179202092871158,1.8835840418574235,12.5,56.930693069307,0.47089601046435586,1.0595160235448007,10.088358404185742,45.454545454545,1.2949640287769786,0.17168855981047323,0.12153324442139517,83.375314861461,8.53499018966645,23.36821451929366,11.30150425114454,0.8829300196206672,1.1772400261608895,0.25,0.35317200784826686,0.23544800523217793,1.4126880313930674,22.132112491824724,1.7658600392413344,43.79332897318509,0.17836566747667512,0.10771214435738315,0.39193862040470523
Nicolò Casale,Serie A,Bologna,DC,12,684,7.6,65.957446808511,0.5263157894736842,8.520239329391913,3.4210526315789473,0.0,0.13157894736842105,0.13157894736842105,0.6363636363636364,1.842105263157895,7.7631578947368425,50,0.2631578947368421,0.39473684210526316,0.39473684210526316,0,0.0,0.6578947368421053,1.973684210526316,0,37.5,0.9210526315789475,0.5263157894736842,9.921052631578949,61.40350877193,7.5,0.0982137588097861,0.14928491339087485,86.274509803922,3.8157894736842106,46.973684210526315,7.7631578947368425,0.13157894736842105,0.6578947368421053,0.0,0.0,0.0,0.6578947368421053,13.81578947368421,0.9210526315789475,62.76315789473684,0.02696494571864605,0.22469357918261698,0.23605417545982882
Nikola Moro,Serie A,Bologna,MC,30,1797,19.966666666666665,50,1.302170283806344,25.790371062260917,4.3071786310517535,0.1001669449081803,0.05008347245409015,0.2003338898163606,0.6081081081081081,4.507512520868114,1.7028380634390652,30,2.5041736227045077,0.4006677796327212,0.651085141903172,68.421052631579,0.9015025041736228,0.8514190317195326,0.9015025041736228,9.0909090909091,58.095238095238,0.8514190317195326,1.302170283806344,10.431385642737897,64.102564102564,11.719532554257096,0.04664704589194965,0.042335728014057335,84.977578475336,15.92654424040067,67.01168614357263,13.47245409015025,0.4507512520868114,0.1001669449081803,0.13636363636363635,0.15025041736227046,1.001669449081803,1.1018363939899833,11.869782971619367,1.6026711185308848,81.08514190317196,0.10278828344144587,0.25485915403956166,0.3124196828344529
Remo Freuler,Serie A,Bologna,MC,29,2217,24.633333333333333,36.585365853659,0.8930987821380244,28.244797947906488,4.384303112313938,0.04059539918809202,0.04059539918809202,0.16238159675236807,0.5054945054945055,1.8673883626522327,1.3396481732070367,12.5,0.6495263870094723,0.36535859269282817,0.7307171853856563,28.571428571429,0.2435723951285521,0.9742895805142084,0.7713125845737483,12.5,62.790697674419,0.9336941813261164,0.8930987821380244,10.664005412719892,52.212389380531,4.587280108254398,0.068246038310502,0.21014092629775405,87.314540059347,10.676589986468201,54.72259810554804,9.418132611637349,0.32476319350473615,0.2029769959404601,0.125,0.04059539918809202,0.12178619756427606,0.32476319350473615,10.108254397834912,2.232746955345061,66.0893098782138,0.05446984679646115,0.2902246214051168,0.39276566221574083
Riccardo Orsolini,Serie A,Bologna,AMR,35,2130,23.666666666666668,59.183673469388,1.0985915492957745,18.11527737893845,2.788732394366197,0.04225352112676056,0.29577464788732394,0.676056338028169,0.4107142857142857,0.9718309859154929,0.676056338028169,12.5,1.6901408450704225,1.1830985915492958,0.4225352112676056,47.761194029851,2.788732394366197,1.8591549295774648,0.8873239436619718,12.19512195122,52.150537634409,0.3380281690140845,1.0985915492957745,9.676478873239436,52.631578947368,3.2112676056338025,0.26714316440719954,0.07710229541833807,70.409982174688,7.183098591549295,23.704225352112676,13.6056338028169,0.38028169014084506,2.577464788732394,0.3780487804878049,1.3098591549295775,0.8873239436619718,3.464788732394366,17.366197183098592,0.8873239436619718,41.53521126760563,0.07220488125589532,0.28328881593762145,0.5412912833911012
Santiago Castro,Serie A,Bologna,FW,35,2366,26.288888888888888,44.53781512605,1.0650887573964498,14.681151320039348,1.749788672865596,0.1521555367709214,0.3423499577345731,0.5325443786982249,0.7428571428571429,0.989010989010989,1.1031276415891802,0,0.1521555367709214,1.7117497886728656,0.1521555367709214,45.714285714286,1.2933220625528319,1.9019442096365173,1.3313609467455623,11.111111111111,43.93063583815,0.03803888419273035,1.0650887573964498,9.153296703296704,73.529411764706,1.2933220625528319,0.31568804550727014,0.1317315547919226,76.80412371134,4.260355029585799,14.759087066779376,9.509721048182588,0.3803888419273035,1.978021978021978,0.31746031746031744,0.760777683854607,0.4184277261200338,2.396449704142012,14.606931530008454,0.3803888419273035,29.860524091293325,0.1039459192708122,0.05975974619385432,0.41342382015784795
Thijs Dallinga,Serie A,Bologna,FW,23,828,9.2,37.5,1.0869565217391306,14.097630125261047,2.173913043478261,0.10869565217391305,0.5434782608695653,0.7608695652173914,0.6,0.6521739130434783,1.0869565217391306,20,0.5434782608695653,1.4130434782608696,0.0,33.333333333333,0.6521739130434783,0.9782608695652175,2.173913043478261,8.695652173913,33.333333333333,0.10869565217391305,1.0869565217391306,10.755434782608697,71.428571428571,1.5217391304347827,0.4224071797469388,0.1689628718987755,71.238938053097,7.717391304347827,24.56521739130435,12.06521739130435,0.5434782608695653,2.065217391304348,0.21739130434782608,0.5434782608695653,0.4347826086956522,2.5,19.67391304347826,0.7608695652173914,37.71739130434783,0.07825432841301613,0.11485410287328389,0.6034009748786364
Tommaso Pobega,Serie A,Bologna,MC,26,1452,16.133333333333333,51.162790697674,0.37190082644628103,19.624435811315287,2.7892561983471076,0.12396694214876033,0.06198347107438017,0.24793388429752067,0.3783783783783784,0.8677685950413223,1.859504132231405,0,0.12396694214876033,0.43388429752066116,0.9917355371900827,70,0.6198347107438017,0.7438016528925621,2.169421487603306,12,48.695652173913,1.177685950413223,0.37190082644628103,10.635743801652893,40.350877192982,3.5330578512396693,0.1140779662638718,0.07361831422895193,77.254901960784,6.0123966942148765,31.611570247933884,9.235537190082646,0.43388429752066116,0.7438016528925621,0.4,0.6198347107438017,0.8057851239669421,1.5495867768595042,15.991735537190083,2.293388429752066,45.061983471074385,0.03415392101780812,0.2076967310714574,0.32963448448476096
Torbjørn Heggem,Serie A,Bologna,DC,27,2113,23.477777777777778,45.121951219512,0.12778040700425936,11.330766141177605,3.8760056791292,0.0,0.04259346900141978,0.12778040700425936,0.52,0.5537150970184571,4.344533838144818,0,0.04259346900141978,0.2555608140085187,0.38334122101277807,80,0.4259346900141978,0.5111216280170374,1.3203975390440132,0,53.061224489796,1.0222432560340748,0.12778040700425936,9.526455276857549,65.116279069767,5.494557501183152,0.043237821004625414,0.09228435937653888,91.722408026756,2.555608140085187,50.94178892569806,5.238996687174633,0.04259346900141978,0.4259346900141978,0.18181818181818182,0.08518693800283957,0.04259346900141978,0.4685281590156176,12.224325603407477,1.362991008045433,62.52721249408424,0.0021677773835475107,0.17658782467489353,0.17709985082299998
Sulemana,Serie A,"Bologna,Cagliari",MC,19,902,10.022222222222222,48.387096774194,0.5986696230598669,21.678031901591837,6.585365853658536,0.0,0.09977827050997783,0.3991130820399113,0.5833333333333334,0.6984478935698448,1.5964523281596452,0,0.19955654101995565,0.9977827050997783,0.5986696230598669,47.826086956522,2.1951219512195124,0.9977827050997783,1.2971175166297118,9.0909090909091,49.382716049383,0.49889135254988914,0.5986696230598669,11.052439024390244,55,1.9955654101995566,0.0,0.0,88.205128205128,6.1862527716186255,38.91352549889135,9.079822616407982,0.0,0.29933481152993346,0.18181818181818182,0.19955654101995565,0.7982261640798226,1.0975609756097562,18.658536585365855,1.8957871396895787,54.37915742793792,0.0,0.01824446563544929,0.01824446563544929
Giovanni Fabbian,Serie A,"Bologna,Fiorentina",AMC,29,1173,13.033333333333333,46.376811594203,0.690537084398977,12.492339120786806,2.8388746803069056,0.23017902813299232,0.1534526854219949,0.1534526854219949,0.5384615384615384,0.5370843989769821,1.381074168797954,0,0.5370843989769821,1.0741687979539642,0.5370843989769821,40,1.1508951406649617,2.071611253196931,1.4578005115089514,9.5238095238095,49.438202247191,0.46035805626598464,0.690537084398977,10.585933503836317,52.380952380952,1.6112531969309463,0.055214435319461484,0.034268006682395935,79.72972972973,4.987212276214834,22.710997442455245,8.976982097186701,0.23017902813299232,1.381074168797954,0.2857142857142857,0.46035805626598464,0.23017902813299232,1.6112531969309463,15.115089514066497,0.9207161125319693,37.05882352941177,0.05397236089000616,0.05570189865387004,0.11784629329391148
Simon Sohm,Serie A,"Bologna,Fiorentina",MC,28,1438,15.977777777777778,37.704918032787,0.9388038942976356,17.42577996657506,2.878998609179416,0.18776077885952713,0.06258692628650904,0.18776077885952713,0.42105263157894735,0.5006954102920723,0.6884561891515995,14.285714285714,0.4381084840055633,0.3129346314325452,0.25034770514603616,68.75,1.0013908205841446,0.8762169680111266,1.564673157162726,0,53.164556962025,0.5006954102920723,0.9388038942976356,10.806258692628651,59.375,2.0027816411682893,0.011512296978949009,0.02043788031571441,85.464098073555,6.50904033379694,35.73713490959666,7.385257301808067,0.12517385257301808,0.37552155771905427,0.1111111111111111,0.06258692628650904,0.18776077885952713,0.5632823365785814,15.458970792767733,1.2517385257301807,45.12517385257302,0.10912522564801454,0.1318673249878124,0.18233644794180512
Emil Holm,Serie A,"Bologna,Juventus",DR,18,895,9.944444444444445,47.222222222222,0.9050279329608938,15.688245596093243,5.731843575418995,0.3016759776536313,0.0,0.20111731843575417,0.2,0.5027932960893855,2.916201117318436,24.137931034483,2.916201117318436,0.6033519553072626,0.7039106145251397,46.666666666667,1.4078212290502794,1.9106145251396647,1.106145251396648,7.6923076923077,63.218390804598,0.9050279329608938,0.9050279329608938,9.682793296089386,26.190476190476,4.223463687150838,0.03022364055602577,0.023119793416788943,78.342245989305,7.039106145251396,37.608938547486034,16.29050279329609,0.10055865921787709,0.9050279329608938,0.15384615384615385,0.20111731843575417,0.40223463687150834,1.3072625698324023,18.804469273743017,3.016759776536313,69.08379888268156,0.02319902589534248,0.10136003752743732,0.13438678467282036
João Mário,Serie A,"Bologna,Juventus",DR,20,1008,11.2,42.857142857143,0.7142857142857143,18.941389807817213,3.8392857142857144,0.08928571428571429,0.0,0.35714285714285715,0.3333333333333333,1.3392857142857144,1.1607142857142858,35,1.7857142857142858,0.5357142857142857,0.8928571428571429,46.875,2.857142857142857,2.7678571428571432,0.8928571428571429,14.285714285714,58.823529411765,1.1607142857142858,0.7142857142857143,9.613392857142857,45.238095238095,3.7500000000000004,0.012237382054861103,0.019579811287777766,78.455284552846,11.071428571428573,43.92857142857143,15.178571428571429,0.17857142857142858,0.35714285714285715,0.2857142857142857,0.17857142857142858,0.26785714285714285,0.625,16.875,1.25,67.94642857142857,0.01749153914196151,0.03478897045299943,0.05953872850763479
Adam Obert,Serie A,Cagliari,DL,35,2788,30.977777777777778,47.692307692308,0.8715925394548063,14.551036741329247,4.099713055954089,0.19368723098995697,0.06456241032998565,0.06456241032998565,0.39285714285714285,1.4203730272596844,3.6477761836441895,33.333333333333,2.227403156384505,0.48421807747489237,0.5164992826398852,64,0.8070301291248206,0.41965566714490676,1.291248206599713,0,55.428571428571,1.3558106169296986,0.8715925394548063,9.184325681492108,46.153846153846,3.7769010043041606,0.043780070434256295,0.13562092930078506,81.720430107527,4.745337159253945,39.02797704447633,11.362984218077475,0.16140602582496413,0.29053084648493543,0.3,0.09684361549497848,0.032281205164992825,0.32281205164992827,13.687230989956959,2.1951219512195124,60.91463414634146,0.11973913864551948,0.2380623139702906,0.2939854974830403
Agustín Albarracín,Serie A,Cagliari,Non,2,31,0.34444444444444444,0,0.0,0,0.0,0.0,0.0,0.0,0,0.0,0.0,0,5.806451612903226,0.0,2.903225806451613,0,0.0,8.709677419354838,0.0,0,60,0.0,0.0,5.225806451612903,0,2.903225806451613,0.0,0,87.5,5.806451612903226,46.45161290322581,14.516129032258064,0.0,0.0,0,0.0,0.0,0.0,14.516129032258064,0.0,66.7741935483871,0.0,0.22654419704791037,0.22654419704791037
Alberto Dossena,Serie A,Cagliari,DC,12,856,9.511111111111111,62.068965517241,0.31542056074766356,10.883703878664543,3.0490654205607477,0.2102803738317757,0.10514018691588785,0.10514018691588785,0.3225806451612903,1.0514018691588785,4.41588785046729,0,0.0,0.10514018691588785,0.5257009345794392,100,0.10514018691588785,0.8411214953271028,1.1565420560747663,0,59.52380952381,0.9462616822429907,0.31542056074766356,8.054789719626168,44.186046511628,4.521028037383178,0.09445080837173928,0.14972202215964595,89.301310043668,2.628504672897196,48.154205607476634,6.308411214953271,0.0,0.6308411214953271,0.3333333333333333,0.2102803738317757,0.0,0.6308411214953271,7.044392523364486,1.6822429906542056,60.771028037383175,0.06413920316845179,0.12779703285440663,0.1590312988645284
Alessandro Deiola,Serie A,Cagliari,MC,20,1435,15.944444444444445,35.483870967742,0.37630662020905925,19.195302586511385,3.1358885017421603,0.0,0.2508710801393728,0.37630662020905925,0.42424242424242425,0.8780487804878049,2.3832752613240418,0,0.1254355400696864,0.313588850174216,0.8780487804878049,60,0.313588850174216,0.7526132404181185,1.3797909407665505,0,54.945054945055,0.8780487804878049,0.37630662020905925,10.164668989547037,51.851851851852,3.3867595818815333,0.13977508360474575,0.10130163887515664,81.344537815126,4.013937282229965,37.31707317073171,8.655052264808361,0.0627177700348432,0.6898954703832753,0.3181818181818182,0.43902439024390244,0.6898954703832753,1.3797909407665505,15.491289198606271,2.1951219512195124,49.23344947735192,0.0373482550023844,0.18629568562119264,0.2850877837462915
Alessandro Di Pardo,Serie A,Cagliari,DR,3,60,0.6666666666666666,0,0.0,10.695225679749347,4.5,0.0,0.0,0.0,1.0,1.5,4.5,0,0.0,0.0,3.0,0,0.0,1.5,0.0,0,50,0.0,0.0,11.040000000000001,0,0.0,0.15009565651416779,0.10006377100944519,76.470588235294,3.0,25.5,10.5,0.0,1.5,0.0,0.0,0.0,1.5,27.0,1.5,51.0,0.0,0.0,0.15009565651416779
Andrea Belotti,Serie A,Cagliari,FW,8,232,2.577777777777778,33.333333333333,0.3879310344827586,10.137489680502668,1.1637931034482758,0.0,1.1637931034482758,0.0,0,0.0,0.7758620689655172,0,0.3879310344827586,1.5517241379310345,0.3879310344827586,25,1.5517241379310345,3.879310344827586,1.1637931034482758,33.333333333333,50,1.5517241379310345,0.3879310344827586,7.863362068965516,0,0.0,0.6010332575132107,0.25822169582049054,74.193548387097,1.5517241379310345,12.025862068965516,10.474137931034482,0.0,2.3275862068965516,0.6666666666666666,1.5517241379310345,0.0,2.3275862068965516,13.189655172413792,0.3879310344827586,31.810344827586206,0.015833796612147625,0.10109652010402802,0.39423648011067813
Elia Caprile,Serie A,Cagliari,GK,38,3420,38.0,84.210526315789,0.02631578947368421,0,7.973684210526316,0.0,0.0,0.0,0.53,1.394736842105263,0.8947368421052632,0,0.0,0.0,0.0,0,0.0,0.21052631578947367,0.0,0,100,0.0,0.02631578947368421,4.197631578947369,35.489220563847,15.868421052631579,0.0,0,63.794683776352,1.2105263157894737,28.710526315789473,10.578947368421053,0.0,0.0,0,0.0,0.0,0.0,0.21052631578947367,0.0,38.6578947368421,0.003234558983852989,0.05967330959576525,0.06290786857961823
Gabriele Zappa,Serie A,Cagliari,DR,31,1608,17.866666666666667,45.833333333333,0.7276119402985074,15.130755192061258,2.8544776119402986,0.22388059701492538,0.11194029850746269,0.11194029850746269,0.40625,1.4552238805970148,2.5186567164179103,35.135135135135,2.0708955223880596,0.16791044776119401,1.0634328358208955,35.714285714286,0.7276119402985074,0.2798507462686567,0.7276119402985074,0,46.913580246914,0.9514925373134329,0.7276119402985074,9.72705223880597,38.75,4.477611940298507,0.06320261222713473,0.10265636410225522,84.371460928652,8.059701492537313,49.42164179104478,11.641791044776118,0.055970149253731345,0.503731343283582,0.18181818181818182,0.11194029850746269,0.11194029850746269,0.6156716417910447,17.07089552238806,1.5671641791044775,68.78731343283582,0.11790495306781645,0.23348169158032137,0.3391185445266206
Gennaro Borrelli,Serie A,Cagliari,FW,27,1273,14.144444444444444,55.102040816327,0.8483896307934015,16.26074645922525,1.6260801256873527,0.07069913589945012,0.21209740769835037,0.6362922230950511,1.0,0.2827965435978005,1.2018853102906522,0,0.14139827179890024,1.6260801256873527,0.42419481539670073,37.5,1.131186174391202,3.464257659073056,3.1107619795758055,16.666666666667,46.853146853147,0.21209740769835037,0.8483896307934015,10.393479968578161,70,0.7069913589945012,0.32379921641309056,0.15266533425698678,70.044052863436,4.029850746268657,16.048703849175176,11.24116260801257,0.14139827179890024,1.4846818538884525,0.4,0.8483896307934015,0.6362922230950511,2.1209740769835035,14.776119402985076,1.0604870384917517,34.71327572663001,0.06156418483502408,0.18343991298559184,0.4048083129998089
Gianluca Gaetano,Serie A,Cagliari,MC,33,1912,21.244444444444444,51.851851851852,1.2709205020920502,21.595025601576765,5.083682008368201,0.09414225941422595,0.0,0.4236401673640168,0.4444444444444444,2.071129707112971,1.3650627615062763,28.205128205128,1.8357740585774058,1.0826359832635983,0.8943514644351465,58.620689655172,1.3650627615062763,1.3650627615062763,1.2238493723849373,5.8823529411765,48.387096774194,1.0355648535564854,1.3179916317991633,10.282217573221757,48.214285714286,5.271966527196653,0.09396516387233955,0.058712873635265755,80.473933649289,8.472803347280335,49.66004184100419,14.497907949790795,0.09414225941422595,0.6119246861924686,0.3235294117647059,0.5177824267782427,0.9884937238493724,1.600418410041841,13.179916317991632,1.3650627615062763,65.94665271966528,0.10425567540737594,0.2657936564666145,0.3618372466744442
Joseph Liteta,Serie A,Cagliari,MC,4,266,2.9555555555555557,50,0.0,0,7.105263157894736,0.0,0.0,0.0,0.3333333333333333,0.3383458646616541,1.0150375939849623,0,0.0,1.3533834586466165,2.3684210526315788,100,0.6766917293233082,0.0,1.3533834586466165,0,31.818181818182,2.706766917293233,0.0,10.312781954887217,28.571428571429,4.7368421052631575,0.0,0,84.732824427481,4.060150375939849,44.32330827067669,9.473684210526315,0.0,0.0,0,0.0,0.0,0.0,9.13533834586466,1.6917293233082706,56.84210526315789,0.0,0.05209341477182575,0.05209341477182575
Juan Rodríguez,Serie A,Cagliari,DC,17,1315,14.61111111111111,50,0.0,11.50235715271758,2.8060836501901143,0.0,0.06844106463878327,0.0,0.35135135135135137,0.8897338403041826,5.543726235741445,20,0.34220532319391633,0.13688212927756654,0.41064638783269963,100,0.06844106463878327,0.5475285171102662,1.0266159695817492,33.333333333333,66.666666666667,1.231939163498099,0.0,8.40319391634981,25.454545454545,3.76425855513308,0.08202216240219744,0.399478309477369,88.670694864048,1.6425855513307985,45.30798479087453,6.501901140684411,0.0,0.13688212927756654,0.6666666666666666,0.13688212927756654,0.06844106463878327,0.20532319391634982,8.55513307984791,2.532319391634981,60.57034220532319,0.0,0.17319758743500982,0.17512228759182724
Leonardo Pavoletti,Serie A,Cagliari,FW,13,246,2.7333333333333334,39.285714285714,0.7317073170731707,10.447274800764125,2.1951219512195124,0.36585365853658536,0.7317073170731707,0.7317073170731707,0.5,0.7317073170731707,0.7317073170731707,0,0.0,0.0,0.7317073170731707,0,0.0,0.0,3.658536585365854,16.666666666667,18.181818181818,0.36585365853658536,0.7317073170731707,9.841463414634145,50,0.7317073170731707,0.5029734496663256,0.22913234929243723,58.730158730159,4.7560975609756095,23.048780487804876,12.073170731707316,0.0,2.1951219512195124,0.16666666666666666,0.36585365853658536,0.0,2.1951219512195124,8.048780487804878,0.7317073170731707,32.19512195121951,0.13241766951978207,0.15428672272075966,0.6504749917856804
Luca Mazzitelli,Serie A,Cagliari,MC,18,785,8.722222222222221,37.037037037037,0.5732484076433122,18.474216905806948,3.4394904458598727,0.11464968152866244,0.0,0.45859872611464975,0.5,2.407643312101911,2.980891719745223,22.222222222222,1.0318471337579618,0.3439490445859873,1.4904458598726116,50,0.6878980891719746,1.4904458598726116,2.5222929936305736,13.333333333333,47.368421052632,1.2611464968152868,0.5732484076433122,10.59019108280255,47.761194029851,7.681528662420383,0.08122679330171294,0.04723187610507011,75.945945945946,5.7324840764331215,42.4203821656051,13.528662420382167,0.11464968152866244,1.0318471337579618,0.3333333333333333,0.5732484076433122,0.6878980891719746,1.7197452229299364,13.757961783439491,2.292993630573249,60.076433121019114,0.1225880220722241,0.2697730628524427,0.35469039733622487
Marco Palestra,Serie A,Cagliari,DMR,37,3084,34.266666666666666,40.540540540541,0.933852140077821,19.473540143288968,3.385214007782101,0.20428015564202334,0.0,0.26264591439688717,0.5217391304347826,0.7003891050583658,1.2256809338521402,24.770642201835,3.180933852140078,0.6712062256809339,0.5836575875486382,51.851851851852,3.910505836575876,3.151750972762646,1.1964980544747081,3.448275862069,61.477572559367,0.5836575875486382,0.9630350194552529,9.591245136186771,54.901960784314,1.4883268482490273,0.04824595832979807,0.057007868003485535,85.121107266436,4.756809338521401,25.301556420233464,11.673151750972764,0.08754863813229573,0.5544747081712063,0.2413793103448276,0.20428015564202334,0.2918287937743191,0.8463035019455253,21.88715953307393,1.605058365758755,48.764591439688715,0.12833327768870598,0.1130365135405459,0.24642161544818245
Mattia Felici,Serie A,Cagliari,ML,12,409,4.544444444444444,20,1.76039119804401,17.47684041321564,3.3007334963325183,0.22004889975550124,0.22004889975550124,0.4400977995110025,0.16666666666666666,0.22004889975550124,0.4400977995110025,26.086956521739,5.061124694376528,1.76039119804401,0.6601466992665037,36.842105263158,3.9608801955990223,1.3202933985330074,2.2004889975550124,22.222222222222,42.857142857143,1.1002444987775062,1.76039119804401,9.312469437652812,33.333333333333,0.6601466992665037,0.2941351245478488,0.148520081407494,67.619047619048,5.061124694376528,23.105134474327627,18.924205378973106,0.880195599022005,1.3202933985330074,0.6666666666666666,1.3202933985330074,0.6601466992665037,1.9804400977995111,20.684596577017114,2.4205378973105134,49.07090464547677,0.16646460026575477,0.1330536103882533,0.49854841065071615
Michael Folorunsho,Serie A,Cagliari,MC,27,2007,22.3,42.5,0.6278026905829596,19.062815398323878,2.914798206278027,0.08968609865470852,0.22421524663677128,0.49327354260089684,0.29411764705882354,0.6726457399103138,1.2556053811659191,18.181818181818,0.9865470852017937,1.4349775784753362,0.7623318385650224,44,2.242152466367713,2.197309417040359,1.569506726457399,5.5555555555556,46.268656716418,0.40358744394618834,0.6726457399103138,8.975336322869955,37.735849056604,2.3766816143497755,0.13215907945427124,0.08186520755084024,66.460905349794,4.439461883408072,21.79372197309417,14.394618834080717,0.3139013452914798,0.8968609865470851,0.25,0.40358744394618834,0.7174887892376681,1.6143497757847534,13.991031390134529,1.0762331838565022,41.16591928251121,0.04233047829715393,0.12056121999406226,0.23562413197628854
Ndary Adopo,Serie A,Cagliari,MC,38,3055,33.94444444444444,43.055555555556,0.7954173486088381,15.584237594786476,5.184942716857611,0.088379705400982,0.11783960720130933,0.265139116202946,0.5,0.6775777414075287,1.2667757774140753,23.076923076923,0.7659574468085106,1.0900163666121114,0.5008183306055647,38.888888888889,1.0310965630114566,0.7364975450081833,1.0310965630114566,3.5714285714286,46.829268292683,0.8543371522094927,0.7954173486088381,10.141276595744682,41.666666666667,1.414075286415712,0.07450243856898112,0.0903194245350148,82.287822878229,6.30441898527005,31.93453355155483,9.368248772504092,0.3829787234042553,0.5597381342062193,0.39285714285714285,0.3240589198036007,0.265139116202946,0.8248772504091654,16.90998363338789,1.679214402618658,44.60229132569558,0.0718965831497736,0.17144634653913216,0.2594948142169443
Nicolò Cavuoti,Serie A,Cagliari,Non,4,52,0.5777777777777777,33.333333333333,0.0,0,3.4615384615384617,0.0,0.0,0.0,0.0,0.0,0.0,0,0.0,3.4615384615384617,1.7307692307692308,50,3.4615384615384617,1.7307692307692308,1.7307692307692308,0,28.571428571429,0.0,0.0,9.74423076923077,0,1.7307692307692308,0.0,0,85.714285714286,5.1923076923076925,24.230769230769234,13.846153846153847,1.7307692307692308,0.0,0,0.0,0.0,0.0,20.76923076923077,0.0,46.73076923076923,0.0,0.0,0.0
Othniël Raterink,Serie A,Cagliari,Non,1,12,0.13333333333333333,0,0.0,0,0.0,0.0,0.0,0.0,0,0.0,0.0,0,0.0,0.0,0.0,0,0.0,0.0,0.0,0,0,0.0,0.0,10.125,0,7.5,0.0,0,83.333333333333,0.0,45.0,7.5,0.0,0.0,0,0.0,0.0,0.0,7.5,0.0,52.5,0.0,0.1774545991793275,0.1774545991793275
Paul Mendy,Serie A,Cagliari,FW,9,338,3.7555555555555555,41.860465116279,1.5976331360946745,15.004609936726755,4.792899408284024,0.0,0.5325443786982249,0.7988165680473372,1.0,0.26627218934911245,1.0650887573964498,0,0.5325443786982249,3.195266272189349,0.26627218934911245,40,1.331360946745562,1.0650887573964498,3.195266272189349,13.333333333333,17.647058823529,0.26627218934911245,1.5976331360946745,8.150591715976331,75,1.0650887573964498,0.6361316734946956,0.15926852269719044,70.27027027027,7.455621301775148,19.70414201183432,16.242603550295858,0.7988165680473372,3.195266272189349,0.2,0.7988165680473372,0.7988165680473372,3.9940828402366866,19.97041420118343,0.0,43.13609467455621,0.06849277433911724,0.21952828932443313,0.7246926040030442
Riyad Idrissi,Serie A,Cagliari,DML,23,781,8.677777777777777,10,0.6914212548015365,19.428965730908377,4.8399487836107555,0.0,0.11523687580025609,0.0,0.3333333333333333,0.46094750320102434,3.2266325224071704,8.695652173913,2.65044814340589,0.5761843790012805,1.4980793854033292,57.142857142857,1.6133162612035852,0.6914212548015365,1.0371318822023048,33.333333333333,51.470588235294,0.9218950064020487,0.6914212548015365,10.295262483994879,44,2.880921895006402,0.09092316193632524,0.1315018323560556,79.790940766551,5.416133162612036,33.0729833546735,14.058898847631243,0.23047375160051217,0.34571062740076824,1.0,0.6914212548015365,0.34571062740076824,0.6914212548015365,25.35211267605634,2.4199743918053778,61.07554417413573,0.028629726772023686,0.3794375217129762,0.43030518220401304
Sebastiano Esposito,Serie A,Cagliari,FW,36,2699,29.988888888888887,42.857142857143,2.3675435346424605,20.762628462764116,3.101148573545758,0.36680251945164877,0.06669136717302705,0.5001852537977028,0.5793650793650794,2.434234901815487,0.7336050389032975,24.817518248175,4.568358651352353,1.0337161911819193,1.4005187106335681,41.463414634146,1.3671730270470546,1.8673582808447575,1.5005557613931086,12.280701754386,48.669201520913,0.6669136717302705,2.3675435346424605,9.953686550574288,64,3.3345683586513526,0.16616548658267533,0.08742312832098258,75.522388059701,9.803630974434977,33.51241200444609,16.939607261948872,0.4334938866246758,1.0670618747684328,0.2807017543859649,0.5335309373842164,0.8336420896628381,1.9007039644312709,17.173027047054465,1.8673582808447575,54.553538347536126,0.18599461434045328,0.15883733882462153,0.3830220935111931
Semih Kiliçsoy,Serie A,Cagliari,FW,22,984,10.933333333333334,15.384615384615,1.0060975609756098,18.500701799924762,2.652439024390244,0.0,0.0,0.5487804878048781,0.6818181818181818,1.371951219512195,0.0,100,0.09146341463414634,2.652439024390244,0.0,56,2.1951219512195124,1.371951219512195,1.2804878048780488,23.529411764706,39.080459770115,0.09146341463414634,1.0060975609756098,9.940243902439025,92.857142857143,1.2804878048780488,0.1878581782973303,0.12081859310102813,77.083333333333,4.573170731707317,21.95121951219512,12.530487804878048,0.6402439024390244,0.9146341463414634,0.47058823529411764,0.7317073170731707,0.6402439024390244,1.5548780487804879,9.878048780487804,0.4573170731707317,37.68292682926829,0.03574549109765851,0.09590769067361224,0.27357925669426414
Yael Trepy,Serie A,Cagliari,Non,8,105,1.1666666666666667,14.285714285714,1.7142857142857142,16.157048303616442,0.0,0.0,0.8571428571428571,2.571428571428571,1.0,1.7142857142857142,0.8571428571428571,28.571428571429,6.0,2.571428571428571,0.0,100,1.7142857142857142,1.7142857142857142,0.8571428571428571,14.285714285714,60,0.8571428571428571,1.7142857142857142,11.082857142857142,0,0.8571428571428571,0.5125826693006924,0.08543044488344874,60,1.7142857142857142,12.857142857142856,14.571428571428571,0.0,6.0,0.2857142857142857,1.7142857142857142,0.0,6.0,22.285714285714285,1.7142857142857142,42.0,0.12483805418014525,0.0,0.5806734045701367
Yerry Mina,Serie A,Cagliari,DC,26,2153,23.92222222222222,65.168539325843,0.3344170924291686,13.300152714240843,3.3441709242916864,0.0,0.0,0.08360427310729215,0.46,0.9614491407338598,5.308871342313052,0,0.04180213655364608,0.3762192289828147,0.3344170924291686,40,0.2090106827682304,1.5466790524849048,1.086855550394798,18.181818181818,62.280701754386,1.086855550394798,0.3344170924291686,8.289781699953554,43.023255813953,3.5949837436135628,0.07361431956495372,0.1600925555791367,91.50707743547,1.7974918718067814,50.20436600092894,5.476079888527636,0.08360427310729215,0.3762192289828147,0.2727272727272727,0.12540640966093825,0.08360427310729215,0.45982350209010686,5.64328843474222,1.3376683697166745,64.54249883882954,0.017882576528062834,0.1920741008351528,0.19361752455234807
Zito,Serie A,Cagliari,FW,12,335,3.7222222222222223,20,0.8059701492537313,19.219856381254434,2.6865671641791042,0.26865671641791045,0.5373134328358209,0.26865671641791045,0.6666666666666666,0.5373134328358209,0.26865671641791045,28.571428571429,1.880597014925373,1.3432835820895521,0.8059701492537313,25,3.2238805970149254,4.835820895522388,1.0746268656716418,0,53.488372093023,0.26865671641791045,0.8059701492537313,9.733432835820894,0,0.0,0.30926807313712673,0.09593037453790505,76.923076923077,5.641791044776119,17.46268656716418,12.626865671641792,0.5373134328358209,1.880597014925373,0.5,1.6119402985074627,1.3432835820895521,3.2238805970149254,19.611940298507463,0.5373134328358209,38.6865671641791,0.1043639796327299,0.10987286764516759,0.51741845171843
Zé Pedro,Serie A,Cagliari,DC,23,1713,19.033333333333335,40.909090909091,0.15761821366024517,13.482252296179174,2.942206654991243,0.052539404553415055,0.052539404553415055,0.052539404553415055,0.44594594594594594,1.7338003502626969,4.308231173380035,0,0.2626970227670753,0.0,1.1558669001751312,71.428571428571,0.3677758318739054,0.7880910683012259,1.5236427320490367,0,49.50495049505,1.0507880910683012,0.15761821366024517,8.620665499124343,36.170212765957,4.938704028021015,0.0391405484200359,0.10642501498971667,86.988457502623,4.518388791593694,50.07005253940455,9.194395796847635,0.10507880910683011,0.2626970227670753,0.0,0.0,0.10507880910683011,0.3677758318739054,11.716287215411558,1.6287215411558666,67.19789842381786,0.024053633356574535,0.15911992247854137,0.1840962899519349
Sebastiano Luperto,Serie A,"Cagliari,Cremonese",DC,34,3017,33.522222222222226,44,0.17898574743122306,19.32662556507398,2.416307590321511,0.11932383162081536,0.02983095790520384,0.08949287371561153,0.38524590163934425,1.4020550215445806,4.743122306927411,18.181818181818,0.32814053695724227,0.1491547895260192,0.2684786211468346,100,0.1491547895260192,0.8650977792509114,0.9545906529665229,8.3333333333333,59.649122807018,0.8949287371561152,0.17898574743122306,8.696320848525023,41.071428571429,5.0116009280742455,0.010320959885301852,0.028831792568477493,88.220858895706,2.863771958899569,48.62446138548226,6.741796486576068,0.02983095790520384,0.2088167053364269,0.4166666666666667,0.1491547895260192,0.1491547895260192,0.3579714948624461,9.963539940338084,1.0440835266821344,60.288365926416965,0.022191302847755556,0.05565405638384076,0.06444980135544971
Matteo Prati,Serie A,"Cagliari,Torino",MC,33,1889,20.988888888888887,51.724137931034,0.5717310746426681,21.675810256618117,3.2398094229751195,0.2382212811011117,0.0,0.4287983059820011,0.5,2.191635786130228,2.906299629433563,33.333333333333,0.7146638433033352,0.2382212811011117,0.8575966119640022,50,0.6670195870831128,0.4764425622022234,1.381683430386448,3.2258064516129,48.695652173913,0.9528851244044468,0.5717310746426681,10.934356802541028,44.88188976378,6.050820539968238,0.02254078688288316,0.015261486172676086,79.764705882353,5.3361566966649026,40.49761778718899,9.910005293806247,0.3335097935415564,0.4764425622022234,0.03225806451612903,0.04764425622022234,1.0005293806246691,1.4769719428268926,11.053467443091584,1.8581259925886715,53.075701429327694,0.012478398429323532,0.10344347928869088,0.11801256384560518
Alberto Moreno,Serie A,Como,DL,19,1240,13.777777777777779,50,1.0887096774193548,17.539983458273458,2.9032258064516125,0.14516129032258063,0.14516129032258063,0.21774193548387097,0.627906976744186,1.9596774193548385,2.32258064516129,20,2.540322580645161,0.5080645161290323,0.43548387096774194,16.666666666667,0.36290322580645157,0.8709677419354839,1.2338709677419355,18.181818181818,50.724637681159,0.43548387096774194,1.0887096774193548,8.692258064516128,55.31914893617,3.411290322580645,0.1156590823084116,0.1448659212751822,90.462427745665,12.193548387096774,50.2258064516129,9.508064516129032,0.07258064516129031,0.6532258064516129,0.36363636363636365,0.29032258064516125,0.14516129032258063,0.7983870967741935,18.508064516129032,1.596774193548387,70.83870967741935,0.1396499241461917,0.35428870562464,0.4961380796927598
Andréa Le Borgne,Serie A,Como,Non,1,1,0.011111111111111112,0,0.0,0,0.0,0.0,0.0,0.0,0,0.0,0.0,0,0.0,0.0,0.0,0,0.0,0.0,0.0,0,0,0.0,0.0,54.9,0,0.0,0.0,0,100,0.0,90.0,90.0,0.0,0.0,0,0.0,0.0,0.0,90.0,0.0,180.0,0.0,0.0,0.0
Assane Diao,Serie A,Como,AMR,17,1089,12.1,31.034482758621,0.7438016528925621,18.400779188580017,2.8925619834710745,0.24793388429752067,0.24793388429752067,1.0743801652892562,0.5555555555555556,0.4132231404958678,0.578512396694215,11.111111111111,2.231404958677686,2.1487603305785123,0.24793388429752067,39.130434782609,5.619834710743802,3.2231404958677685,1.2396694214876034,6.6666666666667,48.795180722892,0.3305785123966942,0.7438016528925621,7.9082644628099175,62.5,0.6611570247933884,0.2624443736820182,0.10585256405174732,79.938271604938,8.84297520661157,26.776859504132233,15.702479338842975,0.49586776859504134,1.8181818181818183,0.3333333333333333,0.8264462809917356,0.6611570247933884,2.479338842975207,13.71900826446281,1.322314049586777,52.14876033057851,0.13904046859930863,0.14877950941974466,0.531934063019585
Diego Carlos,Serie A,Como,DC,27,1948,21.644444444444446,58.536585365854,0.09240246406570841,12.557362129849697,2.7720739219712525,0.0,0.04620123203285421,0.0,0.43859649122807015,1.1550308008213552,5.544147843942505,0,0.09240246406570841,0.09240246406570841,0.09240246406570841,0,0.0,0.32340862422997946,1.801848049281314,12.5,48.051948051948,1.0164271047227926,0.09240246406570841,7.016581108829569,53.703703703704,4.9897330595482545,0.07731499317727478,0.20918000931851566,92.808478425435,2.8182751540041067,61.03182751540041,5.082135523613963,0.0,0.32340862422997946,0.25,0.09240246406570841,0.04620123203285421,0.36960985626283366,9.656057494866529,1.3860369609856262,73.22895277207392,0.002210822656322309,0.24328436434758516,0.2459870501626015
Edoardo Goldaniga,Serie A,Como,DC,2,14,0.15555555555555556,100,0.0,,0.0,0.0,0.0,0.0,0,0.0,6.428571428571429,0,0.0,0.0,0.0,0,0.0,0.0,0.0,0,0,0.0,0.0,12.535714285714285,0,0.0,0.0,0,100,6.428571428571429,115.71428571428571,6.428571428571429,0.0,0.0,0,0.0,0.0,0.0,12.857142857142858,0.0,135.0,0.0,0.0,0.0
Ignace Van der Brempt,Serie A,Como,DR,20,943,10.477777777777778,47.826086956522,0.47720042417815484,20.162239361725145,4.0084835630965,0.09544008483563096,0.0,0.09544008483563096,0.5263157894736842,0.9544008483563097,1.8133616118769884,18.181818181818,1.0498409331919407,0.2863202545068929,0.6680805938494168,40,1.4316012725344645,1.4316012725344645,1.8133616118769884,0,58.620689655172,0.7635206786850477,0.47720042417815484,8.068504772004243,36.666666666667,2.863202545068929,0.01555203949027198,0.054316937923431396,85.683760683761,9.544008483563097,44.66595970307529,12.693531283138919,0.19088016967126192,0.19088016967126192,0.0,0.0,0.09544008483563096,0.2863202545068929,14.029692470837752,2.863202545068929,70.33934252386003,0.07785294378770877,0.3904848008526218,0.4171508137425082
Ivan Smolcic,Serie A,Como,DR,28,1665,18.5,54.347826086957,0.7567567567567568,11.380478232856545,3.081081081081081,0.05405405405405406,0.05405405405405406,0.16216216216216217,0.5161290322580645,0.8648648648648649,2.3783783783783785,20.689655172414,1.5675675675675675,0.16216216216216217,0.7567567567567568,66.666666666667,0.10810810810810811,0.918918918918919,1.4054054054054055,0,57,1.2432432432432432,0.8108108108108109,9.534594594594594,46.666666666667,4.054054054054054,0.06110976132992152,0.09421088205029567,87.129840546697,8.972972972972974,47.45945945945946,10.054054054054054,0.16216216216216217,0.5945945945945946,0.3333333333333333,0.21621621621621623,0.05405405405405406,0.6486486486486487,16.91891891891892,2.054054054054054,67.78378378378379,0.07885148134585973,0.2620104972172428,0.2891604151274707
Jacobo Ramón,Serie A,Como,DC,32,2743,30.477777777777778,66.863905325444,0.36091870215092964,12.263985243949667,3.8060517681370762,0.03281079110462997,0.2952971199416697,0.32810791104629966,0.5,1.2468100619759388,4.0029165147648555,20,0.32810791104629966,0.2952971199416697,0.4921618665694495,58.333333333333,0.3937294932555596,0.3937294932555596,1.0827561064527889,5.1282051282051,53.076923076923,1.2139992708713088,0.36091870215092964,8.409077652205616,50.735294117647,4.462267590229676,0.17955379225816162,0.1403179635795263,91.371994342291,8.104265402843602,69.59168793292017,7.448049580751002,0.13124316441851988,1.1811884797666787,0.23076923076923078,0.2952971199416697,0.0984323733138899,1.2796208530805686,12.008749544294568,1.6405395552314983,82.8800583302953,0.03371173978351651,0.3420555989916334,0.3657451318050665
Jayden Addai,Serie A,Como,AMR,12,688,7.644444444444445,66.666666666667,0.9156976744186046,18.02278573006705,3.13953488372093,0.26162790697674415,0.0,0.26162790697674415,0.4444444444444444,0.5232558139534883,0.5232558139534883,18.181818181818,1.438953488372093,2.2238372093023253,0.5232558139534883,46.666666666667,3.7936046511627906,1.8313953488372092,1.7005813953488371,23.076923076923,40.963855421687,0.39244186046511625,0.9156976744186046,9.324418604651163,40,1.3081395348837208,0.19811216950264954,0.11649672873318195,74.251497005988,7.718023255813953,21.84593023255814,13.212209302325581,0.5232558139534883,0.9156976744186046,0.46153846153846156,0.7848837209302325,0.7848837209302325,1.7005813953488371,16.22093023255814,0.7848837209302325,39.63662790697674,0.13362062548092285,0.177984404009442,0.4886103424156994
Jean Butez,Serie A,Como,GK,38,3420,38.0,93.75,0.07894736842105263,0,10.5,0.02631578947368421,0.0,0.0,0.7354260089686099,4.315789473684211,1.2105263157894737,0,0.0,0.0,0.02631578947368421,100,0.02631578947368421,0.23684210526315788,0.0,0,87.5,0.02631578947368421,0.07894736842105263,1.958684210526316,50.31847133758,12.394736842105264,0.0,0,81.567164179104,1.2894736842105263,35.26315789473684,6.7105263157894735,0.0,0.0,0,0.0,0.0,0.0,0.13157894736842105,0.05263157894736842,45.526315789473685,0.01187334297911117,0.20311309539369846,0.2149864384708436
Jesús Rodriguez,Serie A,Como,AML,31,1734,19.266666666666666,50,1.8685121107266436,18.149261965407963,3.5813148788927336,0.5709342560553633,0.15570934256055363,0.4671280276816609,0.5454545454545454,0.31141868512110726,0.5190311418685122,17.543859649123,2.9584775086505193,1.505190311418685,0.5190311418685122,41.414141414141,5.13840830449827,1.6608996539792389,1.2975778546712804,4.4444444444444,45.622119815668,0.2595155709342561,1.8685121107266436,8.978719723183392,61.538461538462,0.6747404844290658,0.20353552524425786,0.08714335821568966,79.605263157895,8.615916955017301,23.667820069204154,15.622837370242216,0.5709342560553633,1.6608996539792389,0.26666666666666666,0.6228373702422145,0.6747404844290658,2.3356401384083045,21.228373702422147,1.3494809688581315,46.40138408304499,0.36183300585998385,0.23230171159786336,0.7212984591567806
Lucas Da Cunha,Serie A,Como,DMC,36,2748,30.533333333333335,42.5,1.4737991266375545,21.07927741923664,5.502183406113537,0.32751091703056767,0.1965065502183406,0.36026200873362446,0.5225225225225225,1.8995633187772925,0.5567685589519651,33.673469387755,3.2096069868995634,0.9170305676855894,0.982532751091703,66.666666666667,1.0480349344978166,0.6222707423580786,1.1462882096069869,14.634146341463,49,0.5895196506550218,1.4737991266375545,9.603930131004367,55.454545454545,3.6026200873362444,0.1271126847653182,0.09466277987400933,90.257445734478,14.148471615720522,64.87991266375545,10.84061135371179,0.3930131004366812,0.5240174672489083,0.3902439024390244,0.5240174672489083,0.8187772925764192,1.3427947598253274,14.803493449781659,1.8668122270742358,78.86462882096069,0.1972130269796372,0.41638443089907734,0.5728649458843873
Marc-Oliver Kempf,Serie A,Como,DC,34,2323,25.81111111111111,66.906474820144,0.3099440378820491,11.616226070309795,3.486870426173052,0.07748600947051228,0.07748600947051228,0.15497201894102455,0.3333333333333333,1.0073181231166595,5.346534653465347,0,0.0,0.15497201894102455,0.581145071028842,33.333333333333,0.23245802841153682,0.7361170899698666,1.0073181231166595,19.047619047619,47.674418604651,0.46491605682307363,0.3099440378820491,8.18174773999139,36.206896551724,4.494188549289712,0.127194521113191,0.15633485319891147,89.279538904899,4.455445544554456,67.2191132156694,8.52346104175635,0.07748600947051228,0.7361170899698666,0.2857142857142857,0.23245802841153682,0.07748600947051228,0.8136030994403789,10.03443822643134,0.8136030994403789,79.96556177356867,0.042614799716120595,0.32860843012501495,0.3340798617491769
Martin Baturina,Serie A,Como,AML,29,1591,17.677777777777777,37.5,3.5072281583909493,20.328579272285033,4.864864864864865,0.4525455688246386,0.0,0.4525455688246386,0.35714285714285715,0.5656819610307983,0.11313639220615965,40.25974025974,4.355751099937146,1.6970458830923947,1.2445003142677562,51.111111111111,2.5455688246385924,2.4890006285355124,0.8485229415461973,21.428571428571,50,0.28284098051539913,3.563796354494029,9.181018227529856,62.5,1.3576367064739159,0.10754136167850643,0.06789615334543798,87.692307692308,15.160276555625394,47.80012570710245,13.293526084223759,0.961659333752357,0.8485229415461973,0.32142857142857145,0.5091137649277184,0.7353865493400378,1.5839094908862352,12.331866750471402,1.1879321181646763,67.42928975487115,0.37878841433339266,0.3995875841197467,0.6708512672397006
Maxence Caqueret,Serie A,Como,MC,30,1487,16.522222222222222,50,1.5736381977135172,19.75007095965519,4.055144586415602,0.18157363819771352,0.0605245460659045,0.36314727639542704,0.6,0.9078681909885676,0.242098184263618,25,2.178883658372562,1.7552118359112308,1.1499663752521856,53.125,1.936785474108944,1.3920645595158037,1.5736381977135172,11.111111111111,45.283018867925,0.7868190988567586,1.5736381977135172,10.095494283792872,46.153846153846,1.5736381977135172,0.10503743110674295,0.09641398768872023,88.189845474614,14.949562878278414,54.83523873570948,13.55749831876261,0.36314727639542704,0.484196368527236,0.2222222222222222,0.242098184263618,0.605245460659045,1.089441829186281,15.796906523201075,2.1183591123066576,72.20578345662408,0.16825826981411177,0.45019355514252757,0.6458795134156
Mergim Vojvoda,Serie A,Como,DML,30,1599,17.766666666666666,43.478260869565,1.6322701688555348,20.088582808112207,3.4333958724202627,0.22514071294559101,0.11257035647279551,0.11257035647279551,0.5428571428571428,1.0694183864915572,1.2945590994371483,28.787878787879,3.714821763602252,1.125703564727955,0.6191369606003753,61.904761904762,1.125703564727955,0.675422138836773,0.8442776735459663,11.111111111111,41.304347826087,0.7879924953095685,1.6322701688555348,9.104127579737336,50,2.25140712945591,0.08280108317620982,0.0817277358017034,83.798140770252,10.24390243902439,42.38273921200751,12.833020637898688,0.39399624765478425,0.7317073170731707,0.3888888888888889,0.39399624765478425,0.28142589118198874,1.0131332082551596,14.240150093808632,0.7317073170731707,61.18198874296436,0.17416119706549632,0.2716696365975808,0.4457527065674091
Máximo Perrone,Serie A,Como,DMC,36,2748,30.533333333333335,52.173913043478,1.0480349344978166,19.434076794097,4.257641921397379,0.13100436681222707,0.0982532751091703,0.13100436681222707,0.6238532110091743,2.2270742358078603,0.851528384279476,27.272727272727,0.36026200873362446,0.7205240174672489,1.0152838427947597,52.941176470588,0.5567685589519651,0.7532751091703056,1.408296943231441,16.666666666667,46.073298429319,0.7205240174672489,1.1135371179039302,9.281004366812226,68.571428571429,3.4388646288209603,0.08143240526952988,0.13813348745720255,91.35632183908,11.528384279475983,71.23362445414847,8.61353711790393,0.36026200873362446,0.22925764192139736,0.5,0.2947598253275109,0.36026200873362446,0.5895196506550218,10.742358078602619,1.8340611353711789,81.38646288209607,0.08304757397524264,0.40091549182579117,0.5401562937580081
Nico Paz,Serie A,Como,AMC,35,2882,32.022222222222226,55.769230769231,1.5926439972241497,21.719292053556536,4.3095072866065225,0.4059680777238029,0.09368494101318528,1.0929909784871616,0.47115384615384615,1.5301873698820263,0.4059680777238029,22.222222222222,1.9673837612768907,1.4052741151977792,1.1242192921582232,55.2,3.8723108952116583,1.2803608605135322,1.6551006245662732,9.9173553719008,51.937984496124,0.8743927827897292,1.5926439972241497,9.469986120749478,50,1.8736988202637055,0.230448616547077,0.0609874116518527,82.783357245337,12.709923664122137,43.532269257460094,15.052047189451768,0.8119361554476058,1.5301873698820263,0.39669421487603307,1.4989590562109645,2.2484385843164465,3.778625954198473,14.833448993754336,2.84177654406662,66.29770992366412,0.21962120901537302,0.27708368514852544,0.6168715435091217
Nicolas Kühn,Serie A,Como,AMR,23,655,7.277777777777778,25,1.5114503816793894,15.11239301727954,3.2977099236641223,0.13740458015267176,0.13740458015267176,0.4122137404580153,0.25,0.4122137404580153,0.0,28.571428571429,1.9236641221374047,1.3740458015267176,1.6488549618320612,52.631578947368,2.6106870229007635,0.2748091603053435,0.8244274809160306,12.5,40.983606557377,0.6870229007633588,1.5114503816793894,10.707938931297711,44.444444444444,1.2366412213740459,0.12410974280752299,0.11290539102628827,82.027649769585,11.954198473282442,29.81679389312977,12.091603053435115,0.4122137404580153,0.9618320610687023,0.375,0.4122137404580153,0.13740458015267176,1.099236641221374,27.61832061068702,1.786259541984733,44.93129770992366,0.19769077682654365,0.2557302003882769,0.554996145846507
Sergi Roberto,Serie A,Como,DR,20,555,6.166666666666667,50,1.2972972972972971,14.565655256613164,3.7297297297297294,0.0,0.3243243243243243,0.16216216216216214,0.4,0.6486486486486486,1.6216216216216215,100,0.48648648648648646,1.135135135135135,0.9729729729729729,50,1.2972972972972971,1.4594594594594594,1.4594594594594594,0,43.478260869565,0.8108108108108107,1.2972972972972971,9.888648648648648,58.333333333333,1.9459459459459458,0.17546688181322972,0.15457796731165477,92.183908045977,13.297297297297296,70.54054054054053,9.08108108108108,0.3243243243243243,0.8108108108108107,0.2857142857142857,0.3243243243243243,0.3243243243243243,1.135135135135135,9.405405405405405,1.135135135135135,84.16216216216216,0.05623663015462257,0.5647859534097684,0.6669342574738972
Stefan Posch,Serie A,Como,DC,14,406,4.511111111111111,42.105263157895,0.4433497536945813,14.293725836257359,3.9901477832512318,0.0,0.0,0.22167487684729065,0.42105263157894735,1.7733990147783252,3.3251231527093594,27.272727272727,2.438423645320197,0.8866995073891626,0.4433497536945813,100,0.22167487684729065,1.3300492610837438,1.9950738916256159,12.5,55.882352941176,0.8866995073891626,0.4433497536945813,11.47832512315271,32.142857142857,6.206896551724138,0.19122086758977674,0.10782732255756855,80.99173553719,9.532019704433498,53.645320197044335,15.517241379310345,0.0,1.5517241379310345,0.375,0.6650246305418719,0.22167487684729065,1.7733990147783252,20.61576354679803,2.6600985221674875,84.01477832512316,0.04177349614979598,0.4415904694314808,0.5000211887997507
Tasos Douvikas,Serie A,Como,FW,38,2278,25.31111111111111,43.835616438356,0.9086918349429325,12.330121901492827,1.1457418788410887,0.07901668129938542,0.4741000877963126,0.6716417910447762,0.5,0.2370500438981563,0.553116769095698,0,0.15803336259877085,1.5803336259877085,0.276558384547849,39.393939393939,1.3037752414398596,1.659350307287094,1.4223002633889377,21.212121212121,40.963855421687,0.15803336259877085,0.9086918349429325,8.94982440737489,69.230769230769,0.5136084284460053,0.5692918308543677,0.21832437553640568,77.672955974843,4.108867427568042,12.563652326602282,8.57330992098332,0.2370500438981563,2.4495171202809485,0.45454545454545453,1.1852502194907815,0.15803336259877085,2.607550482879719,19.47761194029851,0.5136084284460053,26.549604916593506,0.08857684383288196,0.12762656644284334,0.7135925918598386
Álex Valle,Serie A,Como,DL,28,2025,22.5,52.941176470588,0.6222222222222222,17.669719469563265,2.6666666666666665,0.13333333333333333,0.0,0.17777777777777778,0.4583333333333333,0.9777777777777777,2.311111111111111,23.913043478261,2.0444444444444443,0.3111111111111111,1.0222222222222221,26.315789473684,0.8444444444444444,0.8444444444444444,1.511111111111111,9.0909090909091,50,1.0222222222222221,0.6222222222222222,10.248000000000001,35.483870967742,2.7555555555555555,0.039351275811592736,0.08049124597825787,84.501480750247,8.8,45.022222222222226,11.511111111111111,0.26666666666666666,0.35555555555555557,0.18181818181818182,0.08888888888888889,0.13333333333333333,0.4888888888888889,25.333333333333332,2.2666666666666666,67.77777777777777,0.06566333990130159,0.3007227017233769,0.37509646879302133
Álvaro Morata,Serie A,Como,FW,26,932,10.355555555555556,45.714285714286,0.9656652360515021,12.940592089212782,1.9313304721030042,0.09656652360515021,0.7725321888412017,0.38626609442060084,0.6428571428571429,0.8690987124463518,0.7725321888412017,33.333333333333,0.8690987124463518,1.2553648068669527,0.5793991416309012,28.571428571429,0.5793991416309012,3.1866952789699567,1.5450643776824033,0,55.056179775281,0.09656652360515021,0.9656652360515021,9.953111587982832,71.428571428571,1.351931330472103,0.40069001676842503,0.1804072925739962,75.324675324675,6.180257510729613,22.306866952789697,10.042918454935622,0.48283261802575106,1.9313304721030042,0.34782608695652173,0.7725321888412017,0.2896995708154506,2.221030042918455,20.761802575107296,1.351931330472103,37.66094420600858,0.07504688026263606,0.06325248711794422,0.35478095781825514
Alberto Grassi,Serie A,Cremonese,MC,30,1754,19.488888888888887,55.172413793103,0.35917901938426455,20.694502138056524,3.899657924743444,0.0,0.05131128848346637,0.1539338654503991,0.5172413793103449,1.539338654503991,2.8221208665906503,0,0.10262257696693274,0.41049030786773094,0.56442417331813,88.888888888889,0.41049030786773094,1.539338654503991,0.8722919042189282,0,62.5,1.6419612314709238,0.41049030786773094,10.532668187001141,36.666666666667,4.618015963511973,0.039121361832721684,0.05864860568768703,85.128805620609,5.182440136830103,43.81984036488028,7.953249714937287,0.35917901938426455,0.25655644241733183,0.3076923076923077,0.20524515393386547,0.41049030786773094,0.6670467502850628,12.879133409350057,1.1801596351197265,57.006841505131135,0.023213520076894707,0.13863797956374618,0.18945296141536677
Alessio Zerbin,Serie A,Cremonese,DMR,32,1655,18.38888888888889,21.951219512195,0.9244712990936556,18.768336186770277,3.2628398791540785,0.2175226586102719,0.16314199395770393,0.32628398791540786,0.43103448275862066,1.3595166163141994,1.3595166163141994,18.64406779661,3.2084592145015107,0.8700906344410876,1.7945619335347431,29.62962962963,1.4138972809667674,1.0876132930513596,2.012084592145015,0,39.181286549708,0.16314199395770393,0.9244712990936556,10.797824773413897,27.868852459016,3.3172205438066467,0.09905219851258658,0.08673618441181523,72.149122807018,6.090634441087613,24.797583081570995,14.138972809667674,0.10876132930513595,0.6525679758308157,0.3333333333333333,0.3806646525679758,0.48942598187311176,1.1419939577039275,19.3595166163142,2.175226586102719,44.429003021148034,0.13522808014040988,0.1073578103105017,0.2791968348388225
Antonio Sanabria,Serie A,Cremonese,FW,25,941,10.455555555555556,42.647058823529,0.5738575982996812,8.740885085651358,1.0520722635494155,0.2869287991498406,0.38257173219978746,0.38257173219978746,1.0,0.5738575982996812,1.434643995749203,0,0.19128586609989373,0.8607863974495218,0.2869287991498406,77.777777777778,0.7651434643995749,1.434643995749203,1.434643995749203,8.3333333333333,45.283018867925,0.09564293304994687,0.5738575982996812,9.942082890541977,100,0.2869287991498406,0.28501086934656694,0.2483289148658514,82.857142857143,4.399574920297556,16.7375132837407,7.1732199787460145,0.0,1.0520722635494155,0.3333333333333333,0.38257173219978746,0.09564293304994687,1.1477151965993624,13.581296493092454,0.19128586609989373,28.310308182784272,0.18973686153368033,0.035549775062883066,0.37969834649268297
Dachi Lordkipanidze,Serie A,Cremonese,Non,1,28,0.3111111111111111,50,0.0,0,3.2142857142857144,0.0,0.0,0.0,1.0,3.2142857142857144,3.2142857142857144,0,0.0,6.428571428571429,0.0,0,0.0,0.0,0.0,0,0,3.2142857142857144,0.0,0.0,100,3.2142857142857144,0.0,0,71.428571428571,0.0,22.5,12.857142857142858,0.0,0.0,0,0.0,0.0,0.0,0.0,0.0,45.0,0.0,0.0,0.0
David Okereke,Serie A,Cremonese,FW,10,400,4.444444444444445,31.578947368421,0.6749999999999999,14.05486371598078,2.025,0.22499999999999998,0.0,0.22499999999999998,0.5,0.22499999999999998,0.6749999999999999,20,1.125,1.125,0.6749999999999999,38.461538461538,2.925,0.8999999999999999,0.22499999999999998,25,41.379310344828,0.0,0.6749999999999999,9.36,100,0.44999999999999996,0.1559036064427346,0.08661311469040811,87.755102040816,6.975,22.05,9.45,1.125,1.3499999999999999,0.625,1.125,0.44999999999999996,1.7999999999999998,17.099999999999998,0.6749999999999999,38.025,0.09476442744489759,0.1250705434475094,0.247335495846346
Dennis Johnsen,Serie A,Cremonese,FW,11,390,4.333333333333333,57.142857142857,0.9230769230769231,20.041442891492757,3.0,0.23076923076923078,0.0,0.46153846153846156,0.2727272727272727,0.6923076923076924,0.9230769230769231,41.666666666667,2.7692307692307696,1.3846153846153848,0.6923076923076924,38.461538461538,3.0,0.9230769230769231,0.46153846153846156,20,40,0.0,0.9230769230769231,9.953076923076924,18.181818181818,2.5384615384615388,0.16990145023625633,0.1472479235380888,51.041666666667,3.6923076923076925,22.153846153846157,20.30769230769231,0.46153846153846156,0.6923076923076924,0.4,0.46153846153846156,0.46153846153846156,1.153846153846154,21.923076923076923,0.6923076923076924,40.84615384615385,0.14303208142518997,0.015356767636079056,0.2979899157698338
Emil Audero,Serie A,Cremonese,GK,34,3060,34.0,85.714285714286,0.0,,9.794117647058824,0.0,0.0,0.0,0.39864864864864863,1.7352941176470589,0.9117647058823529,0,0.0,0.0,0.029411764705882353,100,0.029411764705882353,0.17647058823529413,0.0,0,66.666666666667,0.0,0.0,4.688823529411764,35.153129161119,22.08823529411765,0.0,0,61.794276875483,0.8823529411764706,38.029411764705884,14.794117647058824,0.0,0.0,0,0.0,0.0,0.0,0.2647058823529412,0.0,49.529411764705884,0.0,0.028817643822335145,0.028817643822335145
Faris Moumbagna,Serie A,Cremonese,FW,5,88,0.9777777777777777,50,1.0227272727272727,9.165327151954713,2.0454545454545454,0.0,1.0227272727272727,1.0227272727272727,0,0.0,1.0227272727272727,0,1.0227272727272727,1.0227272727272727,0.0,0,0.0,0.0,1.0227272727272727,0,0,0.0,1.0227272727272727,11.669318181818182,0,0.0,0.4597930855710398,0.22478773072361946,60,4.090909090909091,15.340909090909092,17.386363636363637,0.0,2.0454545454545454,0.0,0.0,0.0,2.0454545454545454,25.56818181818182,0.0,30.681818181818183,0.01824830425903201,0.0,0.40951561860062863
Federico Baschirotto,Serie A,Cremonese,DC,29,2541,28.233333333333334,55.339805825243,0.07083825265643447,10.433645172406145,2.833530106257379,0.0,0.03541912632821723,0.10625737898465171,0.5064935064935064,1.3813459268004722,6.587957497048406,12.5,0.28335301062573787,0.10625737898465171,0.3896103896103896,50,0.07083825265643447,0.3187721369539551,1.5938606847697756,16.666666666667,40,0.9208972845336482,0.07083825265643447,9.471782762691854,40.251572327044,5.631641086186541,0.04036221574055121,0.09496332425624132,86.474164133739,2.231404958677686,46.611570247933884,7.296340023612751,0.03541912632821723,0.3896103896103896,0.4166666666666667,0.1770956316410862,0.03541912632821723,0.42502951593860683,13.31759149940968,0.9208972845336482,59.7874852420307,0.002505774934113096,0.06044886711602228,0.06506279731057188
Federico Bonazzoli,Serie A,Cremonese,FW,35,2523,28.033333333333335,34.615384615385,0.4637336504161712,18.33561577755104,3.067776456599286,0.1070154577883472,0.178359096313912,0.6420927467300832,0.6190476190476191,1.3912009512485135,0.356718192627824,23.076923076923,0.9274673008323424,1.2128418549346016,0.713436385255648,32.352941176471,1.177170035671819,2.853745541022592,0.9274673008323424,13.333333333333,54.504504504505,0.3923900118906064,0.4637336504161712,9.947800237812128,73.684210526316,2.0332936979785967,0.2404089332098644,0.08985951681310932,84.393757503001,7.098692033293697,29.714625445897738,9.845422116527942,0.6064209274673008,1.605231866825208,0.4266666666666667,1.1414982164090368,1.070154577883472,2.67538644470868,14.054696789536266,1.070154577883472,44.66111771700356,0.054677186443001985,0.1356930696426511,0.36529486506676806
Federico Ceccherini,Serie A,Cremonese,DC,9,489,5.433333333333334,59.259259259259,0.36809815950920244,18.320231675384672,2.7607361963190185,0.18404907975460122,0.0,0.0,0.3333333333333333,1.4723926380368098,4.601226993865031,0,0.5521472392638036,0.18404907975460122,0.0,100,0.18404907975460122,1.656441717791411,1.840490797546012,0,61.538461538462,1.2883435582822085,0.36809815950920244,8.729447852760735,28.125,5.889570552147239,0.035052836581241864,0.03809074908494949,80.088495575221,4.233128834355828,41.59509202453987,11.595092024539877,0.18404907975460122,0.5521472392638036,0.4,0.36809815950920244,0.36809815950920244,0.920245398773006,8.282208588957054,1.2883435582822085,62.392638036809814,0.07672156178695293,0.11928935495256646,0.13248366149473775
Filippo Terracciano,Serie A,Cremonese,DC,36,3012,33.46666666666667,58.108108108108,0.3286852589641434,20.756262633276087,4.183266932270916,0.0298804780876494,0.0597609561752988,0.149402390438247,0.5042735042735043,1.7629482071713147,3.49601593625498,10.714285714286,0.8366533864541832,0.0896414342629482,0.2689243027888446,38.461538461538,0.3884462151394422,0.7768924302788844,0.5378486055776892,14.285714285714,63,1.6733067729083664,0.3286852589641434,10.097211155378487,48.026315789474,4.541832669322709,0.06971550157360465,0.16665324661880732,86.193548387097,5.527888446215139,46.31474103585657,9.591633466135457,0.0597609561752988,0.2689243027888446,0.2857142857142857,0.1195219123505976,0.149402390438247,0.4183266932270916,12.310756972111554,0.9860557768924302,64.90039840637449,0.019144044022086963,0.11165437326614422,0.12562505469520194
Francesco Folino,Serie A,Cremonese,DC,18,738,8.2,69.565217391304,0.12195121951219513,9.105775520882064,2.804878048780488,0.0,0.0,0.0,0.6206896551724138,2.1951219512195124,6.341463414634147,0,0.12195121951219513,0.24390243902439027,0.7317073170731708,0,0.0,1.0975609756097562,1.3414634146341464,50,44.736842105263,0.3658536585365854,0.12195121951219513,9.704878048780488,42.622950819672,7.439024390243903,0.04487554747156981,0.1839897446334362,80.707395498392,3.2926829268292686,37.926829268292686,10.121951219512196,0.0,0.24390243902439027,0.5,0.12195121951219513,0.0,0.24390243902439027,11.219512195121952,0.9756097560975611,55.97560975609757,0.001960039002502837,0.10432093267942348,0.10432093267942348
Franco Vázquez,Serie A,Cremonese,AMC,15,529,5.877777777777778,32,1.7013232514177692,21.619571240307806,3.5727788279773156,0.6805293005671077,0.0,0.34026465028355385,0.6666666666666666,1.3610586011342154,1.0207939508506616,26.315789473684,3.2325141776937616,2.8922495274102076,1.1909262759924384,41.666666666667,1.8714555765595462,2.722117202268431,1.5311909262759924,8.3333333333333,50.632911392405,0.6805293005671077,1.7013232514177692,9.755387523629489,71.428571428571,2.3818525519848768,0.24654876974205325,0.12076323999402423,78.282828282828,9.357277882797732,33.68620037807183,16.50283553875236,0.6805293005671077,0.8506616257088846,0.3333333333333333,0.6805293005671077,1.1909262759924384,2.041587901701323,12.930056710775046,3.2325141776937616,57.84499054820415,0.32185234066049634,0.26160108414962746,0.5157301522481531
Giuseppe Pezzella,Serie A,Cremonese,DML,31,2591,28.788888888888888,46.666666666667,0.9378618294094945,25.522624653360946,3.0567348514087227,0.0,0.0,0.03473562331146276,0.4,0.7641837128521807,3.126206098031648,27.906976744186,4.4808954071786955,0.5905055962948669,0.7989193361636434,48.275862068966,0.9725974527209572,1.1115399459668083,1.7020455422616751,0,49.253731343284,0.38209185642609034,0.9378618294094945,9.440100347356232,20.833333333333,2.5009648784253184,0.0040792781408173105,0.0195729808571438,76.902536715621,4.4808954071786955,26.016981860285604,13.025858741798533,0.13894249324585103,0.10420686993438827,0.0,0.0,0.10420686993438827,0.20841373986877654,18.791972211501353,1.840988035507526,49.39405634890004,0.05774775812914937,0.12922222972626463,0.1739925375968126
Jamie Vardy,Serie A,Cremonese,FW,29,2107,23.41111111111111,39.669421487603,0.6407214048410061,14.885388418648978,1.7085904129093497,0.170859041290935,0.2562885619364025,0.34171808258187,0.5333333333333333,0.34171808258187,1.0678690080683435,16.666666666667,0.512577123872805,0.9824394874228761,0.170859041290935,40,0.6407214048410061,0.8970099667774086,0.8115804461319411,23.333333333333,41.935483870968,0.12814428096820124,0.6407214048410061,9.252444233507356,50,0.34171808258187,0.2683325408810708,0.20939876430978377,62.376237623762,3.801613668723303,12.942572377788325,8.45752254390128,0.4271476032273374,1.0678690080683435,0.4666666666666667,0.5980066445182725,0.2135738016136687,1.2814428096820123,17.513051732320836,0.512577123872805,22.040816326530614,0.09071014939989022,0.11445691283062051,0.4352659699747955
Jari Vandeputte,Serie A,Cremonese,MC,32,1953,21.7,31.25,2.488479262672811,21.50413451523317,4.23963133640553,0.4608294930875576,0.09216589861751152,0.2764976958525346,0.4523809523809524,2.6267281105990783,1.6589861751152075,24.074074074074,7.465437788018433,1.0138248847926268,0.6912442396313364,31.818181818182,0.967741935483871,1.1520737327188941,1.566820276497696,5,45.161290322581,0.8294930875576038,2.488479262672811,10.031336405529954,41.176470588235,5.483870967741936,0.0972583478805931,0.1055253074504435,77.387486278814,9.12442396313364,41.9815668202765,18.571428571428573,0.3225806451612903,0.4147465437788019,0.4,0.3686635944700461,0.5069124423963134,0.9216589861751152,16.08294930875576,1.7511520737327189,63.04147465437788,0.28884821292442114,0.19012312718113447,0.34121897869876455
Jeremy Sarmiento,Serie A,Cremonese,AMC,7,143,1.5888888888888888,0,1.8881118881118881,28.910379809180164,6.293706293706294,0.0,0.0,0.0,0.3333333333333333,0.6293706293706294,0.6293706293706294,50,1.2587412587412588,3.146853146853147,0.6293706293706294,62.5,5.034965034965035,0.6293706293706294,0.0,0,57.142857142857,1.2587412587412588,1.8881118881118881,11.725174825174825,66.666666666667,1.8881118881118881,0.03482754973994268,0.02766855340451002,91.379310344828,13.216783216783218,36.50349650349651,15.104895104895105,1.2587412587412588,0.0,1.0,1.2587412587412588,1.2587412587412588,1.2587412587412588,22.65734265734266,3.7762237762237763,64.1958041958042,0.10122810627197053,0.2490292921323668,0.3452114463894517
Manuel De Luca,Serie A,Cremonese,Non,2,19,0.2111111111111111,25,0.0,15.788591435589904,0.0,0.0,4.7368421052631575,0.0,0,0.0,0.0,0,0.0,0.0,4.7368421052631575,0,0.0,4.7368421052631575,4.7368421052631575,50,33.333333333333,0.0,0.0,14.021052631578947,0,0.0,0.34937840543295207,0.036878831684589386,20,4.7368421052631575,23.68421052631579,23.68421052631579,0.0,9.473684210526315,1.0,9.473684210526315,0.0,9.473684210526315,18.94736842105263,0.0,52.10526315789474,0.0,0.0,0.34937840543295207
Marco Silvestri,Serie A,Cremonese,GK,4,360,4.0,100,0.0,,8.75,0.0,0.0,0.0,0.5,0.5,1.0,0,0.0,0.0,0.0,0,0.0,0.0,0.0,0,0,0.0,0.0,2.4925,28.048780487805,20.5,0.0,0,57.142857142857,1.0,35.0,15.0,0.0,0.0,0,0.0,0.0,0.0,0.0,0.0,45.0,0.0,0.008290301077067852,0.008290301077067852
Martín Payero,Serie A,Cremonese,MC,25,1458,16.2,37.037037037037,0.7407407407407408,20.037767279264003,4.2592592592592595,0.0617283950617284,0.0617283950617284,0.308641975308642,0.2903225806451613,0.5555555555555556,1.1111111111111112,23.529411764706,2.0987654320987654,1.3580246913580247,0.5555555555555556,45.833333333333,2.9629629629629632,2.0987654320987654,2.2839506172839505,4.3478260869565,45.341614906832,0.617283950617284,0.7407407407407408,10.301234567901234,33.333333333333,2.2222222222222223,0.08840676305102714,0.06226911136637563,75.545851528384,5.802469135802469,28.271604938271608,14.506172839506174,0.3703703703703704,0.4938271604938272,0.34782608695652173,0.4938271604938272,0.9259259259259259,1.4197530864197532,16.728395061728396,1.1728395061728396,48.76543209876544,0.034469357795185514,0.13875541455445833,0.2050340021558014
Matteo Bianchetti,Serie A,Cremonese,DC,27,2197,24.41111111111111,60.227272727273,0.16385980883022302,11.43170514644907,1.9253527537551205,0.040964952207555756,0.040964952207555756,0.040964952207555756,0.4765625,2.4988620846609013,5.735093309057806,16.666666666667,0.24578971324533455,0.08192990441511151,0.6554392353208921,50,0.16385980883022302,0.6144742831133364,1.1470186618115612,0,58.490566037736,0.7783340919435594,0.16385980883022302,8.879563040509785,41.618497109827,7.086936731907146,0.0307729586189071,0.10731458743768078,83.634797588286,4.05553026854802,47.56030951297223,10.036413290851161,0.040964952207555756,0.2867546654528903,0.14285714285714285,0.040964952207555756,0.0,0.2867546654528903,10.855712335002275,1.8843878015475648,65.05234410559854,0.019980920319736653,0.12368665362081313,0.13607835671815702
Michele Collocolo,Serie A,Cremonese,MC,8,363,4.033333333333333,50,0.49586776859504134,24.380579708799246,3.4710743801652892,0.0,0.0,0.24793388429752067,0.1111111111111111,0.24793388429752067,0.49586776859504134,0,1.2396694214876034,1.2396694214876034,0.7438016528925621,100,0.24793388429752067,0.49586776859504134,0.49586776859504134,0,40,0.24793388429752067,0.49586776859504134,9.500826446280993,30,2.479338842975207,0.01902273132596627,0.03836250817403197,81.35593220339,3.9669421487603307,29.25619834710744,10.661157024793388,0.0,0.24793388429752067,0.5,0.24793388429752067,0.24793388429752067,0.49586776859504134,16.611570247933884,0.7438016528925621,40.66115702479339,0.033501120330381,0.009835629977963188,0.06235948094159119
Mikayil Faye,Serie A,Cremonese,DC,8,250,2.7777777777777777,30,0.36,21.812315792573308,5.76,0.36,0.0,0.72,0.4444444444444444,1.44,2.52,0,2.16,0.36,0.72,100,1.08,1.44,0.72,0,73.684210526316,2.16,0.36,9.0252,50,5.76,0.0,0.0,78.225806451613,3.96,44.64,13.32,0.36,0.36,0.0,0.0,0.36,0.72,14.040000000000001,2.52,63.36,0.0,0.04339501976966858,0.04339501976966858
Romano Floriani,Serie A,Cremonese,DR,28,1185,13.166666666666666,47.916666666667,0.6835443037974683,18.006683489001848,2.6582278481012658,0.3037974683544304,0.0,0.0759493670886076,0.3333333333333333,0.379746835443038,2.8101265822784813,13.793103448276,2.2025316455696204,0.6835443037974683,0.6075949367088608,37.5,1.2151898734177216,0.379746835443038,1.5949367088607596,0,43.373493975904,0.379746835443038,0.6835443037974683,9.5073417721519,21.052631578947,1.4430379746835444,0.01520875761214691,0.040049728378653525,70.12987012987,4.556962025316456,23.39240506329114,12.911392405063292,0.0759493670886076,0.2278481012658228,0.2,0.0759493670886076,0.1518987341772152,0.379746835443038,22.253164556962027,2.0506329113924053,41.164556962025316,0.09890837429822247,0.0910613584226068,0.1499520284654219
Simone Lottici Tessadri,Serie A,Cremonese,Non,1,8,0.08888888888888889,0,0.0,19.952025168466854,11.25,0.0,0.0,0.0,0,0.0,0.0,0,0.0,0.0,0.0,0,0.0,0.0,0.0,0,0,0.0,0.0,0.0,0,0.0,0.18245837884023786,0.0162185225635767,100,11.25,22.5,0.0,0.0,11.25,0.0,0.0,0.0,11.25,0.0,0.0,33.75,0.0,0.0,0.18245837884023786
Tommaso Barbieri,Serie A,Cremonese,DMR,29,1713,19.033333333333335,45.614035087719,0.5253940455341506,21.78260616191288,2.9947460595446582,0.10507880910683011,0.052539404553415055,0.3677758318739054,0.43636363636363634,1.2609457092819614,1.6287215411558666,11.538461538462,4.0980735551663745,0.5253940455341506,1.2084063047285463,48.484848484848,1.7338003502626969,1.3660245183887916,2.1015761821366024,0,49.425287356322,0.6830122591943958,0.5253940455341506,11.086865148861646,44.047619047619,4.413309982486865,0.051957346260834696,0.061807593156117946,73.320895522388,6.0420315236427315,28.16112084063047,15.814360770577933,0.10507880910683011,0.42031523642732044,0.125,0.10507880910683011,0.42031523642732044,0.8406304728546409,27.478108581436075,2.3642732049036774,53.800350262697016,0.09634319842905588,0.12252914875863206,0.26724287538728864
Warren Bondo,Serie A,Cremonese,MC,27,1769,19.655555555555555,33.333333333333,0.15262860373092144,23.46849980437919,4.171848501978519,0.0,0.0,0.15262860373092144,0.631578947368421,1.2210288298473715,0.4578858111927643,0,0.15262860373092144,1.0175240248728095,0.4578858111927643,57.692307692308,1.2719050310910118,1.6789146410401357,1.9841718485019786,0,50.967741935484,0.40700960994912383,0.15262860373092144,9.971735443753534,57.777777777778,2.2894290559638213,0.014531296904795314,0.0357025892008096,89.819587628866,5.189372526851328,39.47993216506501,7.122668174109666,0.15262860373092144,0.10175240248728096,0.25,0.10175240248728096,0.30525720746184287,0.40700960994912383,9.310344827586206,1.5771622385528548,51.07970604861504,0.008231069852633286,0.1524217564132488,0.17518412402355618
Morten Thorsby,Serie A,"Cremonese,Genoa",MC,24,1380,15.333333333333334,54.545454545455,0.5869565217391304,12.217930329025132,3.1956521739130435,0.19565217391304346,0.06521739130434782,0.2608695652173913,0.5384615384615384,0.45652173913043476,1.9565217391304348,40,0.32608695652173914,0.5217391304347826,0.5869565217391304,100,0.19565217391304346,0.717391304347826,1.6304347826086956,14.285714285714,46.666666666667,0.32608695652173914,0.5869565217391304,11.027608695652173,47.058823529412,1.108695652173913,0.07813905811180238,0.05705391544671286,70.319634703196,6.326086956521739,28.565217391304348,11.41304347826087,0.32608695652173914,1.3043478260869565,0.38095238095238093,0.5217391304347826,0.06521739130434782,1.3695652173913042,9.521739130434781,1.434782608695652,41.73913043478261,0.010524639961026285,0.03422026747189786,0.09666400119338346
Youssef Maleh,Serie A,"Cremonese,Lecce",MC,23,1570,17.444444444444443,40.740740740741,0.5159235668789809,22.701103642759158,3.8980891719745228,0.05732484076433122,0.05732484076433122,0.2866242038216561,0.49019607843137253,1.4331210191082804,1.9490445859872614,17.307692307692,2.980891719745223,0.9171974522292995,0.7452229299363058,43.75,0.9171974522292995,1.0318471337579618,2.0636942675159236,4.5454545454545,46.323529411765,0.802547770700637,0.5159235668789809,10.631464968152867,37.68115942029,3.9554140127388537,0.04777081481590393,0.03787887841463089,78.401360544218,6.535031847133759,33.70700636942676,12.840764331210192,0.5159235668789809,0.4012738853503185,0.18181818181818182,0.22929936305732487,0.8598726114649682,1.2611464968152868,16.624203821656053,2.1783439490445864,50.904458598726116,0.010452129895899706,0.036314164329865936,0.05565597501340186
Milan Djuric,Serie A,"Cremonese,Parma Calcio 1913",FW,23,495,5.5,77.083333333333,0.9090909090909091,10.023476732470295,1.6363636363636365,0.36363636363636365,0.0,0.5454545454545454,0.75,0.5454545454545454,1.8181818181818181,0,0.36363636363636365,0.36363636363636365,0.18181818181818182,33.333333333333,0.5454545454545454,1.6363636363636365,1.0909090909090908,0,47.619047619048,0.0,0.9090909090909091,10.761818181818182,60,0.9090909090909091,0.019639502194794742,0.007201150804758072,46.540880503145,6.7272727272727275,28.90909090909091,18.727272727272727,0.5454545454545454,2.727272727272727,0.3333333333333333,0.9090909090909091,0.0,2.727272727272727,7.2727272727272725,0.18181818181818182,40.18181818181818,0.017097970301454716,0.0,0.03043583238666708
Abdelhamid Sabiri,Serie A,Fiorentina,MC,1,25,0.2777777777777778,0,10.799999999999999,30.506707441502943,7.199999999999999,0.0,0.0,0.0,0.5,3.5999999999999996,0.0,50,14.399999999999999,3.5999999999999996,3.5999999999999996,0,0.0,3.5999999999999996,3.5999999999999996,0,50,0.0,10.799999999999999,10.044,0,7.199999999999999,0.04652862176299095,0.012924617156386375,68.421052631579,21.599999999999998,68.39999999999999,32.4,0.0,0.0,0.0,0.0,3.5999999999999996,3.5999999999999996,3.5999999999999996,7.199999999999999,100.8,0.5213778734207153,0.2745465159416199,0.32107514441013335
Albert Gudmundsson,Serie A,Fiorentina,FW,33,2262,25.133333333333333,20,1.273209549071618,17.763747112942628,2.8647214854111405,0.3183023872679045,0.1989389920424403,0.5172413793103449,0.6428571428571429,1.0742705570291777,0.5570291777188329,22.80701754386,2.2679045092838197,1.153846153846154,0.9151193633952255,51.282051282051,1.5517241379310345,1.193633952254642,1.3527851458885942,12.19512195122,36.708860759494,0.1193633952254642,1.273209549071618,10.099336870026526,67.391304347826,1.830238726790451,0.1400679746143698,0.08586280720262993,86.769964243147,10.50397877984085,33.38196286472149,10.464190981432361,0.4376657824933687,0.9549071618037136,0.36585365853658536,0.596816976127321,0.6763925729442971,1.6312997347480107,15.079575596816976,0.3183023872679045,48.02387267904509,0.15058942890135615,0.24088248717956817,0.4314335778760736
Amir Richardson,Serie A,Fiorentina,MC,2,40,0.4444444444444444,50,0.0,16.190117285470656,0.0,0.0,0.0,0.0,1.0,6.75,4.5,0,2.25,2.25,0.0,25,9.0,6.75,2.25,0,50,0.0,0.0,13.635,100,2.25,0.028129746671766043,0.012502109631896019,68.965517241379,13.5,65.25,36.0,0.0,2.25,0.0,0.0,0.0,2.25,24.75,2.25,108.0,0.0,0.0,0.028129746671766043
Cher Ndour,Serie A,Fiorentina,MC,33,1885,20.944444444444443,41.025641025641,0.2864721485411141,18.941435354930544,3.580901856763926,0.04774535809018568,0.09549071618037136,0.4774535809018568,0.5555555555555556,0.9549071618037136,1.623342175066313,5.2631578947368,0.907161803713528,0.5729442970822282,0.7161803713527852,30.434782608696,1.050397877984085,1.1458885941644563,1.2413793103448276,12.5,49.624060150376,0.6684350132625995,0.2864721485411141,10.82291777188329,44.186046511628,2.053050397877984,0.12476041916985095,0.1088765695070227,82.804232804233,8.689655172413794,36.09549071618037,9.453580901856764,0.33421750663129973,0.4774535809018568,0.3333333333333333,0.38196286472148544,0.6684350132625995,1.1458885941644563,18.47745358090186,1.6710875331564987,50.51458885941645,0.01660525306209487,0.2069176220352359,0.3001950840102583
Christian Kouamé,Serie A,Fiorentina,FW,2,32,0.35555555555555557,0,0.0,,2.8125,0.0,0.0,0.0,0,0.0,2.8125,0,5.625,0.0,0.0,0,0.0,0.0,0.0,0,100,2.8125,0.0,12.965625000000001,0,2.8125,0.0,0,80,11.25,42.1875,14.0625,0.0,0.0,0,0.0,0.0,0.0,33.75,2.8125,64.6875,0.0,0.3799078753218055,0.3799078753218055
David de Gea,Serie A,Fiorentina,GK,37,3330,37.0,75,0.02702702702702703,,7.027027027027027,0.0,0.0,0.0,0.5178571428571429,1.5675675675675675,0.5135135135135135,0,0.0,0.0,0.05405405405405406,0,0.0,0.16216216216216217,0.0,0,71.428571428571,0.0,0.02702702702702703,2.441351351351351,34.622467771639,14.675675675675675,0.0,0,66.260543580131,0.8378378378378378,28.83783783783784,10.054054054054054,0.0,0.0,0,0.0,0.0,0.0,0.02702702702702703,0.0,37.4054054054054,0.0007128584123141056,0.11890613821309966,0.11961899647438848
Dodô,Serie A,Fiorentina,DR,36,3139,34.87777777777778,46.153846153846,1.4622491239248168,21.313467175380648,4.931506849315068,0.22937241159604968,0.02867155144950621,0.14335775724753105,0.40217391304347827,1.0608474036317297,1.6916215355208664,23.026315789474,4.358075820324944,0.40140172029308696,0.5160879260911118,54.117647058824,2.4084103217585215,1.519592226823829,0.6307741318891367,4,58.256880733945,0.8601465434851863,1.4622491239248168,9.253456514813635,39.516129032258,3.55527237973877,0.03948246281654563,0.055082422569394114,83.571428571429,10.149729213125198,40.140172029308694,14.651162790697674,0.20070086014654348,0.31538706594456833,0.16,0.11468620579802484,0.40140172029308696,0.7167887862376553,19.49665498566422,0.8314749920356801,64.05224593819688,0.15447315423802493,0.2997720118477945,0.4165476272265388
Eddy Kouadio,Serie A,Fiorentina,DC,3,80,0.8888888888888888,0,1.125,,1.125,0.0,0.0,0.0,0.0,0.0,1.125,0,1.125,0.0,1.125,50,2.25,1.125,1.125,0,66.666666666667,1.125,1.125,9.19125,50,2.25,0.0,0,87.5,1.125,27.0,7.875,0.0,0.0,0,0.0,0.0,0.0,22.5,4.5,45.0,0.012198194162920117,0.09720717743039131,0.10940537159331143
Edin Dzeko,Serie A,Fiorentina,FW,11,250,2.7777777777777777,66.666666666667,0.72,11.418759952532108,0.36,0.0,0.0,1.08,0.0,0.0,2.16,100,0.36,1.08,0.0,33.333333333333,2.16,1.8,0.72,0,50,0.36,0.72,10.998000000000001,50,0.72,0.09237898528575897,0.0641520731151104,74.074074074074,6.12,29.16,11.88,0.0,1.44,0.25,0.36,0.0,1.44,15.48,0.36,44.64,0.06291796758770943,0.14924266532063485,0.2050775331258774
Fabiano Parisi,Serie A,Fiorentina,DL,23,1527,16.966666666666665,40,1.119842829076621,21.96998607702283,5.540275049115914,0.17681728880157171,0.05893909626719058,0.47151277013752463,0.5094339622641509,1.5913555992141455,1.2966601178781927,17.948717948718,2.2986247544204326,1.532416502946955,0.47151277013752463,56.363636363636,3.2416502946954817,3.889980353634578,0.825147347740668,4.1666666666667,61.290322580645,1.1787819253438114,1.119842829076621,9.759135559921416,45.454545454545,3.2416502946954817,0.07675303261514849,0.05426013000154247,84.976525821596,9.31237721021611,37.66208251473478,12.789783889980354,0.29469548133595286,0.9430255402750493,0.2916666666666667,0.412573673870334,0.47151277013752463,1.4145383104125737,16.2671905697446,1.2377210216110022,62.5343811394892,0.11309771046540125,0.2631315740085187,0.4000884551767165
Jack Harrison,Serie A,Fiorentina,ML,15,979,10.877777777777778,23.529411764706,1.378958120531154,19.367830056035206,3.125638406537283,0.09193054136874361,0.09193054136874361,0.36772216547497444,0.4583333333333333,1.0112359550561798,0.5515832482124616,19.298245614035,5.240040858018386,1.2870275791624106,1.1031664964249233,34.375,2.9417773237997955,0.6435137895812053,0.8273748723186926,7.6923076923077,33.333333333333,0.09193054136874361,1.378958120531154,10.754034729315627,27.777777777778,1.6547497446373851,0.039885748744741524,0.033374485488121323,82.677165354331,9.744637385086824,35.02553626149132,15.168539325842696,0.2757916241062308,0.9193054136874361,0.3076923076923077,0.36772216547497444,0.2757916241062308,1.195097037793667,19.305413687436157,0.9193054136874361,54.14708886618999,0.031075139393967187,0.030250338118321684,0.09803247158591606
Jacopo Fazzini,Serie A,Fiorentina,AMC,20,591,6.566666666666666,42.857142857143,1.3705583756345179,19.419424959351417,5.32994923857868,0.15228426395939088,0.15228426395939088,0.9137055837563453,0.8571428571428571,0.9137055837563453,0.9137055837563453,37.5,2.436548223350254,2.284263959390863,0.7614213197969544,40.909090909091,3.197969543147208,2.284263959390863,1.8274111675126905,0,49.411764705882,0.9137055837563453,1.3705583756345179,11.025380710659899,60,1.5228426395939088,0.13450514109152828,0.09813893627789286,74.468085106383,7.9187817258883255,28.629441624365484,15.837563451776651,0.9137055837563453,0.30456852791878175,0.1111111111111111,0.15228426395939088,1.0659898477157361,1.3705583756345179,19.796954314720814,2.7411167512690358,51.47208121827411,0.11012549384445104,0.07029236204506177,0.3036791725358382
Luca Lezzerini,Serie A,Fiorentina,GK,1,3,0.03333333333333333,0,0.0,0,90.0,0.0,0.0,0.0,0,0.0,0.0,0,0.0,0.0,0.0,0,0.0,0.0,0.0,0,0,0.0,0.0,0.0,33.333333333333,90.0,0.0,0,60,0.0,150.0,60.0,0.0,0.0,0,0.0,0.0,0.0,0.0,0.0,210.0,0.0,2.340763583779335,2.340763583779335
Luca Ranieri,Serie A,Fiorentina,DC,34,2479,27.544444444444444,57.317073170732,0.25413473174667206,11.725772150110258,2.6865671641791047,0.07260992335619201,0.10891488503428802,0.21782977006857604,0.4307692307692308,2.0330778539733765,4.610730133118193,22.222222222222,0.9802339653085922,0.14521984671238403,0.29043969342476805,40,0.5445744251714401,0.9802339653085922,0.7987091569181122,5.5555555555556,61.467889908257,0.8713190802743042,0.25413473174667206,9.013432835820897,46.368715083799,6.498588140379185,0.07537180322292665,0.1153374692528612,85.82565556343,5.627269060104881,51.22630092779347,9.294070189592578,0.03630496167809601,0.5808793868495361,0.16666666666666666,0.10891488503428802,0.07260992335619201,0.6534893102057281,8.749495764421138,1.2343686970552643,65.24001613553853,0.03739601957636911,0.18245535564938348,0.2251573938751663
Luís Balbo,Serie A,Fiorentina,DL,6,208,2.311111111111111,50,0.4326923076923077,0,2.5961538461538463,0.0,0.0,0.0,0.125,0.4326923076923077,4.3269230769230775,20,2.1634615384615388,1.7307692307692308,1.2980769230769231,0,0.0,2.5961538461538463,0.8653846153846154,0,54.545454545455,0.4326923076923077,0.4326923076923077,10.146634615384617,23.076923076923,5.625000000000001,0.0,0,66.666666666667,3.4615384615384617,23.365384615384617,15.14423076923077,0.0,0.0,0,0.0,0.0,0.0,18.173076923076923,2.5961538461538463,57.54807692307693,0.024036238901317123,0.15623749197962195,0.18027373088093906
Manor Solomon,Serie A,Fiorentina,FWL,16,903,10.033333333333333,33.333333333333,2.4916943521594686,20.28901455555181,3.488372093023256,0.29900332225913623,0.09966777408637874,0.4983388704318937,0.8,0.39867109634551495,0.29900332225913623,25.531914893617,4.6843853820598005,1.6943521594684385,0.4983388704318937,69.444444444444,3.5880398671096345,1.5946843853820598,0.19933554817275748,18.181818181818,60.674157303371,0.09966777408637874,2.4916943521594686,8.578405315614617,75,0.7973421926910299,0.06064057176889375,0.05531155182556673,89.52380952381,11.960132890365449,31.3953488372093,11.06312292358804,0.29900332225913623,0.4983388704318937,0.36363636363636365,0.39867109634551495,0.5980066445182725,1.0963455149501662,14.750830564784053,1.2956810631229236,49.53488372093023,0.04703646705198129,0.1165080456638653,0.21707309737950067
Marin Pongracic,Serie A,Fiorentina,DC,35,2917,32.41111111111111,55.681818181818,0.24682893383613302,15.288476089390436,4.874871443263627,0.030853616729516628,0.0,0.09256085018854988,0.4444444444444444,0.7404868015083991,4.010970174837161,25,0.12341446691806651,0.15426808364758313,0.18512170037709977,72.727272727273,0.6479259513198492,0.6479259513198492,2.1288995543366473,0,44.444444444444,1.0798765855330819,0.24682893383613302,8.987967089475488,57.777777777778,4.165238258484744,0.01829555440779659,0.07412240584380925,91.635981062599,4.196091875214261,58.65272540281111,6.1398697291738085,0.09256085018854988,0.18512170037709977,0.125,0.030853616729516628,0.061707233459033256,0.24682893383613302,12.403153925265684,0.9564621186150154,70.5005142269455,0.021254848682455384,0.1973863374690896,0.20977026355421866
Mattia Viti,Serie A,Fiorentina,DC,10,267,2.966666666666667,33.333333333333,0.0,,3.7078651685393256,0.0,0.0,0.0,0.5454545454545454,2.0224719101123596,5.056179775280898,0,0.0,1.0112359550561798,0.6741573033707865,50,0.6741573033707865,1.348314606741573,3.033707865168539,0,48.275862068966,1.348314606741573,0.0,11.214606741573034,57.142857142857,7.078651685393258,0.0,0,83.916083916084,7.415730337078651,48.20224719101123,13.48314606741573,0.0,0.0,0,0.0,0.0,0.0,15.842696629213483,3.033707865168539,69.43820224719101,0.0,0.12085050093323997,0.12085050093323997
Moise Kean,Serie A,Fiorentina,FW,26,2047,22.744444444444444,45.762711864407,0.13190034196384953,15.740843601455072,1.4948705422569615,0.0,0.7914020517830972,1.0112359550561798,0.5,0.17586712261846604,0.7034684904738642,0,0.3077674645823156,1.3190034196384954,0.17586712261846604,41.666666666667,2.594040058622374,1.9345383488031267,1.275036638983879,8.1632653061224,44.378698224852,0.3077674645823156,0.13190034196384953,8.695749877870053,33.333333333333,0.13190034196384953,0.6092348806814822,0.14139498874773176,72.300469483568,2.7259404005862238,9.364924279433318,8.661455788959453,0.5715681485100147,3.341475329750855,0.2755102040816326,1.1871030776746458,0.9672691744015633,4.308744504152418,14.025403028822668,0.26380068392769906,26.248168050806058,0.0027700478386663493,0.037185150682271025,0.5174714405204269
Niccolò Fortini,Serie A,Fiorentina,DML,16,546,6.066666666666666,45.454545454545,0.6593406593406593,22.432929814294347,5.769230769230769,0.16483516483516483,0.0,0.4945054945054945,0.47058823529411764,1.3186813186813187,1.3186813186813187,17.241379310345,4.78021978021978,0.8241758241758242,1.3186813186813187,42.105263157895,2.967032967032967,2.967032967032967,0.8241758241758242,0,61.842105263158,0.6593406593406593,0.6593406593406593,11.15934065934066,57.894736842105,3.131868131868132,0.037701953059205644,0.02859064773656428,87.619047619048,9.56043956043956,34.61538461538461,15.0,0.32967032967032966,0.32967032967032966,0.25,0.32967032967032966,0.989010989010989,1.3186813186813187,18.626373626373628,3.6263736263736264,64.78021978021978,0.07633658566072092,0.12518690622687995,0.2187640344785465
Nicolo Fagioli,Serie A,Fiorentina,MC,33,2564,28.488888888888887,33.333333333333,2.1762870514820594,22.012997302678976,5.124804992199688,0.38611544461778474,0.03510140405616225,0.45631825273010923,0.5418994413407822,3.4048361934477382,0.9126365054602185,23.809523809524,2.948517940717629,1.0881435257410297,0.8775351014040562,61.290322580645,1.0881435257410297,1.579563182527301,0.8073322932917317,6.0606060606061,54.726368159204,0.561622464898596,2.1762870514820594,10.18958658346334,66.257668711656,5.721528861154447,0.06684860420179395,0.057710377499461174,89.952153110048,12.882215288611546,58.68954758190328,11.407956318252731,0.561622464898596,0.421216848673947,0.21212121212121213,0.24570982839313574,0.7371294851794072,1.1583463338533542,7.96801872074883,1.6146645865834635,74.27457098283932,0.18338209644320325,0.3890316478629101,0.5379844943494442
Oliver Christensen,Serie A,Fiorentina,GK,1,87,0.9666666666666667,0,0.0,0,4.137931034482759,0.0,0.0,0.0,0.5,1.0344827586206897,0.0,0,0.0,0.0,0.0,0,0.0,1.0344827586206897,0.0,0,100,0.0,0.0,0.0,56,25.862068965517242,0.0,0,73.170731707317,0.0,42.41379310344828,13.448275862068966,0.0,0.0,0,0.0,0.0,0.0,0.0,0.0,53.793103448275865,0.0,0.39951416952856655,0.39951416952856655
Pablo Marí,Serie A,Fiorentina,DC,11,809,8.988888888888889,51.428571428571,0.22249690976514214,26.648857362370574,3.11495673671199,0.0,0.0,0.0,0.3125,0.5562422744128553,5.228677379480841,0,0.0,0.0,0.3337453646477132,0,0.0,0.8899876390605685,1.8912237330037083,0,50,2.4474660074165637,0.22249690976514214,8.809765142150804,40,4.449938195302843,0.0053679370822106364,0.024125894997268915,91.868131868132,2.3362175525339928,50.61804697156984,4.6724351050679855,0.0,0.11124845488257107,0.0,0.0,0.11124845488257107,0.22249690976514214,9.122373300370828,1.3349814585908528,64.19035846724351,0.012547259802650314,0.18553642657377076,0.1967733282232093
Pietro Comuzzo,Serie A,Fiorentina,DC,27,1700,18.88888888888889,50,0.1588235294117647,21.300620382484343,3.2823529411764705,0.0,0.052941176470588235,0.052941176470588235,0.48,0.6352941176470588,5.3999999999999995,0,0.052941176470588235,0.10588235294117647,0.5823529411764706,50,0.10588235294117647,0.21176470588235294,1.2705882352941176,10,50.684931506849,1.2705882352941176,0.1588235294117647,9.494470588235295,55.405405405405,3.9176470588235293,0.043142017130466066,0.08149047680199147,90.322580645161,4.235294117647059,52.51764705882353,5.770588235294118,0.0,0.4235294117647059,0.2,0.10588235294117647,0.10588235294117647,0.5294117647058824,10.429411764705883,1.6941176470588235,65.85882352941177,0.002348847166799447,0.30965210059109854,0.3169117610025055
Riccardo Braschi,Serie A,Fiorentina,FW,2,106,1.1777777777777778,28.571428571429,0.0,15.597120770306224,2.547169811320755,0.0,0.0,0.0,0,0.0,0.0,100,0.8490566037735848,2.547169811320755,0.8490566037735848,66.666666666667,1.6981132075471697,0.0,0.0,0,44.444444444444,0.0,0.0,4.05,0,0.8490566037735848,0.12775904938297453,0.05015725642442703,61.111111111111,4.245283018867925,15.283018867924527,12.735849056603774,0.0,2.547169811320755,0.0,0.0,0.0,2.547169811320755,5.943396226415095,1.6981132075471697,31.41509433962264,0.0,0.03685617160473792,0.1646152265229315
Roberto Piccoli,Serie A,Fiorentina,FW,32,1698,18.866666666666667,38.129496402878,0.7950530035335689,14.496274027011093,1.8551236749116606,0.053003533568904596,0.6360424028268551,0.5300353356890459,0.5,0.15901060070671377,0.6890459363957597,20,0.26501766784452296,1.431095406360424,0.053003533568904596,45,1.0600706713780919,2.1201413427561837,1.802120141342756,8.5106382978723,46.341463414634,0.21201413427561838,0.7950530035335689,9.025441696113074,0,0.21201413427561838,0.3618777716736385,0.14526441047324778,65.789473684211,2.6501766784452294,12.084805653710246,11.024734982332156,0.3710247349823321,2.067137809187279,0.3191489361702128,0.7950530035335689,0.42402826855123676,2.491166077738516,19.664310954063605,0.42402826855123676,27.879858657243815,0.08411971501703291,0.07850268167894425,0.44004010459467396
Robin Gosens,Serie A,Fiorentina,DML,26,1893,21.033333333333335,45.454545454545,0.5705229793977813,13.092389704268161,2.1870047543581617,0.04754358161648177,0.14263074484944532,0.23771790808240886,0.4358974358974359,0.8082408874801901,3.137876386687797,21.428571428571,1.9968304278922344,0.4278922345483359,0.5705229793977813,0,0.0,1.1885895404120443,1.1410459587955626,16.666666666667,53.535353535354,1.1885895404120443,0.5705229793977813,9.843423137876385,35.483870967742,2.9477020602218698,0.11387574576467227,0.1330659177361263,79.510309278351,6.133122028526149,36.89381933438985,11.26782884310618,0.09508716323296354,0.6656101426307448,0.3888888888888889,0.3328050713153724,0.19017432646592708,0.8557844690966718,15.689381933438984,1.4738510301109349,59.001584786053876,0.045705195575385764,0.1130265701509032,0.19215277025679778
Rolando Mandragora,Serie A,Fiorentina,MC,34,2438,27.08888888888889,61.290322580645,1.2920426579163249,21.23436106909108,2.547169811320755,0.11074651353568499,0.0,0.7752255947497949,0.4148936170212766,1.439704675963905,1.2920426579163249,24.285714285714,2.5840853158326498,0.40607054963084493,0.5537325676784249,37.5,0.5906480721903199,2.030352748154225,1.3658736669401148,10.9375,59.537572254335,0.47990155865463496,1.2920426579163249,9.972723543888433,35.483870967742,3.4331419196062347,0.1452288715095489,0.061470136934076436,84.444444444444,8.19524200164069,36.54634946677604,9.487284659557014,0.33223954060705496,0.9228876127973749,0.28125,0.6644790812141099,1.439704675963905,2.3625922887612796,10.26251025430681,1.661197703035275,51.238720262510256,0.10633598441614099,0.2187565702966386,0.36101683563995157
Tariq Lamptey,Serie A,Fiorentina,DR,2,32,0.35555555555555557,0,5.625,,2.8125,0.0,0.0,0.0,0.0,0.0,0.0,100,2.8125,0.0,0.0,0,0.0,0.0,0.0,0,100,0.0,5.625,6.5249999999999995,0,0.0,0.0,0,70,2.8125,28.125,16.875,0.0,0.0,0,0.0,0.0,0.0,11.25,5.625,45.0,0.35023478558287024,0.0,0.35023478558287024
Daniele Rugani,Serie A,"Fiorentina,Juventus",DC,12,594,6.6,51.724137931034,0.0,9.457272466667654,2.272727272727273,0.0,0.15151515151515152,0.0,0.3333333333333333,0.4545454545454546,4.545454545454546,0,0.0,0.0,0.15151515151515152,0,0.0,0.0,1.3636363636363638,0,50,1.3636363636363638,0.0,8.86969696969697,52.631578947368,2.878787878787879,0.0,0.0,91.640866873065,1.0606060606060606,48.939393939393945,4.3939393939393945,0.0,0.15151515151515152,0.0,0.0,0.0,0.15151515151515152,6.96969696969697,1.2121212121212122,59.24242424242424,0.0,0.08132314055480741,0.08132314055480741
Hans Nicolussi Caviglia,Serie A,"Fiorentina,Parma Calcio 1913",MC,26,1474,16.377777777777776,45.833333333333,1.1601085481682498,25.13657706901929,3.9687924016282228,0.2442333785617368,0.0,0.6105834464043419,0.43661971830985913,1.8928086838534601,1.5264586160108549,27.777777777778,3.2971506105834467,1.7096336499321576,0.7937584803256446,50,1.3432835820895523,1.4654002713704208,1.4043419267299866,0,45.925925925926,0.3663500678426052,1.1601085481682498,11.274423337856176,53.424657534247,4.457259158751697,0.00747291738953406,0.006119489017874002,84.505208333333,7.632293080054275,46.89280868385347,13.616010854816826,0.1831750339213026,0.1831750339213026,0.15,0.1831750339213026,1.0379918588873813,1.2211668928086838,8.181818181818182,1.6485753052917234,63.62279511533244,0.0563296538195099,0.058714822515986836,0.07458438965387067
Aarón Martín,Serie A,Genoa,DL,33,2185,24.27777777777778,30,2.5537757437070936,24.457696989094988,3.254004576659039,0.5354691075514874,0.041189931350114416,0.24713958810068648,0.3125,1.0297482837528604,1.894736842105263,34.358974358974,8.03203661327231,0.5766590389016019,0.28832951945080093,50,1.0709382151029747,1.1121281464530892,1.2768878718535468,9.0909090909091,56.849315068493,0.41189931350114417,2.5537757437070936,9.645446224256292,32.520325203252,5.066361556064073,0.022930004393140566,0.050608141009103165,78.833107191316,6.425629290617849,30.356979405034323,16.187643020594965,0.28832951945080093,0.12356979405034324,0.36363636363636365,0.16475972540045766,0.3295194508009153,0.45308924485125857,14.169336384439358,1.7711670480549198,57.58352402745995,0.2705395108715416,0.15445378493492062,0.26996647490687176
Albert Grønbæk,Serie A,Genoa,AMC,4,107,1.1888888888888889,50,1.6822429906542056,22.186637984414922,1.6822429906542056,0.0,0.0,0.0,1.0,0.8411214953271028,1.6822429906542056,0,0.8411214953271028,0.8411214953271028,0.0,33.333333333333,5.046728971962617,0.8411214953271028,0.8411214953271028,0,58.333333333333,0.0,1.6822429906542056,10.463551401869159,0,0.0,0.03268365060614648,0.03885722905397415,76.470588235294,5.046728971962617,14.299065420560748,15.14018691588785,0.8411214953271028,0.0,1.0,0.8411214953271028,0.8411214953271028,0.8411214953271028,25.233644859813083,3.364485981308411,37.850467289719624,0.1111938449266915,0.326483344363275,0.4376771767562795
Alessandro Marcandalli,Serie A,Genoa,DC,32,2606,28.955555555555556,62.222222222222,0.34535686876438987,10.71091745933909,2.7973906369915578,0.03453568687643899,0.03453568687643899,0.03453568687643899,0.3875,1.0706062931696085,3.6262471220260935,50,0.34535686876438987,0.2762854950115119,0.10360706062931696,44.444444444444,0.3108211818879509,0.37989255564082886,0.7943207981580966,0,55.813953488372,0.6907137375287797,0.34535686876438987,9.250729086722947,40.350877192982,3.9370683039140446,0.009327823716463809,0.0540184635668993,82.954545454545,4.10974673829624,42.54796623177283,9.773599386032233,0.13814274750575595,0.17267843438219493,0.4,0.06907137375287797,0.0,0.17267843438219493,14.470452801227935,1.1396776669224866,54.22102839600921,0.022556746953202044,0.13889040702886749,0.15355955331900079
Alex Amorim,Serie A,Genoa,MC,11,561,6.233333333333333,33.333333333333,1.7647058823529411,16.719381163491065,4.652406417112299,0.16042780748663102,0.0,0.32085561497326204,0.5,1.7647058823529411,1.2834224598930482,31.25,2.5668449197860963,0.9625668449197861,2.2459893048128343,77.777777777778,1.2834224598930482,2.8877005347593583,1.1229946524064172,0,59.420289855072,1.2834224598930482,1.7647058823529411,8.97433155080214,43.333333333333,4.81283422459893,0.020396312808289248,0.06356850825250149,85.460992907801,5.614973262032086,45.24064171122995,11.06951871657754,0.32085561497326204,0.16042780748663102,0.0,0.0,0.16042780748663102,0.32085561497326204,8.983957219251337,2.5668449197860963,63.850267379679146,0.12141127099487233,0.11788686478440774,0.21571547908578964
Brooke Norton-Cuffy,Serie A,Genoa,DMR,27,2214,24.6,32.608695652174,0.8536585365853658,17.930778082798838,3.8617886178861784,0.08130081300813008,0.08130081300813008,0.2032520325203252,0.45454545454545453,0.6097560975609756,1.5853658536585364,23.456790123457,3.292682926829268,0.975609756097561,0.2845528455284553,59.259259259259,2.195121951219512,0.6504065040650406,0.9349593495934959,12.5,54.491017964072,0.4065040650406504,0.8536585365853658,9.926422764227642,47.272727272727,2.2357723577235773,0.08158534023214162,0.12543746060691774,81.111111111111,5.89430894308943,29.268292682926827,13.536585365853657,0.44715447154471544,0.4065040650406504,0.375,0.24390243902439024,0.24390243902439024,0.6504065040650406,19.552845528455283,1.7479674796747966,53.00813008130081,0.07658889865487571,0.144429690643721,0.29057628982435396
Caleb Ekuban,Serie A,Genoa,FW,31,986,10.955555555555556,44.230769230769,1.0040567951318458,14.045516040640171,3.286004056795132,0.09127789046653144,0.18255578093306288,0.4563894523326572,0.3333333333333333,0.18255578093306288,0.4563894523326572,16.666666666667,0.5476673427991886,1.460446247464503,0.18255578093306288,33.333333333333,2.1906693711967544,2.6470588235294117,1.460446247464503,13.793103448276,46.590909090909,0.4563894523326572,1.0040567951318458,10.036916835699797,40,0.4563894523326572,0.3762469385914943,0.14213773235678673,68.627450980392,3.924949290060852,13.96551724137931,11.318458417849898,1.0040567951318458,2.099391480730223,0.3448275862068966,0.9127789046653144,0.5476673427991886,2.6470588235294117,20.081135902636916,0.36511156186612576,31.582150101419877,0.11416845114308487,0.05374300404136309,0.4538112421639067
Daniele Sommariva,Serie A,Genoa,GK,2,175,1.9444444444444444,0,0.0,0,3.085714285714286,0.0,0.0,0.0,0.2857142857142857,1.0285714285714287,1.542857142857143,0,0.0,0.0,0.0,0,0.0,0.5142857142857143,0.0,0,100,0.0,0.0,5.348571428571429,38.461538461538,33.42857142857143,0.0,0,54.444444444444,3.085714285714286,46.285714285714285,21.085714285714285,0.0,0.0,0,0.0,0.0,0.0,0.5142857142857143,0.0,52.971428571428575,0.0,0.019725035982472557,0.019725035982472557
Filippo Carbone,Serie A,Genoa,Non,1,10,0.1111111111111111,50,0.0,0,9.0,0.0,0.0,0.0,0,0.0,0.0,0,0.0,0.0,0.0,0,0.0,9.0,0.0,0,100,9.0,0.0,10.8,0,0.0,0.0,0,100,18.0,63.0,0.0,0.0,0.0,0,0.0,0.0,0.0,18.0,27.0,108.0,0.0,0.0,0.0
Gaël Lafont,Serie A,Genoa,Non,1,10,0.1111111111111111,0,0.0,0,9.0,0.0,0.0,0.0,0.5,9.0,0.0,0,0.0,0.0,0.0,0,0.0,0.0,0.0,0,0,0.0,0.0,10.8,0,9.0,0.0,0,92.857142857143,36.0,126.0,9.0,0.0,0.0,0,0.0,0.0,0.0,9.0,0.0,126.0,0.0,0.0,0.0
Jacopo Grossi,Serie A,Genoa,Non,1,21,0.23333333333333334,0,0.0,22.542742982972523,4.285714285714286,0.0,0.0,4.285714285714286,0,0.0,0.0,0,12.857142857142858,0.0,4.285714285714286,0,0.0,0.0,0.0,0,0,0.0,0.0,11.442857142857143,100,4.285714285714286,0.40782004594802856,0.09515801072120667,92.857142857143,12.857142857142858,60.0,17.142857142857142,0.0,0.0,0.0,0.0,4.285714285714286,4.285714285714286,8.571428571428571,0.0,77.14285714285714,0.0,0.0,0.0
Jean Onana,Serie A,Genoa,MC,3,45,0.5,50,2.0,26.780494963621983,2.0,0.0,0.0,0.0,0.5,2.0,0.0,0,2.0,6.0,0.0,0,0.0,0.0,8.0,0,30,0.0,2.0,12.34,50,8.0,0.03910113498568535,0.019550567492842674,73.913043478261,8.0,46.0,20.0,0.0,0.0,0.0,0.0,2.0,2.0,22.0,6.0,70.0,0.02777060866355896,0.0,0.06687174364924431
Jeff Ekhator,Serie A,Genoa,FW,30,949,10.544444444444444,46.428571428571,0.9483667017913593,14.77413357429908,3.03477344573235,0.09483667017913594,0.37934668071654376,0.5690200210748156,0.7777777777777778,0.6638566912539515,0.47418335089567965,0,0.8535300316122234,1.612223393045311,0.5690200210748156,54.545454545455,1.9915700737618547,1.8018967334035827,1.8967334035827186,15,44.791666666667,0.18967334035827188,0.9483667017913593,9.882929399367756,50,0.37934668071654376,0.30232094393138265,0.1593903198838234,58.659217877095,3.6986301369863015,16.975763962065333,14.22550052687039,0.7586933614330875,1.7070600632244468,0.25,0.47418335089567965,0.18967334035827188,1.8967334035827186,22.19178082191781,1.1380400421496313,34.33087460484721,0.08245417754017641,0.1223975193693653,0.45970202811274313
Johan Vásquez,Serie A,Genoa,DC,36,3217,35.74444444444445,47.096774193548,0.251787379546161,14.563486177130889,3.413117811625738,0.0,0.027976375505129,0.139881877525645,0.37777777777777777,1.426795150761579,4.308361827789866,20.833333333333,0.671433012123096,0.251787379546161,0.503574759092322,47.058823529412,0.447622008082064,1.286913273235934,0.643456636617967,4.1666666666667,66.666666666667,1.258936897730805,0.251787379546161,10.128566987876903,39.583333333333,6.71433012123096,0.05275014336870848,0.07856352371163666,85.55667001003,5.371464096984768,55.784892757227226,10.155424308361827,0.111905502020516,0.503574759092322,0.25,0.167858253030774,0.167858253030774,0.671433012123096,11.638172210133664,1.650606154802611,70.83618277898663,0.013009021197638786,0.1737158275639275,0.181643730252379
Joi Nuredini,Serie A,Genoa,Non,1,1,0.011111111111111112,0,0.0,0,0.0,0.0,0.0,0.0,0,0.0,0.0,0,0.0,0.0,90.0,0,0.0,0.0,0.0,0,0,0.0,0.0,0.0,0,0.0,0.0,0,0,0.0,0.0,0.0,0.0,0.0,0,0.0,0.0,0.0,0.0,0.0,0.0,0.0,0.0,0.0
Junior Messias,Serie A,Genoa,MC,20,675,7.5,38.235294117647,0.8,20.06562974919001,5.466666666666667,0.13333333333333333,0.0,0.6666666666666666,0.5714285714285714,1.6,1.8666666666666667,18.75,2.1333333333333333,1.3333333333333333,0.4,54.054054054054,4.933333333333334,2.933333333333333,1.3333333333333333,15.789473684211,61.386138613861,0.6666666666666666,0.8,11.029333333333334,64.516129032258,4.133333333333334,0.14695483421285946,0.05800848718928663,76.153846153846,13.2,34.666666666666664,17.333333333333332,1.0666666666666667,1.3333333333333333,0.3684210526315789,0.9333333333333333,1.2,2.533333333333333,22.533333333333335,2.6666666666666665,62.8,0.14095939149459202,0.2097233049571514,0.40382557014624276
Justin Bijlow,Serie A,Genoa,GK,16,1395,15.5,100,0.0,0,6.838709677419355,0.0,0.0,0.0,0.59375,2.4516129032258065,0.9032258064516129,0,0.0,0.0,0.0,0,0.0,0.06451612903225806,0.06451612903225806,0,0,0.0,0.0,4.01741935483871,36.929460580913,15.548387096774194,0.0,0,75.081967213115,1.7419354838709677,39.354838709677416,10.0,0.0,0.0,0,0.0,0.0,0.0,0.45161290322580644,0.0,47.74193548387097,0.0,0.12246331524464392,0.12246331524464392
Leo Østigard,Serie A,Genoa,DC,30,2623,29.144444444444446,71.523178807947,0.3431185665268776,10.503468804937015,2.744948532215021,0.03431185665268776,0.1715592832634388,0.13724742661075104,0.43434343434343436,1.4754098360655736,7.377049180327869,0,0.03431185665268776,0.06862371330537552,0.2401829965688143,100,0.03431185665268776,0.5146778497903164,1.303850552802135,22.727272727273,53.846153846154,1.0293556995806328,0.3431185665268776,9.04494853221502,48.255813953488,5.9016393442622945,0.10021564851433686,0.1327604272995483,88.947990543735,3.1910026686999617,58.05566145634769,7.411361036980557,0.06862371330537552,0.720548989706443,0.5454545454545454,0.41174227983225314,0.03431185665268776,0.7548608463591308,9.264201296225695,1.2352268394967594,72.70682424704536,0.02991257463711457,0.20177210805766507,0.23785100983163918
Lorenzo Colombo,Serie A,Genoa,FW,38,2353,26.144444444444446,32.105263157895,0.7267318317042074,16.36688432863813,2.065448363790905,0.0764980875478113,0.42073948151296214,0.49723756906077343,0.29411764705882354,0.19124521886952825,0.764980875478113,5.8823529411765,0.650233744156396,1.874203144921377,0.3824904377390565,38,1.9124521886952826,2.1036974075648107,1.5682107947301316,10.606060606061,41.784037558685,0.03824904377390565,0.7267318317042074,9.580237994050147,37.5,0.6119847003824904,0.3011398328704893,0.1192899034922999,70.440251572327,4.934126646833829,18.244793880152994,12.507437314067147,0.4589885252868678,1.874203144921377,0.4090909090909091,1.0327241818954525,0.650233744156396,2.524436889077773,15.605609859753505,0.764980875478113,35.992350191245215,0.07160143407447207,0.1244135105351514,0.3987026609926846
Mamedi Doucouré,Serie A,Genoa,Non,1,8,0.08888888888888889,0,0.0,0,0.0,0.0,0.0,0.0,0,0.0,0.0,0,0.0,11.25,0.0,0,0.0,0.0,0.0,0,0,0.0,0.0,0.0,100,11.25,0.0,0,100,11.25,101.25,11.25,0.0,0.0,0,0.0,0.0,0.0,0.0,0.0,112.5,0.0,0.0,0.0
Maxwel Cornet,Serie A,Genoa,DL,8,121,1.3444444444444446,42.857142857143,4.462809917355371,12.038829353886484,2.975206611570248,0.0,1.487603305785124,0.743801652892562,0,0.0,0.743801652892562,15.384615384615,9.669421487603305,2.2314049586776856,0.743801652892562,0,0.0,0.743801652892562,4.462809917355371,0,38.888888888889,0.0,4.462809917355371,12.964462809917354,0,2.2314049586776856,0.49705607955120806,0.1670660711824894,77.5,10.413223140495868,29.752066115702476,20.08264462809917,0.743801652892562,2.2314049586776856,0.5,1.487603305785124,0.743801652892562,2.975206611570248,27.52066115702479,4.462809917355371,58.01652892561983,0.18280556333089662,0.010753329227532237,0.5551935543021387
Mikael Ellertsson,Serie A,Genoa,DML,36,2777,30.855555555555554,30.952380952381,0.5185451926539432,17.753508679761186,2.560316888728844,0.16204537270435723,0.09722722362261434,0.2592725963269716,0.2222222222222222,0.1296362981634858,1.3611811307166006,21.875,1.0370903853078863,0.583363341735686,0.7778177889809147,27.5,1.2963629816348579,1.3611811307166006,0.9074540871444005,3.8461538461538,48.969072164948,0.48613611811307167,0.5185451926539432,9.908750450126036,29.787234042553,1.523226503420958,0.06969115734744252,0.08270612989480679,75.548589341693,5.412315448325532,20.67698955707598,9.917176809506662,0.3564998199495859,0.6481814908174289,0.23076923076923078,0.19445444724522867,0.19445444724522867,0.8426359380626576,20.352898811667266,1.4259992797983436,37.302844796543035,0.08106816655275073,0.10227909201315444,0.20257538672822348
Morten Frendrup,Serie A,Genoa,MC,36,3089,34.32222222222222,50.909090909091,0.4370346390417611,21.886594526960028,4.545160246034315,0.029135642602784072,0.0,0.029135642602784072,0.46,0.6701197798640337,2.5930721916477824,20,0.14567821301392037,0.5535772094528973,0.6992554224668177,57.142857142857,0.40789899643897704,1.1362900615085787,1.165425704111363,12.5,62.770562770563,1.194561346714147,0.4370346390417611,10.698899320168339,47.826086956522,2.680479119456135,0.00798998266403036,0.03427924506831914,87.841945288754,5.215280025898349,38.342505665263836,6.642926513434769,0.5827128520556815,0.08740692780835221,0.375,0.08740692780835221,0.14567821301392037,0.23308514082227258,13.81029459371965,2.8844286176756233,52.56069925542246,0.039574141502886885,0.1396514851070504,0.1759379921591361
Nicola Leali,Serie A,Genoa,GK,22,1848,20.533333333333335,100,0.0974025974025974,,6.136363636363636,0.0,0.0,0.0,0.4716981132075472,1.2175324675324675,0.7792207792207791,0,0.0,0.0,0.0487012987012987,0,0.0,0.0974025974025974,0.0974025974025974,0,40,0.0487012987012987,0.0974025974025974,3.666233766233766,36.120401337793,14.561688311688311,0.0,0,64.351005484461,1.1688311688311688,26.639610389610386,9.594155844155843,0.0,0.0,0,0.0,0.0,0.0,0.2922077922077922,0.0487012987012987,34.23701298701298,0.009729826048790633,0.06022076929810565,0.06995059570974924
Nicolae Stanciu,Serie A,Genoa,AMC,4,191,2.1222222222222222,50,0.9424083769633508,17.55177586617345,3.769633507853403,0.0,0.4712041884816754,0.9424083769633508,0.4444444444444444,1.8848167539267016,0.9424083769633508,11.111111111111,4.2408376963350785,0.9424083769633508,0.0,50,0.9424083769633508,0.9424083769633508,0.4712041884816754,0,63.636363636364,1.4136125654450262,0.9424083769633508,10.884816753926701,71.428571428571,3.298429319371728,0.15738464540836075,0.06680103838443756,74.683544303797,10.366492146596858,37.225130890052355,16.963350785340314,1.4136125654450262,1.4136125654450262,0.0,0.0,0.9424083769633508,2.356020942408377,12.722513089005236,1.8848167539267016,56.544502617801044,0.029537623592150147,0.16460309872959608,0.31303877142594433
Nils Zätterström,Serie A,Genoa,DC,3,181,2.011111111111111,0,0.0,0,1.988950276243094,0.0,0.0,0.0,0.42857142857142855,1.4917127071823204,1.988950276243094,0,0.0,0.4972375690607735,0.0,50,0.994475138121547,0.0,1.4917127071823204,0,37.5,0.994475138121547,0.0,4.34585635359116,40,4.972375690607735,0.0,0,85.217391304348,2.4861878453038675,57.18232044198895,9.94475138121547,0.0,0.0,0,0.0,0.0,0.0,6.961325966850829,0.994475138121547,65.6353591160221,0.0,0.24726308347111908,0.24726308347111908
Patrizio Masini,Serie A,Genoa,DMC,28,1430,15.88888888888889,38.805970149254,0.5664335664335665,17.059780847006756,4.909090909090909,0.06293706293706293,0.2517482517482517,0.3776223776223776,0.5,0.7552447552447552,2.769230769230769,21.428571428571,0.8811188811188811,1.06993006993007,0.7552447552447552,22.222222222222,0.5664335664335665,2.832167832167832,2.4545454545454546,0,61.827956989247,1.5734265734265733,0.5664335664335665,11.504265734265733,42.553191489362,2.958041958041958,0.12776746357289645,0.11278239068471724,74.336283185841,5.916083916083916,35.55944055944056,13.531468531468532,0.3776223776223776,0.5664335664335665,0.2777777777777778,0.3146853146853147,0.5664335664335665,1.132867132867133,13.405594405594405,4.27972027972028,58.46853146853147,0.0779187672322134,0.16804823907209443,0.3119856196136533
Ruslan Malinovskiy,Serie A,Genoa,AMC,34,2250,25.0,47.945205479452,1.52,26.643048981935028,4.8,0.32,0.04,0.48,0.4766355140186916,2.04,0.68,34.375,2.56,1.16,1.0,55,0.8,1.04,1.44,10.909090909091,41.358024691358,0.6,1.56,9.974,61.805555555556,5.76,0.0841404940187931,0.03824567909945141,82.183908045977,11.6,48.72,13.48,0.6,0.2,0.2727272727272727,0.6,2.0,2.2,9.48,1.2,63.76,0.17369610827416182,0.2632786717265844,0.37873729154467584
Sebastian Otoa,Serie A,Genoa,DC,13,843,9.366666666666667,68.75,0.0,34.83613357585919,3.4163701067615655,0.0,0.0,0.10676156583629892,0.16666666666666666,0.10676156583629892,4.911032028469751,0,0.10676156583629892,0.32028469750889677,0.10676156583629892,75,0.4270462633451957,1.387900355871886,0.5338078291814946,0,72.222222222222,0.9608540925266903,0.0,9.035231316725978,50,3.4163701067615655,0.008926090330309715,0.02786923758685589,90.60773480663,1.281138790035587,38.64768683274021,4.697508896797153,0.0,0.32028469750889677,0.6666666666666666,0.21352313167259784,0.0,0.32028469750889677,10.0355871886121,1.1743772241992882,52.09964412811387,0.0,0.06517317729382328,0.06517317729382328
Seydou Fini,Serie A,Genoa,AMR,1,31,0.34444444444444444,0,2.903225806451613,,0.0,0.0,0.0,0.0,0,0.0,2.903225806451613,0,2.903225806451613,0.0,0.0,100,2.903225806451613,0.0,2.903225806451613,0,50,0.0,2.903225806451613,11.32258064516129,0,2.903225806451613,0.0,0,66.666666666667,2.903225806451613,8.709677419354838,11.612903225806452,0.0,0.0,0,0.0,0.0,0.0,31.935483870967744,0.0,23.225806451612904,0.07299918441041824,0.0,0.07299918441041824
Stefano Sabelli,Serie A,Genoa,DR,16,929,10.322222222222223,18.75,0.581270182992465,29.065369881827717,4.068891280947255,0.0,0.0,0.193756727664155,0.375,2.0344456404736273,2.131324004305705,25.925925925926,2.6157158234660924,0.38751345532831,0.968783638320775,12.5,0.77502691065662,1.8406889128094723,0.581270182992465,0,61.764705882353,0.38751345532831,0.6781485468245425,9.477610333692141,31.481481481481,5.231431646932185,0.03911154373750427,0.050464755739085376,69.277108433735,7.653390742734122,32.16361679224973,15.984930032292787,0.2906350914962325,0.4843918191603875,0.0,0.0,0.2906350914962325,0.77502691065662,14.822389666307856,2.131324004305705,55.511302475780404,0.0311745423322345,0.3100586853083323,0.3617170038136811
Valentín Carboni,Serie A,Genoa,AMC,12,360,4.0,37.5,1.0,18.094576711119696,6.25,0.0,0.0,0.5,0.8333333333333334,1.25,1.5,0,2.0,2.25,1.0,52.631578947368,4.75,1.25,2.75,0,47.540983606557,0.5,1.0,11.2075,66.666666666667,1.5,0.16387452953495085,0.1092496863566339,82.442748091603,9.5,32.75,19.0,0.5,1.0,0.3333333333333333,0.5,0.5,1.5,15.0,3.5,62.0,0.08094407059252262,0.05837927060201764,0.2706505097448826
Vitinha,Serie A,Genoa,FW,35,2254,25.044444444444444,43.283582089552,0.678793256433008,17.378920162021227,4.0727595385980475,0.19964507542147295,0.3194321206743567,0.9582963620230701,0.5,0.47914818101153506,1.1579414374445431,21.212121212121,2.635314995563443,1.5971606033717836,0.8385093167701864,31.858407079646,4.511978704525289,2.715173025732032,1.357586512866016,7.6923076923077,45.833333333333,0.5590062111801243,0.678793256433008,9.707142857142857,44.117647058824,1.357586512866016,0.27587746045640615,0.10629534972115205,66.919191919192,4.232475598935227,15.811889973380657,16.211180124223603,0.7586512866015972,1.6770186335403727,0.3076923076923077,0.7985803016858918,0.9183673469387755,2.5953859804791484,18.487133984028393,1.557231588287489,41.326530612244895,0.08694684932862856,0.10575256738464654,0.38532453692851204
Wedtoin Ouedraogo,Serie A,Genoa,Non,2,49,0.5444444444444444,0,0.0,0,5.510204081632653,0.0,0.0,0.0,0.0,0.0,1.8367346938775513,33.333333333333,5.510204081632653,1.8367346938775513,0.0,0,0.0,3.6734693877551026,3.6734693877551026,0,58.333333333333,1.8367346938775513,0.0,5.583673469387755,0,3.6734693877551026,0.0,0,62.5,3.6734693877551026,29.38775510204082,20.204081632653065,0.0,0.0,0,0.0,0.0,0.0,3.6734693877551026,9.183673469387756,75.3061224489796,0.0,0.8052889181643117,0.8052889181643117
Lorenzo Venturino,Serie A,"Genoa,Roma",AML,12,254,2.8222222222222224,42.857142857143,2.4803149606299213,21.11386640000967,3.1889763779527556,0.3543307086614173,0.0,0.7086614173228346,0.25,0.3543307086614173,0.7086614173228346,27.777777777778,12.755905511811022,1.7716535433070866,0.3543307086614173,66.666666666667,1.7716535433070866,1.0629921259842519,0.3543307086614173,0,43.75,0.0,2.4803149606299213,10.626377952755904,20,1.7716535433070866,0.0033888328219140607,0.001912807859480381,80.412371134021,13.11023622047244,34.37007874015748,19.488188976377952,0.0,0.7086614173228346,0.2,0.3543307086614173,1.0629921259842519,1.7716535433070866,21.259842519685037,0.0,58.818897637795274,0.14902409254096624,0.057959574766046414,0.20698366202707363
Tommaso Baldanzi,Serie A,"Genoa,Roma",AMC,18,791,8.78888888888889,12.5,1.7067003792667508,17.974051430587977,4.664981036662452,0.11378002528445005,0.0,0.5689001264222503,0.4444444444444444,0.9102402022756004,0.11378002528445005,31.25,1.8204804045512009,2.161820480404551,0.5689001264222503,31.25,1.8204804045512009,2.730720606826801,1.1378002528445006,5,51.136363636364,0.5689001264222503,1.7067003792667508,10.308470290771174,53.333333333333,1.7067003792667508,0.1540288468528487,0.06768712103366852,87.896253602305,12.857142857142856,39.48166877370417,12.288242730720606,1.2515802781289507,1.3653603034134005,0.35,0.7964601769911503,0.9102402022756004,2.275600505689001,11.605562579013906,1.8204804045512009,59.84829329962073,0.04692715579730972,0.16909731483715673,0.33573472865312043
Alessandro Bastoni,Serie A,Inter,DC,28,2249,24.988888888888887,64.197530864198,1.0004446420631392,13.551444003726834,4.001778568252557,0.280124499777679,0.1200533570475767,0.1200533570475767,0.5064102564102564,3.16140506891952,3.2014228546020456,27.058823529412,3.4015117830146733,0.1200533570475767,0.4001778568252557,60,0.4001778568252557,0.8003557136505114,1.8008003557136507,5.8823529411765,55.797101449275,0.9204090706980881,1.0004446420631392,7.898710538016897,50.691244239631,8.683859493108049,0.06743832567947713,0.09912993101512685,87.459459459459,14.72654513116941,74.0329035126723,14.686527345486883,0.2401067140951534,0.6002667852378836,0.47058823529411764,0.32014228546020457,0.08003557136505114,0.6803023566029347,8.483770564695421,2.040907069808804,95.92263228101379,0.1281814564146986,0.4728761662697199,0.5582331809873261
Andy Diouf,Serie A,Inter,MC,19,499,5.544444444444444,60,1.9839679358717435,18.183931175954623,4.148296593186373,0.36072144288577157,0.0,0.7214428857715431,0.3333333333333333,0.36072144288577157,0.9018036072144289,16.666666666667,1.0821643286573146,2.164328657314629,1.2625250501002003,50,4.328657314629258,0.5410821643286573,0.9018036072144289,10,42.857142857143,0.18036072144288579,2.164328657314629,10.053306613226454,50,0.7214428857715431,0.03166847901497193,0.01755841225385666,85.470085470085,14.789579158316634,42.20440881763527,13.527054108216433,0.18036072144288579,1.2625250501002003,0.3,0.5410821643286573,0.5410821643286573,1.8036072144288577,21.462925851703407,2.164328657314629,61.50300601202405,0.0,0.018089508305570646,0.049757987320542575
Ange-Yoan Bonny,Serie A,Inter,FW,33,1155,12.833333333333334,36.666666666667,1.3246753246753247,13.159339296660487,2.571428571428571,0.5454545454545454,0.23376623376623376,0.3896103896103896,0.75,0.23376623376623376,0.3896103896103896,33.333333333333,0.4675324675324675,3.1948051948051948,0.23376623376623376,50,3.1168831168831166,1.87012987012987,1.3246753246753247,22.727272727273,43.262411347518,0.07792207792207792,1.3246753246753247,9.116883116883116,83.333333333333,0.4675324675324675,0.35700601344178245,0.2082535078410398,79.553903345725,8.103896103896103,20.96103896103896,12.311688311688311,0.7012987012987013,1.3246753246753247,0.4090909090909091,0.7012987012987013,0.3896103896103896,1.7142857142857142,14.181818181818182,1.3246753246753247,39.896103896103895,0.20811940124863154,0.2531875844125624,0.7544850732211943
Benjamin Pavard,Serie A,Inter,DC,1,90,1.0,0,1.0,19.071216010635577,6.0,0.0,0.0,0.0,0.8,4.0,2.0,0,0.0,0.0,0.0,0,0.0,0.0,1.0,0,66.666666666667,2.0,1.0,0.0,60,5.0,0.04614909365773201,0.04614909365773201,95.238095238095,5.0,84.0,4.0,0.0,1.0,1.0,1.0,0.0,1.0,0.0,2.0,96.0,0.02675178088247776,0.6803727149963379,0.6803727149963379
Carlos Augusto,Serie A,Inter,DML,34,1765,19.61111111111111,69.318181818182,0.5609065155807366,16.524164961412602,3.1104815864022664,0.05099150141643059,0.10198300283286119,0.20396600566572237,0.40540540540540543,0.764872521246459,3.1104815864022664,19.565217391304,2.3456090651558075,0.45892351274787535,0.3569405099150142,46.153846153846,0.6628895184135978,0.6628895184135978,1.3257790368271956,5,55,0.9178470254957507,0.5609065155807366,8.591048158640227,36.363636363636,3.365439093484419,0.09995488116449067,0.09801131403073668,89.036251105217,9.943342776203966,57.671388101983005,11.01416430594901,0.3059490084985836,0.764872521246459,0.3,0.3059490084985836,0.254957507082153,1.019830028328612,11.21813031161473,1.886685552407932,77.40509915014164,0.05808304635433232,0.5697245501171766,0.6648919105360933
Davide Frattesi,Serie A,Inter,MC,22,575,6.388888888888889,33.333333333333,0.9391304347826086,14.043051200543786,2.5043478260869563,0.15652173913043477,0.6260869565217391,0.4695652173913043,0.6666666666666666,0.31304347826086953,0.6260869565217391,0,0.31304347826086953,1.2521739130434781,0.6260869565217391,55.555555555556,1.2521739130434781,1.7217391304347824,1.408695652173913,0,55.357142857143,0.4695652173913043,0.9391304347826086,8.874782608695652,40,0.7826086956521738,0.3591154583122419,0.14339679758995771,77.685950413223,4.539130434782608,18.93913043478261,8.139130434782608,0.0,2.034782608695652,0.25,0.6260869565217391,0.4695652173913043,2.5043478260869563,16.747826086956522,2.3478260869565215,34.43478260869565,0.09377751256460728,0.17702890459610068,0.6093717165291309
Denzel Dumfries,Serie A,Inter,DMR,20,1327,14.744444444444444,55.555555555556,0.8816880180859081,11.816470933625409,2.373775433308214,0.06782215523737754,0.33911077618688773,0.47475508666164284,0.09090909090909091,0.06782215523737754,1.4242652599849286,14.705882352941,2.3059532780708367,0.47475508666164284,0.6782215523737755,33.333333333333,1.2207987942727958,0.8816880180859081,1.356443104747551,13.04347826087,45.454545454545,0.47475508666164284,0.8816880180859081,7.215599095704597,25,0.8138658628485306,0.24785411012862174,0.15889005030950773,80.106100795756,7.053504144687265,25.568952524491337,11.597588545591561,0.47475508666164284,1.492087415222306,0.21739130434782608,0.33911077618688773,0.06782215523737754,1.5599095704596835,13.903541823662398,1.0851544837980407,44.626978146194425,0.09535004180584443,0.2812927510917816,0.5839214194215099
Federico Dimarco,Serie A,Inter,DML,35,2704,30.044444444444444,14.285714285714,3.195266272189349,19.529787750769515,4.127218934911243,1.0983727810650887,0.2995562130177515,0.632396449704142,0.567741935483871,2.9289940828402368,0.9319526627218935,32.989690721649,9.685650887573965,0.3661242603550296,0.665680473372781,50,0.46597633136094674,0.7655325443786982,1.3646449704142012,10.769230769231,50.955414012739,1.0318047337278107,3.195266272189349,8.440495562130177,42,3.3284023668639056,0.24251805220251166,0.11209723301804983,83.253260123542,16.242603550295858,48.4948224852071,16.50887573964497,0.6989644970414202,1.3646449704142012,0.3384615384615385,0.7322485207100592,0.7988165680473372,2.1634615384615383,18.206360946745562,1.6642011834319528,73.02514792899409,0.5301839752486471,0.4598703899161791,0.9711152547006027
Francesco Acerbi,Serie A,Inter,DC,18,1387,15.411111111111111,69.230769230769,0.2595529920692141,9.04828144759983,2.9199711607786587,0.06488824801730353,0.06488824801730353,0.0,0.6785714285714286,1.2328767123287672,5.904830569574622,100,0.1946647440519106,0.0,0.12977649603460706,50,0.12977649603460706,0.8435472242249459,1.10310021629416,0,57.142857142857,1.1679884643114635,0.2595529920692141,6.919033886085075,51.162790697674,2.790194664744052,0.024063017692016714,0.12361261310676734,94.887525562372,4.671953857245854,63.46070656092285,4.0879596250901225,0.0,0.1946647440519106,0.3333333333333333,0.06488824801730353,0.0,0.1946647440519106,6.8132660418168705,0.6488824801730353,76.11391492429705,0.0607302726636538,0.2938962097413349,0.3002869411121192
Francesco Pio Esposito,Serie A,Inter,FW,35,1572,17.466666666666665,52.5,1.2595419847328246,12.109795136705353,1.7748091603053437,0.11450381679389314,0.7442748091603054,0.801526717557252,0.7857142857142857,0.6297709923664123,0.7442748091603054,0,0.22900763358778628,1.2595419847328246,0.3435114503816794,25,0.9160305343511451,2.8625954198473287,1.6603053435114505,12.280701754386,49.206349206349,0.28625954198473286,1.2595419847328246,9.393320610687024,55,1.1450381679389314,0.5647623245710977,0.1730616713890381,73.150684931507,7.614503816793894,20.896946564885496,11.33587786259542,0.5725190839694657,2.9770992366412217,0.40350877192982454,1.3167938931297711,0.28625954198473286,3.2633587786259546,9.961832061068703,0.5152671755725191,37.270992366412216,0.11774873666692783,0.20588539590533,0.7729417163139309
Hakan Calhanoglu,Serie A,Inter,MC,22,1649,18.322222222222223,56.521739130435,2.2377198302001213,24.812794736570055,5.56701030927835,0.38204972710733776,0.0545785324439054,0.7095209217707701,0.5632183908045977,2.6743480897513643,0.8732565191024864,38.372093023256,4.693753790175864,0.3274711946634324,0.7095209217707701,35.714285714286,0.7095209217707701,0.6003638568829593,1.528198908429351,18,49.019607843137,0.8732565191024864,2.2377198302001213,8.946513038204971,58.558558558559,6.058217101273499,0.07320075585597786,0.026824010312557222,90.654205607477,19.866585809581565,75.9187386294724,12.44390539721043,0.4366282595512432,0.38204972710733776,0.34,0.9278350515463917,2.346876895087932,2.72892662219527,8.077622801697999,1.8556701030927834,93.32929047907822,0.18973571698482358,0.4714173009859713,0.5645151082550561
Henrikh Mkhitaryan,Serie A,Inter,MC,30,1555,17.27777777777778,54.545454545455,1.3311897106109325,19.532761729700564,5.787781350482315,0.28938906752411575,0.40514469453376206,0.6945337620578778,0.6,1.3890675241157555,1.0418006430868167,14.285714285714,2.430868167202572,1.215434083601286,1.157556270096463,41.379310344828,1.6205787781350482,0.9839228295819935,1.6205787781350482,9.3023255813953,42.176870748299,0.8102893890675241,1.3311897106109325,8.869774919614148,73.469387755102,2.8360128617363345,0.3495820183127256,0.14046512622126314,88.064192577733,20.720257234726688,57.70418006430868,12.964630225080386,0.7524115755627009,1.3890675241157555,0.32558139534883723,0.8102893890675241,1.0996784565916398,2.4887459807073955,14.006430868167202,1.909967845659164,75.93569131832797,0.1916171521715029,0.6991999183940159,1.0627907213314745
Josep Martínez,Serie A,Inter,GK,5,450,5.0,0,0.0,0,8.0,0.0,0.0,0.0,0.5714285714285714,0.8,0.8,0,0.0,0.0,0.0,0,0.0,0.0,0.0,0,0,0.0,0.0,0.0,43.243243243243,7.4,0.0,0,86.95652173913,0.0,36.8,5.2,0.0,0.0,0,0.0,0.0,0.0,0.0,0.0,44.2,0.0,0.22706491351127625,0.22706491351127625
Lautaro Martínez,Serie A,Inter,FW,30,2178,24.2,42.857142857143,1.5289256198347108,13.312291665901423,2.231404958677686,0.49586776859504134,0.6611570247933884,0.9504132231404959,0.6842105263157895,1.0743801652892562,0.7438016528925621,11.764705882353,0.7024793388429752,1.4049586776859504,0.37190082644628103,47.727272727273,1.7768595041322315,1.9421487603305785,1.9421487603305785,18.478260869565,45.959595959596,0.2892561983471075,1.5289256198347108,7.804545454545455,65.51724137931,1.1983471074380165,0.7082161161094165,0.18629163054182477,78.166666666667,8.966942148760332,24.793388429752067,11.322314049586778,1.0330578512396695,3.388429752066116,0.42391304347826086,1.6115702479338843,0.4132231404958678,3.8016528925619837,10.413223140495868,0.9917355371900827,42.31404958677686,0.2599783203264406,0.4050630209428712,1.1481887576254932
Luis Henrique,Serie A,Inter,DMR,30,1627,18.07777777777778,83.333333333333,1.2169637369391517,18.33610419676464,5.421020282728948,0.27658266748617083,0.11063306699446834,0.2212661339889367,0.5384615384615384,1.1616472034419176,0.8297480024585125,26.829268292683,2.267977873386601,0.33189920098340503,0.11063306699446834,56.521739130435,1.2169637369391517,0.0,0.27658266748617083,6.6666666666667,60,0.33189920098340503,1.2169637369391517,9.539889366933005,53.488372093023,2.378610940381069,0.06372192165898485,0.07679671595493952,86.845310596833,15.26736324523663,45.41487400122925,9.625076828518745,0.3872157344806392,0.6637984019668101,0.4666666666666667,0.3872157344806392,0.16594960049170251,0.8297480024585125,15.3779963122311,1.1063306699446833,56.97602950215119,0.1211511946816201,0.3182675242286631,0.4778879853887065
Luka Topalovic,Serie A,Inter,Non,1,9,0.1,0,10.0,0,0.0,10.0,0.0,0.0,0,0.0,0.0,0,0.0,10.0,0.0,0,0.0,0.0,0.0,0,0,0.0,10.0,13.799999999999999,100,10.0,0.0,0,60,20.0,50.0,50.0,0.0,0.0,0,0.0,0.0,0.0,20.0,0.0,100.0,1.5691280364990234,0.0,1.5691280364990234
Manuel Akanji,Serie A,Inter,DC,33,2820,31.333333333333332,53.684210526316,0.22340425531914895,12.451933083889989,4.117021276595745,0.03191489361702128,0.03191489361702128,0.12765957446808512,0.5529411764705883,1.5,3.3510638297872344,66.666666666667,0.09574468085106383,0.12765957446808512,0.3191489361702128,50,0.06382978723404256,0.574468085106383,0.8297872340425532,8.695652173913,61.682242990654,1.1808510638297873,0.22340425531914895,7.4336170212765955,65.248226950355,4.5,0.0733882255772961,0.09997816238066425,92.121499762696,9.670212765957448,67.24468085106383,6.127659574468085,0.06382978723404256,0.6063829787234043,0.2608695652173913,0.19148936170212766,0.12765957446808512,0.7340425531914894,6.861702127659575,1.5319148936170213,79.43617021276596,0.010405091231966273,0.5193599318253234,0.5356362969713643
Marcus Thuram,Serie A,Inter,FW,29,1913,21.255555555555556,53.260869565217,1.3643491897543125,13.35455309386102,1.8348144276006273,0.3293256664924203,0.705697856769472,0.8468374281233664,0.42857142857142855,0.1411395713538944,0.47046523784631467,28.571428571429,0.9879769994772608,1.411395713538944,0.47046523784631467,60.714285714286,1.2702561421850496,1.9289074751698903,2.023000522739153,17.567567567568,48.795180722892,0.047046523784631464,1.3643491897543125,7.805488761108206,66.666666666667,0.2822791427077888,0.5596413632189797,0.16074983901470094,75.625,7.668583376894929,22.582331416623106,11.102979613173027,0.6586513329848406,3.0580240460010453,0.3918918918918919,1.3643491897543125,0.4234187140616832,3.4814427600627287,13.455305802404599,1.1291165708311552,39.09566126502875,0.2102415411943892,0.19556181887977733,0.7732464754014381
Matteo Cocchi,Serie A,Inter,Non,1,16,0.17777777777777778,100,0.0,0,5.625,0.0,0.0,0.0,1.0,11.25,11.25,0,0.0,0.0,5.625,0,0.0,0.0,0.0,0,50,0.0,0.0,0.0,0,5.625,0.0,0,62.5,11.25,45.0,16.875,0.0,0.0,0,0.0,0.0,0.0,0.0,5.625,67.5,0.0,0.0,0.0
Matteo Darmian,Serie A,Inter,DMR,6,246,2.7333333333333334,25,0.0,,2.1951219512195124,0.0,0.0,0.0,0.0,0.0,1.4634146341463414,16.666666666667,2.1951219512195124,0.0,0.0,0,0.0,0.7317073170731707,1.4634146341463414,0,45.454545454545,0.36585365853658536,0.0,7.807317073170731,42.857142857143,2.5609756097560976,0.0,0,90.909090909091,12.804878048780488,44.26829268292683,8.78048780487805,0.0,0.0,0,0.0,0.0,0.0,8.048780487804878,1.0975609756097562,62.5609756097561,0.0,0.26975756465661815,0.26975756465661815
Matteo Lavelli,Serie A,Inter,Non,1,12,0.13333333333333333,0,0.0,0,0.0,0.0,0.0,0.0,0,0.0,0.0,0,7.5,0.0,0.0,0,0.0,0.0,0.0,0,0,0.0,0.0,9.825000000000001,0,0.0,0.0,0,100,0.0,7.5,22.5,0.0,0.0,0,0.0,0.0,0.0,15.0,0.0,37.5,0.0,0.0,0.0
Mattia Mosconi,Serie A,Inter,Non,2,25,0.2777777777777778,0,0.0,16.44177935461651,0.0,0.0,0.0,0.0,0,0.0,0.0,0,0.0,3.5999999999999996,0.0,0,0.0,7.199999999999999,3.5999999999999996,0,40,0.0,0.0,13.572,0,0.0,0.6205724000930786,0.0861906111240387,100,10.799999999999999,46.8,14.399999999999999,0.0,7.199999999999999,0.0,0.0,0.0,7.199999999999999,32.4,0.0,75.6,0.0,0.6748558580875397,0.9542904049158096
Nicolò Barella,Serie A,Inter,MC,34,2533,28.144444444444446,38.235294117647,2.522700355309909,18.534504009626417,5.8981444926964075,0.4974338728780102,0.10659297275957362,0.4263718910382945,0.5279503105590062,3.0201342281879193,0.35530990919857874,36.274509803922,3.624161073825503,0.7106198183971575,0.8172127911567311,50,1.7765495459928937,0.7816818002368733,1.1725227003553098,8.5714285714286,51.269035532995,0.31977891827872085,2.558231346229767,9.128622187129885,55.223880597015,4.761152783260955,0.135719304212376,0.10913555478411062,85.738636363636,19.684168969601263,62.53454401894986,14.425582313462296,0.852743782076589,0.7461508093170154,0.14285714285714285,0.17765495459928937,0.4974338728780102,1.2435846821950256,11.298855112514804,1.9186735096723253,78.20371101460718,0.283026569307827,0.4381559958017442,0.7196977372037484
Petar Sucic,Serie A,Inter,MC,34,1784,19.822222222222223,57.142857142857,1.4630044843049328,18.253139978362643,3.834080717488789,0.30269058295964124,0.10089686098654709,0.30269058295964124,0.603448275862069,1.765695067264574,0.9585201793721972,23.809523809524,2.118834080717489,1.1603139013452914,1.109865470852018,42.857142857143,1.7152466367713004,1.2612107623318385,1.5134529147982063,9.0909090909091,47.513812154696,0.45403587443946186,1.4630044843049328,9.74512331838565,64.772727272727,4.439461883408072,0.11007528081786873,0.09917893988842313,89.339207048458,17.80829596412556,57.25896860986547,11.855381165919281,0.554932735426009,0.554932735426009,0.2727272727272727,0.30269058295964124,0.554932735426009,1.109865470852018,14.226457399103138,2.320627802690583,73.65470852017937,0.2038618214553715,0.5512842194557257,0.7672375584889888
Piotr Zielinski,Serie A,Inter,MC,34,2055,22.833333333333332,57.142857142857,1.27007299270073,24.45359257811378,4.9489051094890515,0.30656934306569344,0.043795620437956206,0.5255474452554745,0.6612903225806451,1.7956204379562044,1.094890510948905,37.5,1.051094890510949,0.39416058394160586,0.5255474452554745,66.666666666667,1.1386861313868615,0.7883211678832117,0.7883211678832117,20.689655172414,59.459459459459,0.21897810218978103,1.27007299270073,10.618248175182481,64.197530864198,3.547445255474453,0.05863530621150115,0.046166879028595724,92.312834224599,19.094890510948908,65.51824817518248,7.532846715328468,0.43795620437956206,0.39416058394160586,0.3448275862068966,0.43795620437956206,0.8759124087591241,1.27007299270073,8.978102189781023,1.3576642335766425,75.85401459854015,0.18559692171912123,0.4929776481033242,0.6107978649763731
Raffaele Di Gennaro,Serie A,Inter,Non,1,9,0.1,0,0.0,0,30.0,0.0,0.0,0.0,0.5,10.0,0.0,0,0.0,0.0,0.0,0,0.0,0.0,0.0,0,0,0.0,0.0,6.8,0,30.0,0.0,0,57.142857142857,0.0,70.0,30.0,0.0,0.0,0,0.0,0.0,0.0,0.0,0.0,100.0,0.0,0.0,0.0
Stefan de Vrij,Serie A,Inter,DC,11,671,7.455555555555556,54.838709677419,0.26825633383010433,11.733704608217302,3.6214605067064083,0.0,0.0,0.13412816691505217,0.7777777777777778,0.9388971684053651,4.560357675111773,0,0.0,0.0,0.13412816691505217,50,0.26825633383010433,0.6706408345752608,0.6706408345752608,0,74.074074074074,0.9388971684053651,0.26825633383010433,6.76408345752608,56.521739130435,3.0849478390461997,0.04787996484885539,0.05949528965478142,93.790149892934,4.292101341281669,62.637853949329354,4.157973174366617,0.13412816691505217,0.8047690014903129,0.3333333333333333,0.26825633383010433,0.0,0.8047690014903129,7.1087928464977646,2.011922503725782,75.1117734724292,0.013824285642311931,0.6511755900571314,0.6725742935512531
Yann Bisseck,Serie A,Inter,DC,23,1922,21.355555555555554,65,0.37460978147762747,13.117808630632329,3.2778355879292405,0.0,0.1404786680541103,0.37460978147762747,0.4642857142857143,0.6087408949011447,3.4651404786680544,15.384615384615,0.6087408949011447,0.32778355879292403,0.37460978147762747,66.666666666667,0.5150884495317378,0.7492195629552549,0.9833506763787722,12,56.818181818182,1.0301768990634756,0.42143600416233096,9.190114464099896,45.614035087719,2.669094693028096,0.1325582291225396,0.11323418505489827,92.675404780262,9.739854318418315,60.733610822060356,6.742976066597295,0.09365244536940687,0.9833506763787722,0.48,0.5619146722164412,0.18730489073881373,1.170655567117586,11.050988553590011,1.2643080124869928,77.02913631633716,0.030441885071726175,0.4872332173365708,0.538587897442258
Yann Sommer,Serie A,Inter,GK,33,2961,32.9,50,0.0,,6.382978723404255,0.0,0.0,0.0,0.5357142857142857,1.3677811550151977,0.364741641337386,0,0.0,0.0,0.030395136778115502,0,0.0,0.0911854103343465,0.0,0,75,0.0,0.0,0.8231003039513678,47.008547008547,10.668693009118542,0.0,0,81.870229007634,0.45592705167173253,31.85410334346505,5.866261398176292,0.0,0.0,0,0.0,0.0,0.0,0.030395136778115502,0.0,38.44984802431611,0.0,0.23825749845490268,0.23825749845490268
Andrea Cambiaso,Serie A,Juventus,DML,36,2794,31.044444444444444,36,1.80386542591267,24.255922749917477,5.41159627773801,0.3865425912670007,0.06442376521116679,0.09663564781675017,0.5411764705882353,1.481746599856836,0.6442376521116678,26.016260162602,3.9620615604867573,0.7086614173228346,0.6442376521116678,33.333333333333,0.8697208303507517,0.6764495347172512,0.9341445955619184,11.538461538462,51.412429378531,0.6442376521116678,1.80386542591267,10.323908375089477,63.218390804598,2.8024337866857554,0.09325450333601974,0.1113474710772817,88.025889967638,13.367931281317109,49.76735862562634,12.208303507516106,0.4509663564781675,0.4509663564781675,0.5,0.41875447387258413,0.3865425912670007,0.8375089477451683,15.977093772369363,1.964924838940587,70.64065855404438,0.22058972692865086,0.43127023565943595,0.612357848029885
Arkadiusz Milik,Serie A,Juventus,FW,2,34,0.37777777777777777,0,0.0,29.30568886142608,2.6470588235294117,0.0,2.6470588235294117,0.0,0,0.0,0.0,0,0.0,0.0,0.0,25,10.588235294117647,0.0,2.6470588235294117,0,20,0.0,0.0,11.647058823529413,0,0.0,0.680126921438119,0.12846841849386692,81.818181818182,15.882352941176471,29.11764705882353,15.882352941176471,0.0,2.6470588235294117,1.0,5.294117647058823,2.6470588235294117,5.294117647058823,15.882352941176471,0.0,50.294117647058826,0.0,0.13034841100520947,0.1544593893648947
Bremer,Serie A,Juventus,DC,26,2175,24.166666666666668,57.894736842105,0.3310344827586207,11.950280251727202,4.634482758620689,0.0,0.041379310344827586,0.12413793103448276,0.40350877192982454,0.9517241379310344,3.889655172413793,0,0.041379310344827586,0.20689655172413793,0.16551724137931034,14.285714285714,0.28965517241379307,0.41379310344827586,0.8689655172413793,17.391304347826,52,1.3241379310344827,0.3310344827586207,8.506344827586206,51.5625,5.296551724137931,0.11223148278378206,0.1179243840844087,89.505247376312,5.213793103448276,55.199999999999996,7.0344827586206895,0.08275862068965517,0.8275862068965517,0.391304347826087,0.37241379310344824,0.12413793103448276,0.9517241379310344,7.241379310344827,1.1586206896551723,67.28275862068965,0.01699487918923641,0.3515127336542154,0.3631548125168373
Dusan Vlahovic,Serie A,Juventus,FW,19,976,10.844444444444445,46.296296296296,1.1065573770491803,14.634766939010575,0.7377049180327868,0.09221311475409835,0.7377049180327868,1.014344262295082,0.6666666666666666,0.5532786885245902,0.3688524590163934,50,0.3688524590163934,1.7520491803278688,0.0,42.857142857143,0.5532786885245902,1.6598360655737705,0.8299180327868853,14.285714285714,43.636363636364,0.1844262295081967,1.1065573770491803,7.843647540983606,62.5,0.7377049180327868,0.6248666368974525,0.13829248018410742,69.714285714286,5.256147540983607,16.137295081967213,10.881147540983607,0.2766393442622951,3.5040983606557377,0.3673469387755102,1.6598360655737705,1.014344262295082,4.518442622950819,13.370901639344261,0.2766393442622951,32.27459016393443,0.11500259365153605,0.1453377484519523,0.7410658466759458
Edon Zhegrova,Serie A,Juventus,AMR,19,387,4.3,50,2.3255813953488373,22.670744517488544,4.651162790697675,0.46511627906976744,0.0,1.8604651162790697,0.5,1.3953488372093024,0.23255813953488372,22.448979591837,11.395348837209303,2.558139534883721,0.23255813953488372,47.727272727273,10.0,1.3953488372093024,0.9302325581395349,0,45.714285714286,0.0,2.3255813953488373,10.637209302325582,72.727272727273,2.558139534883721,0.1770273054581742,0.04006407439316574,82.532751091703,27.209302325581397,53.25581395348837,30.46511627906977,1.1627906976744187,1.627906976744186,0.47368421052631576,2.0930232558139537,2.7906976744186047,4.4186046511627906,16.976744186046513,1.1627906976744187,93.95348837209303,0.2386119532897029,0.31006382648334946,0.5184812150722327
Fabio Miretti,Serie A,Juventus,MC,23,631,7.011111111111111,30,1.5689381933438986,21.087437196034124,5.990491283676704,0.28526148969889065,0.14263074484944532,0.8557844690966719,0.5517241379310345,2.282091917591125,0.8557844690966719,25,2.282091917591125,1.8541996830427891,0.8557844690966719,36.842105263158,2.5673534072900157,0.9984152139461173,2.13946117274168,5.5555555555556,43.421052631579,0.42789223454833597,1.7115689381933439,13.016481774960381,48.148148148148,3.851030110935024,0.23220251501787295,0.09044431294831964,85.751978891821,18.54199683042789,54.05705229793978,15.404120443740096,1.8541996830427891,1.2836767036450079,0.2777777777777778,0.7131537242472267,1.2836767036450079,2.5673534072900157,16.83042789223455,2.709984152139461,76.73534072900159,0.17817613082788825,0.38105161556540124,0.7295282588011206
Federico Gatti,Serie A,Juventus,DC,21,1100,12.222222222222221,62.790697674419,0.24545454545454548,12.502296716610743,3.7636363636363637,0.0,0.16363636363636364,0.24545454545454548,0.42857142857142855,0.7363636363636364,5.154545454545455,0,0.16363636363636364,0.08181818181818182,0.24545454545454548,100,0.08181818181818182,0.49090909090909096,1.390909090909091,14.285714285714,48.717948717949,1.0636363636363637,0.24545454545454548,7.866818181818183,53.448275862069,4.745454545454546,0.16061581666158006,0.1402201574029667,90.697674418605,5.6454545454545455,52.77272727272727,5.8090909090909095,0.16363636363636364,1.0636363636363637,0.42857142857142855,0.49090909090909096,0.08181818181818182,1.1454545454545455,9.163636363636364,0.9818181818181819,65.86363636363637,0.01695222436365756,0.16901943871582098,0.19800483711402525
Filip Kostic,Serie A,Juventus,ML,18,490,5.444444444444445,50,1.836734693877551,23.80469057538169,5.326530612244897,0.18367346938775508,0.0,0.5510204081632653,0.42857142857142855,1.1020408163265305,2.020408163265306,22.448979591837,9.0,1.1020408163265305,0.7346938775510203,50,1.4693877551020407,0.9183673469387755,1.4693877551020407,33.333333333333,54.166666666667,0.7346938775510203,1.836734693877551,10.946938775510205,50,3.3061224489795915,0.12385651587071467,0.07492554663783974,82.96943231441,8.816326530612244,42.06122448979592,18.36734693877551,0.18367346938775508,0.18367346938775508,0.4444444444444444,0.7346938775510203,1.4693877551020407,1.6530612244897958,20.020408163265305,3.1224489795918364,73.65306122448979,0.12551755351679666,0.43908169242192285,0.6218749203396087
Francisco Conceição,Serie A,Juventus,AMC,31,2098,23.31111111111111,12.5,1.801715919923737,16.644739778200474,4.204003813155386,0.25738798856053385,0.4718779790276454,1.2011439466158247,0.5348837209302325,0.9866539561487131,0.17159199237368924,25,3.9466158245948524,1.1582459485224024,0.686367969494757,52.941176470588,4.375595805529075,1.7159199237368923,1.372735938989514,4.1095890410959,51.612903225806,0.30028598665395617,1.801715919923737,10.21787416587226,54.545454545455,1.4156339370829363,0.36410752284359205,0.11627056056710139,87.279151943463,14.285033365109628,36.42040038131554,13.469971401334606,1.244041944709247,2.530981887511916,0.3150684931506849,0.9866539561487131,0.6005719733079123,3.1315538608198286,17.24499523355577,1.4585319351763586,58.81315538608199,0.1786017680879828,0.4088161262844266,0.8039153114563162
Jeremie Boga,Serie A,Juventus,AML,15,684,7.6,27.272727272727,1.973684210526316,16.95965269490774,1.842105263157895,0.2631578947368421,0.39473684210526316,0.7894736842105263,0.5384615384615384,0.9210526315789475,0.5263157894736842,33.333333333333,3.947368421052632,1.0526315789473684,0.5263157894736842,52.380952380952,5.526315789473684,0.9210526315789475,0.39473684210526316,16.666666666667,51.428571428571,0.2631578947368421,1.973684210526316,10.888157894736842,0,0.13157894736842105,0.29504483112281094,0.09343086318889011,82.629107981221,10.789473684210527,28.026315789473685,13.289473684210527,0.2631578947368421,2.5,0.5,1.5789473684210527,0.6578947368421053,3.1578947368421053,18.947368421052634,0.9210526315789475,49.3421052631579,0.21703524747863412,0.17195595808229164,0.6227218414852886
Jonathan Christian David,Serie A,Juventus,FW,35,1795,19.944444444444443,26.984126984127,1.6545961002785516,12.510749960719151,3.05849582172702,0.2506963788300836,0.6518105849582173,0.5515320334261838,0.6153846153846154,0.40111420612813375,0.2506963788300836,0,0.350974930362117,1.1532033426183845,0.5013927576601672,24,1.253481894150418,1.3036211699164346,1.5041782729805016,14.634146341463,37.692307692308,0.2506963788300836,1.6545961002785516,11.143955431754875,50,0.5013927576601672,0.5366416502443031,0.2610492580456705,78.81679389313,9.225626740947076,26.27298050139276,12.183844011142062,0.7520891364902508,1.8551532033426186,0.3902439024390244,0.8022284122562675,0.20055710306406688,2.0557103064066853,21.309192200557106,0.8523676880222842,41.013927576601674,0.21220256817789132,0.20685225439291646,0.722153518551281
Juan Cabal,Serie A,Juventus,DL,12,296,3.2888888888888888,36.363636363636,0.6081081081081081,19.851582123784436,6.385135135135135,0.6081081081081081,0.0,0.30405405405405406,0.2,0.30405405405405406,1.8243243243243243,0,1.2162162162162162,1.2162162162162162,1.5202702702702704,100,0.30405405405405406,0.30405405405405406,1.2162162162162162,40,45.833333333333,1.2162162162162162,0.6081081081081081,9.760135135135137,27.272727272727,3.3445945945945947,0.3282789914000377,0.215934625454247,80.597014925373,8.513513513513514,40.74324324324324,13.682432432432433,0.30405405405405406,0.6081081081081081,0.4,0.6081081081081081,0.9121621621621622,1.5202702702702704,17.027027027027028,2.7364864864864864,60.810810810810814,0.1934671834916682,0.36282772292710236,0.458344023618092
Kenan Yildiz,Serie A,Juventus,AMC,36,2838,31.533333333333335,55.172413793103,2.41014799154334,19.37645214317544,3.837209302325581,0.47568710359408034,0.09513742071881606,1.0465116279069766,0.46296296296296297,0.7928118393234672,0.2219873150105708,26.612903225806,3.932346723044397,1.744186046511628,0.4439746300211416,52.348993288591,4.693446088794926,1.7758985200845665,0.7293868921775898,10.309278350515,50.156739811912,0.2219873150105708,2.41014799154334,9.1661733615222,60.78431372549,1.617336152219873,0.22530412523914717,0.07324319672722791,84.137367130008,15.602536997885835,38.784355179704015,16.14164904862579,0.7610993657505285,1.9978858350951374,0.41237113402061853,1.2684989429175475,1.0782241014799154,3.076109936575053,11.923890063424947,0.8245243128964059,61.807610993657505,0.34314141512295154,0.32455586163764205,0.7209503185594687
Kephren Thuram,Serie A,Juventus,MC,35,2453,27.255555555555556,50.684931506849,0.88055442315532,18.931163992304224,4.4027721157765995,0.14675907052588666,0.110069302894415,0.5136567468406034,0.5857142857142857,1.5042804728903383,1.0640032613126784,17.647058823529,0.6237260497350183,0.5503465144720749,0.5136567468406034,62.162162162162,1.3575214023644517,0.44027721157766,1.3942111699959232,6,55.232558139535,0.44027721157766,0.88055442315532,10.087117814920505,56.756756756757,2.7150428047289035,0.14908258571592073,0.08126657394692302,86.79495686795,14.419078679168365,55.2914798206278,10.383204239706481,0.47696697920913167,0.88055442315532,0.3,0.5503465144720749,0.9539339584182633,1.8344883815735833,10.60334284549531,2.2013860578882998,68.79331430900938,0.09734289754824496,0.31284423560189606,0.46869180551352324
Lloyd Kelly,Serie A,Juventus,DC,35,2998,33.31111111111111,62.937062937063,0.33022014676450967,15.85811932513363,5.0433622414943295,0.09006004002668445,0.0,0.1801200800533689,0.39316239316239315,1.380920613742495,3.482321547698466,0,0.3602401601067378,0.2701801200800534,0.21014009339559708,78.260869565217,0.6904603068712475,0.600400266844563,1.2908605737158105,5.8823529411765,57.638888888889,0.42028018679119417,0.33022014676450967,8.548198799199467,54.273504273504,7.024683122081388,0.029027198691087577,0.056878131814301014,88.932611903591,6.754503002001335,61.03068712474983,8.555703802535024,0.3602401601067378,0.3602401601067378,0.17647058823529413,0.09006004002668445,0.15010006671114076,0.5103402268178786,9.93662441627752,1.4409606404269513,73.51901267511674,0.0318755103825648,0.3687779041624729,0.3857176499522035
Loïs Openda,Serie A,Juventus,FW,24,675,7.5,28.571428571429,1.0666666666666667,15.714985371091569,1.6,0.13333333333333333,0.6666666666666666,0.9333333333333333,0.25,0.13333333333333333,0.4,14.285714285714,0.9333333333333333,0.8,0.13333333333333333,36.363636363636,1.4666666666666666,2.8,1.0666666666666667,3.8461538461538,58.823529411765,0.13333333333333333,1.0666666666666667,9.609333333333332,50,0.5333333333333333,0.020672698318958283,0.005963278361237966,72.847682119205,6.8,20.133333333333333,11.066666666666666,0.26666666666666666,2.6666666666666665,0.23076923076923078,0.8,0.8,3.466666666666667,20.933333333333334,0.8,36.8,0.0069212848941485085,0.07744017740090688,0.07744017740090688
Manuel Locatelli,Serie A,Juventus,MC,36,3004,33.37777777777778,55.223880597015,1.4081225033288947,22.726992676595952,5.392809587217044,0.14980026631158455,0.029960053262316908,0.4194407456724367,0.5642857142857143,4.733688415446071,2.247003994673768,26.315789473684,0.5692410119840212,0.47936085219707053,0.7190412782956058,55.555555555556,0.5093209054593875,1.318242343541944,1.64780292942743,2.1739130434783,60.956175298805,1.1684420772303594,1.4081225033288947,10.539647137150466,59.501557632399,9.617177097203728,0.04955935027492486,0.035960456093206354,88.163992869875,23.039280958721704,84.03794940079892,12.073901464713714,0.5392809587217043,0.2996005326231691,0.2608695652173913,0.3595206391478029,1.0785619174434087,1.378162450066578,6.381491344873502,3.0559254327563248,99.58721704394141,0.1146491114874823,0.5550692646085879,0.6531862796255735
Mattia Perin,Serie A,Juventus,GK,9,765,8.5,100,0.11764705882352941,0,6.470588235294118,0.0,0.0,0.0,0.6666666666666666,1.1764705882352942,0.47058823529411764,0,0.0,0.0,0.0,0,0.0,0.23529411764705882,0.0,0,100,0.0,0.11764705882352941,0.6341176470588235,52.941176470588,6.0,0.0,0,85.093167701863,0.35294117647058826,18.941176470588236,2.823529411764706,0.0,0.0,0,0.0,0.0,0.0,0.0,0.0,25.647058823529413,0.009618815253762639,0.37882591762086926,0.3884447328746319
Michele Di Gregorio,Serie A,Juventus,GK,30,2655,29.5,100,0.0,0,6.237288135593221,0.0,0.0,0.0,0.5901639344262295,1.2203389830508475,0.3728813559322034,0,0.0,0.0,0.0,100,0.03389830508474576,0.1694915254237288,0.0,0,100,0.0,0.0,0.9494915254237288,40.449438202247,9.05084745762712,0.0,0,75.862068965517,0.3050847457627119,22.610169491525422,5.627118644067797,0.0,0.0,0,0.0,0.0,0.0,0.06779661016949153,0.0,30.54237288135593,0.0,0.11809928961477037,0.11809928961477037
Nicolás González,Serie A,Juventus,AMR,2,24,0.26666666666666666,100,3.75,14.713947442598146,0.0,0.0,0.0,3.75,0,0.0,3.75,0,0.0,0.0,0.0,0,0.0,11.25,0.0,0,100,0.0,3.75,11.700000000000001,0,0.0,0.3067182074300945,0.040895760990679264,40,3.75,18.75,18.75,0.0,3.75,0.0,0.0,3.75,7.5,26.25,0.0,71.25,0.1422054274007678,0.0,0.22590067237615585
Pierre Kalulu Kyatengwa,Serie A,Juventus,DC,37,3282,36.46666666666667,46.666666666667,1.1791590493601463,14.915798450821319,4.3327239488117,0.3016453382084095,0.027422303473491772,0.10968921389396709,0.4117647058823529,1.3436928702010968,1.70018281535649,23.404255319149,2.5776965265082263,0.2742230347349177,0.24680073126142596,31.818181818182,0.5758683729433272,0.43875685557586835,0.9323583180987203,15.384615384615,56.756756756757,0.6581352833638026,1.1791590493601463,9.532815356489944,53.146853146853,3.921389396709323,0.03971529820630875,0.1114065031735943,88.848429676832,13.025594149908592,60.24680073126142,10.310786106032905,0.16453382084095064,0.2742230347349177,0.3076923076923077,0.10968921389396709,0.08226691042047532,0.35648994515539306,14.369287020109688,1.70018281535649,75.52102376599635,0.1518439788752707,0.4078567094957861,0.5020773818910503
Teun Koopmeiners,Serie A,Juventus,AMC,33,1829,20.322222222222223,58.181818181818,0.8365226899945325,21.036050188155354,3.8381629305631493,0.0,0.09841443411700382,0.590486604702023,0.4406779661016949,1.2793876435210496,1.9190814652815746,25.531914893617,2.31273920174959,0.14762165117550574,0.8365226899945325,55.555555555556,0.3936577364680153,0.541279387643521,1.6238381629305632,0,46.601941747573,0.8857299070530344,0.8365226899945325,9.858665937670859,56.944444444444,3.542919628212138,0.08832525495519203,0.06410590925120882,90.697674418605,12.64625478403499,57.12957900492072,8.75888463641334,0.2952433023510115,0.6396938217605248,0.25,0.3444505194095134,0.7381082558775287,1.3778020776380535,10.333515582285402,1.6238381629305632,72.0885729907053,0.03610492756762356,0.33288154993440494,0.39767899525546846
Vasilije Adzic,Serie A,Juventus,MC,10,193,2.1444444444444444,12.5,1.8652849740932642,25.496158489474613,6.994818652849741,0.0,0.0,0.46632124352331605,0.25,0.46632124352331605,1.3989637305699483,0,2.3316062176165806,0.9326424870466321,0.9326424870466321,14.285714285714,3.2642487046632125,0.9326424870466321,1.3989637305699483,16.666666666667,35,0.9326424870466321,1.8652849740932642,7.521761658031088,66.666666666667,2.7979274611398965,0.10585340873912517,0.03783279238268733,86,14.455958549222798,46.63212435233161,13.989637305699482,1.3989637305699483,0.46632124352331605,0.6666666666666666,1.8652849740932642,2.3316062176165806,2.7979274611398965,12.590673575129534,1.8652849740932642,68.54922279792747,0.08500182682677254,0.17473531573277373,0.22304723714840227
Weston McKennie,Serie A,Juventus,MC,36,2841,31.566666666666666,54.761904761905,1.5205913410770855,11.078847383903238,3.357972544878564,0.1900739176346357,0.3484688489968321,0.22175290390707497,0.5925925925925926,1.5205913410770855,1.5522703273495249,17.142857142857,1.1087645195353748,0.5068637803590285,0.3484688489968321,51.515151515152,1.013727560718057,0.3484688489968321,1.3938753959873285,11.627906976744,44.444444444444,0.791974656810982,1.5205913410770855,10.744561774023232,67.307692307692,1.6473072861668427,0.2738321628205187,0.20102252572948157,83.150800336984,13.27349524815206,37.60295670538543,11.277719112988384,0.4118268215417107,1.235480464625132,0.37209302325581395,0.5068637803590285,0.12671594508975711,1.362196409714889,15.205913410770856,1.2671594508975712,55.24815205913411,0.17081260384151903,0.3848755384432476,0.6713230248615382
Adam Marusic,Serie A,Lazio,DR,33,2783,30.92222222222222,47.692307692308,0.2910528206970895,18.759503903031344,2.8458498023715415,0.09701760689902983,0.09701760689902983,0.09701760689902983,0.296875,0.6144448436938555,2.1020481494789798,14.705882352941,1.0995328781890048,0.2910528206970895,0.2910528206970895,30,0.6467840459935322,0.582105641394179,0.7114624505928854,6.25,53.211009174312,1.0671936758893281,0.2910528206970895,9.493496227093065,48.235294117647,2.7488321954725117,0.05637244427154337,0.10894757806090638,87.027379400261,8.0201221703198,49.60833632770392,9.507725476104923,0.06467840459935321,0.2910528206970895,0.4375,0.22637441609773626,0.22637441609773626,0.5174272367948257,14.520301832554798,1.1318720804886813,67.94466403162056,0.04965889134099276,0.17854318895487317,0.24373517902464242
Adrian Przyborek,Serie A,Lazio,Non,1,8,0.08888888888888889,0,0.0,30.523592016995746,11.25,0.0,0.0,0.0,0,0.0,0.0,0,0.0,0.0,0.0,0,0.0,0.0,0.0,0,0,0.0,0.0,16.0875,0,0.0,0.22076631663367152,0.01962367258965969,87.5,0.0,90.0,11.25,0.0,0.0,0.0,0.0,11.25,11.25,0.0,0.0,101.25,0.0,0.0,0.22076631663367152
Alessio Furlanetto,Serie A,Lazio,GK,2,180,2.0,0,0.0,0,7.5,0.0,0.0,0.0,0.75,1.5,0.0,0,0.0,0.0,0.0,0,0.0,0.0,0.0,0,0,0.0,0.0,0.0,53.846153846154,6.5,0.0,0,82.222222222222,0.5,22.5,4.0,0.0,0.0,0,0.0,0.0,0.0,0.0,0.0,32.0,0.0,0.030741200782358646,0.030741200782358646
Alessio Romagnoli,Serie A,Lazio,DC,32,2667,29.633333333333333,61.320754716981,0.10123734533183353,9.40570949520499,3.4420697412823396,0.0,0.06749156355455568,0.0,0.7068965517241379,1.3835770528683915,4.521934758155231,0,0.06749156355455568,0.03374578177727784,0.3374578177727784,100,0.03374578177727784,0.5061867266591676,0.6074240719910011,0,57.142857142857,1.079865016872891,0.10123734533183353,9.157255343082115,54.761904761905,4.251968503937008,0.05180261639461206,0.17056491101781526,93.253373313343,3.9820022497187852,67.52530933633295,4.960629921259843,0.03374578177727784,0.30371203599550056,0.4444444444444444,0.13498312710911137,0.0,0.30371203599550056,8.368953880764904,0.7761529808773904,77.48031496062993,0.002399609708075314,0.1940400838323935,0.19664438464443112
Boulaye Dia,Serie A,Lazio,FW,27,1256,13.955555555555556,27.450980392157,1.0748407643312101,14.11284030084721,1.7197452229299364,0.21496815286624205,0.21496815286624205,0.28662420382165604,0.7142857142857143,0.35828025477707004,1.2181528662420382,0,0.0,1.7914012738853502,0.28662420382165604,55.555555555556,0.5732484076433121,1.003184713375796,1.3614649681528663,8.3333333333333,39.506172839506,0.21496815286624205,1.0748407643312101,9.8828025477707,66.666666666667,0.6449044585987261,0.19334011109083132,0.2248473884537816,83.076923076923,5.159235668789809,23.288216560509554,8.670382165605096,0.14331210191082802,0.7165605095541401,0.5833333333333334,0.501592356687898,0.14331210191082802,0.8598726114649682,18.128980891719745,0.9315286624203821,34.46656050955414,0.12268904712240977,0.18329301672530876,0.3835527061419502
Danilo Cataldi,Serie A,Lazio,MC,27,1992,22.133333333333333,63.636363636364,1.0391566265060241,23.912318463008656,4.789156626506024,0.09036144578313253,0.0,0.2710843373493976,0.41025641025641024,1.4457831325301205,2.033132530120482,25,2.1686746987951806,0.18072289156626506,0.5421686746987951,40,0.677710843373494,0.5421686746987951,0.9939759036144579,11.538461538462,52.631578947368,0.9487951807228916,1.0391566265060241,11.086897590361446,47.916666666667,4.337349397590361,0.05374122157143092,0.04574893733773094,85.154826958106,7.771084337349397,49.60843373493976,10.256024096385543,0.2710843373493976,0.2710843373493976,0.2692307692307692,0.31626506024096385,0.9036144578313253,1.1746987951807228,9.93975903614458,1.536144578313253,61.98795180722892,0.09268490336723177,0.21637708452216026,0.2737891231383006
Edoardo Motta,Serie A,Lazio,GK,9,810,9.0,66.666666666667,0.1111111111111111,0,5.444444444444445,0.0,0.0,0.0,0.4642857142857143,1.4444444444444444,0.8888888888888888,0,0.0,0.0,0.0,0,0.0,0.1111111111111111,0.1111111111111111,0,0,0.0,0.1111111111111111,1.9244444444444444,37.142857142857,11.666666666666666,0.0,0,71.308016877637,0.2222222222222222,26.333333333333332,7.666666666666667,0.0,0.0,0,0.0,0.0,0.0,0.0,0.0,34.888888888888886,0.005116692847675747,0.18243490532040596,0.18243490532040596
Elseid Hysaj,Serie A,Lazio,DR,5,170,1.8888888888888888,66.666666666667,0.0,,1.5882352941176472,0.0,0.0,0.0,0.375,1.5882352941176472,3.7058823529411766,50,1.0588235294117647,0.0,0.5294117647058824,0,0.0,0.5294117647058824,0.0,0,60,1.0588235294117647,0.0,10.381764705882352,33.333333333333,4.764705882352941,0.0,0,77.027027027027,6.352941176470589,39.1764705882353,11.117647058823529,0.5294117647058824,0.0,0,0.0,0.0,0.0,18.0,1.0588235294117647,59.294117647058826,0.0,0.006920880254577188,0.006920880254577188
Fisayo Dele-Bashiru,Serie A,Lazio,MC,24,1185,13.166666666666666,28.571428571429,0.8354430379746836,18.659660891304565,3.3417721518987342,0.0759493670886076,0.0,0.0759493670886076,1.0,0.2278481012658228,0.759493670886076,20,0.759493670886076,1.139240506329114,0.2278481012658228,38.461538461538,0.9873417721518988,0.2278481012658228,0.6075949367088608,11.111111111111,45,0.2278481012658228,0.8354430379746836,10.880506329113924,42.857142857143,0.5316455696202532,0.044443775298474715,0.06501959719591671,92.204899777283,8.88607594936709,34.10126582278481,6.6835443037974684,0.3037974683544304,0.4556962025316456,0.2222222222222222,0.1518987341772152,0.2278481012658228,0.6835443037974683,20.88607594936709,1.4430379746835444,44.810126582278485,0.08507074877808365,0.4309590193384056,0.5006735945426966
Gustav Isaksen,Serie A,Lazio,FWR,30,1598,17.755555555555556,40.740740740741,0.9574468085106382,17.540086317762903,3.4918648310387983,0.0,0.4505632040050062,0.7884856070087609,0.5925925925925926,0.9011264080100124,0.3379224030037547,28.125,1.8022528160200249,1.4643304130162702,0.5632040050062578,38.028169014085,3.9424280350438043,3.2102628285356696,1.013767209011264,10.416666666667,50.510204081633,0.39424280350438046,0.9574468085106382,10.871526908635794,55.555555555556,1.5206508135168961,0.3046078785428677,0.11267671062766264,80.739299610895,7.209011264080099,28.94868585732165,13.573216520650814,0.7321652065081351,1.8022528160200249,0.3958333333333333,1.0700876095118899,0.9011264080100124,2.7033792240300376,25.963704630788484,0.9011264080100124,49.67459324155194,0.04969452775884256,0.143286020119671,0.44030424227847137
Ivan Provedel,Serie A,Lazio,GK,27,2430,27.0,90.909090909091,0.037037037037037035,,6.444444444444445,0.037037037037037035,0.0,0.0,0.5454545454545454,1.5555555555555556,0.8518518518518519,0,0.0,0.0,0.037037037037037035,100,0.037037037037037035,0.07407407407407407,0.0,0,66.666666666667,0.0,0.037037037037037035,1.8555555555555556,45.287958115183,14.148148148148149,0.0,0,75.290023201856,0.7037037037037037,31.925925925925927,8.0,0.0,0.0,0,0.0,0.0,0.0,0.037037037037037035,0.0,40.77777777777778,0.008419703554224086,0.09490906436824137,0.10332876792246545
Kenneth Taylor,Serie A,Lazio,MC,17,1400,15.555555555555555,45.454545454545,0.8357142857142857,17.39444274752401,2.892857142857143,0.0642857142857143,0.0642857142857143,0.32142857142857145,0.38235294117647056,0.8357142857142857,0.6428571428571429,11.111111111111,0.5785714285714286,0.6428571428571429,1.2214285714285715,42.105263157895,1.1571428571428573,0.8357142857142857,1.092857142857143,18.75,42.424242424242,0.6428571428571429,0.8357142857142857,11.084142857142856,40,1.2857142857142858,0.134320394428713,0.13058927236124873,88.707280832095,12.085714285714285,43.26428571428571,7.7785714285714285,0.19285714285714287,0.7071428571428572,0.375,0.38571428571428573,0.32142857142857145,1.0285714285714287,10.928571428571429,1.35,55.41428571428572,0.06966172490668084,0.1698635981019054,0.2922975026071072
Luca Pellegrini,Serie A,Lazio,DL,24,1476,16.4,38.095238095238,0.9756097560975611,18.824681301294024,3.658536585365854,0.12195121951219513,0.06097560975609757,0.0,0.3684210526315789,1.707317073170732,1.5853658536585367,25.490196078431,3.1097560975609757,0.6707317073170732,0.7317073170731708,41.666666666667,1.402439024390244,0.7317073170731708,1.5853658536585367,14.285714285714,43.636363636364,1.0365853658536586,0.9756097560975611,8.595731707317073,40.845070422535,4.329268292682928,0.0392731796473083,0.092011449459408,80.123456790123,8.475609756097562,49.39024390243903,15.365853658536587,0.06097560975609757,0.30487804878048785,0.7142857142857143,0.30487804878048785,0.12195121951219513,0.426829268292683,15.000000000000002,1.6463414634146343,73.29268292682927,0.05068529794764955,0.228760110259783,0.27011420873061914
Manuel Lazzari,Serie A,Lazio,DMR,23,957,10.633333333333333,20,0.18808777429467086,27.812590408889825,3.573667711598746,0.0,0.0,0.09404388714733543,0.2857142857142857,0.3761755485893417,2.2570532915360504,18.75,1.5047021943573669,0.658307210031348,0.2821316614420063,45.454545454545,2.0689655172413794,1.786833855799373,0.9404388714733543,0,56.164383561644,0.5642633228840126,0.18808777429467086,9.999686520376176,56.25,1.5047021943573669,0.010281428548749711,0.027331464225426316,85.642317380353,7.523510971786834,37.33542319749216,11.09717868338558,0.09404388714733543,0.09404388714733543,0.5,0.18808777429467086,0.2821316614420063,0.3761755485893417,24.07523510971787,1.2225705329153607,60.28213166144201,0.012029734495618501,0.16296692487424633,0.18413228087921316
Mario Gila,Serie A,Lazio,DC,31,2481,27.566666666666666,64.444444444444,0.18137847642079807,11.180382962447835,4.860943168077388,0.036275695284159616,0.14510278113663846,0.10882708585247884,0.5588235294117647,2.0677146311970978,3.9903264812575574,100,0.036275695284159616,0.29020556227327693,0.39903264812575573,85.714285714286,0.21765417170495768,0.9068923821039904,0.6892382103990327,0,67.256637168142,0.9068923821039904,0.18137847642079807,9.333736396614269,66.831683168317,7.327690447400242,0.058963158581194164,0.13545147818513215,90.659340659341,4.969770253929867,66.0217654171705,6.964933494558646,0.036275695284159616,0.39903264812575573,0.25,0.10882708585247884,0.036275695284159616,0.43530834340991537,15.344619105199516,1.6686819830713422,77.99274486094316,0.026056450693682287,0.2051457829386032,0.2262227662457232
Matteo Cancellieri,Serie A,Lazio,FWR,30,1738,19.31111111111111,48.571428571429,0.9321058688147297,16.91054279721903,2.951668584579977,0.15535097813578827,0.3624856156501726,0.4142692750287687,0.36363636363636365,0.20713463751438435,1.3463751438434983,23.809523809524,1.087456846950518,1.4499424626006905,1.2428078250863062,34.146341463415,2.0713463751438437,3.469505178365938,2.0195627157652476,9.7560975609756,51.489361702128,1.2428078250863062,0.9321058688147297,10.115420023014961,36.363636363636,1.139240506329114,0.270188012823754,0.12725928625682506,76.805251641138,5.43728423475259,23.665132336018413,11.858457997698505,0.31070195627157654,1.3981588032220944,0.4146341463414634,0.8803222094361335,0.7249712313003452,2.1231300345224398,24.338319907940164,2.174913693901036,45.466052934407365,0.09961138937035008,0.09441101227504373,0.4479461864828721
Matteo Guendouzi,Serie A,Lazio,MC,16,1430,15.88888888888889,54.545454545455,0.9440559440559441,20.476075136926745,3.902097902097902,0.06293706293706293,0.06293706293706293,0.12587412587412586,0.5,1.1958041958041958,0.8811188811188811,35,1.2587412587412588,0.3776223776223776,0.6923076923076923,47.058823529412,1.0069930069930069,1.3216783216783217,1.06993006993007,12.5,50,0.6923076923076923,0.9440559440559441,10.1593006993007,66.071428571429,3.5244755244755246,0.07697516387341531,0.07644061412429437,87.619047619048,12.146853146853147,46.25874125874126,8.622377622377622,0.4405594405594406,0.4405594405594406,0.5,0.5034965034965034,0.5664335664335665,1.0069930069930069,13.657342657342657,0.8811188811188811,57.33566433566433,0.0643043969399654,0.29554994608164875,0.3578562748494682
Mattia Zaccagni,Serie A,Lazio,FWL,26,2114,23.488888888888887,41.666666666667,1.490066225165563,14.950157165919862,4.172185430463577,0.17029328287606435,0.3405865657521287,0.2980132450331126,0.55,1.4049195837275308,0.4257332071901609,18.518518518519,2.298959318826869,1.1494796594134344,0.8940397350993378,38.333333333333,2.5543992431409652,3.491012298959319,1.2771996215704826,8.8235294117647,55.46875,0.8088930936613057,1.490066225165563,9.403169347209083,56.410256410256,1.6603595080416274,0.23937037483372267,0.16536894522826462,82.535575679172,9.280983916745507,32.909176915799435,13.495742667928099,0.510879848628193,1.2346263008514664,0.4117647058823529,0.5960264900662252,0.21286660359508044,1.447492904446547,19.11542100283822,1.5752128666035952,53.55723746452224,0.11874530316386003,0.17703548551765302,0.4009916389479092
Matías Vecino,Serie A,Lazio,MC,13,605,6.722222222222222,46.428571428571,0.4462809917355372,22.193274574960103,4.760330578512397,0.1487603305785124,0.0,0.4462809917355372,0.5625,1.3388429752066116,2.5289256198347108,0,0.0,0.4462809917355372,0.5950413223140496,0,0.0,0.4462809917355372,1.1900826446280992,0,41.379310344828,1.0413223140495869,0.4462809917355372,11.714876033057852,40,2.231404958677686,0.00628658753534979,0.006037119776010513,88.617886178862,9.37190082644628,54.892561983471076,8.62809917355372,0.1487603305785124,0.2975206611570248,0.0,0.0,0.743801652892562,1.0413223140495869,13.239669421487603,1.487603305785124,67.38842975206612,0.0,0.1423338874558772,0.14519899652516546
Nicolo Rovella,Serie A,Lazio,MC,11,513,5.7,75,2.280701754385965,28.033871940154505,6.315789473684211,0.3508771929824561,0.0,0.0,0.4827586206896552,2.456140350877193,1.5789473684210527,36.363636363636,1.9298245614035088,0.7017543859649122,0.8771929824561403,66.666666666667,1.4035087719298245,2.1052631578947367,1.2280701754385965,0,61.702127659574,1.5789473684210527,2.280701754385965,11.454385964912282,65.384615384615,4.56140350877193,0.0030030917964483563,0.01711762323975563,92.682926829268,14.912280701754385,86.3157894736842,10.526315789473683,0.0,0.0,0.0,0.0,0.17543859649122806,0.17543859649122806,9.473684210526315,1.9298245614035088,103.1578947368421,0.2573521453233664,0.24365091091838845,0.2822313256757824
Nuno Tavares,Serie A,Lazio,DL,23,1493,16.58888888888889,55,1.2056262558606832,23.269709940663855,4.822505023442733,0.06028131279303416,0.06028131279303416,0.36168787675820496,0.5918367346938775,1.7481580709979907,1.868720696584059,21.212121212121,5.967849966510382,0.6630944407233758,0.7836570663094441,58.974358974359,2.290689886135298,1.3261888814467515,1.2056262558606832,0,55.970149253731,1.0850636302746148,1.2659075686537173,10.576959142665775,64.150943396226,3.1949095780308103,0.06798243554332714,0.07048456685151905,86.368715083799,12.59879437374414,53.95177494976557,16.878767582049566,0.12056262558606833,0.42196918955123913,0.0625,0.06028131279303416,0.5425318151373074,0.9645010046885466,21.8821165438714,1.8084393837910249,84.695244474213,0.07130999698216933,0.2659326653343695,0.34293968425733046
Oliver Provstgaard,Serie A,Lazio,DC,26,1544,17.155555555555555,58.333333333333,0.23316062176165803,9.794320276486642,3.322538860103627,0.05829015544041451,0.05829015544041451,0.0,0.4782608695652174,0.6411917098445596,4.1386010362694305,50,0.11658031088082901,0.2914507772020726,0.34974093264248707,33.333333333333,0.17487046632124353,0.5246113989637305,0.8160621761658031,0,44.68085106383,0.8743523316062176,0.23316062176165803,9.243069948186529,57.317073170732,4.77979274611399,0.038814469665250324,0.11098063178360462,92.367736339983,6.120466321243524,67.20854922279793,5.770725388601036,0.23316062176165803,0.34974093264248707,0.3333333333333333,0.11658031088082901,0.0,0.34974093264248707,11.716321243523316,0.6994818652849741,77.64248704663213,0.038632877524507864,0.23811393089283625,0.2715311873549779
Patric,Serie A,Lazio,DC,14,682,7.5777777777777775,64.705882352941,0.26392961876832843,19.266889916347402,4.486803519061584,0.13196480938416422,0.0,0.3958944281524927,0.5641025641025641,2.903225806451613,4.222873900293255,0,0.13196480938416422,0.0,0.3958944281524927,100,0.26392961876832843,0.26392961876832843,0.5278592375366569,0,46.153846153846,0.5278592375366569,0.26392961876832843,10.70366568914956,69.565217391304,6.070381231671554,0.029925948959335556,0.045354438200593,91.418563922942,8.577712609970675,75.35190615835778,7.653958944281525,0.26392961876832843,0.13196480938416422,0.0,0.0,0.5278592375366569,0.6598240469208211,10.161290322580646,0.26392961876832843,85.24926686217009,0.04083848954383229,0.26996436229800463,0.2846806550321997
Pedro,Serie A,Lazio,FWR,29,994,11.044444444444444,33.333333333333,1.8108651911468814,21.951159051445522,2.9879275653923543,0.5432595573440644,0.0,0.36217303822937624,0.6451612903225806,1.8108651911468814,0.36217303822937624,23.333333333333,2.716297786720322,1.0865191146881288,0.9959758551307847,52,2.2635814889336014,2.3541247484909458,0.9054325955734407,22.727272727273,52.747252747253,0.36217303822937624,1.8108651911468814,10.396177062374244,66.666666666667,2.716297786720322,0.06619302242042373,0.033230234487828886,86.929460580913,12.22334004024145,43.64185110663984,11.408450704225352,0.7243460764587525,0.9054325955734407,0.5,0.9959758551307847,1.0865191146881288,1.9919517102615694,13.943661971830986,0.9959758551307847,60.2112676056338,0.2540398967289319,0.14816636875481673,0.3344576999590071
Petar Ratkov,Serie A,Lazio,FW,8,228,2.533333333333333,63.636363636364,0.39473684210526316,11.816425608088494,1.973684210526316,0.0,0.7894736842105263,0.7894736842105263,0.75,1.1842105263157896,1.1842105263157896,0,0.0,0.7894736842105263,0.0,0,0.0,1.1842105263157896,0.0,0,66.666666666667,0.39473684210526316,0.39473684210526316,10.91842105263158,0,0.39473684210526316,0.20993286890811041,0.08863832242786884,60,2.763157894736842,17.763157894736842,9.078947368421053,0.7894736842105263,2.368421052631579,0.16666666666666666,0.39473684210526316,0.0,2.368421052631579,21.315789473684212,1.1842105263157896,28.42105263157895,0.0071522948871317665,0.007475934873678183,0.17258738608736743
Reda Belahyane,Serie A,Lazio,MC,13,612,6.8,75,0.8823529411764706,16.31550408994222,4.852941176470589,0.14705882352941177,0.0,0.0,0.375,0.8823529411764706,0.7352941176470589,100,0.14705882352941177,0.8823529411764706,0.4411764705882353,33.333333333333,3.088235294117647,0.4411764705882353,1.6176470588235294,0,40.350877192982,0.4411764705882353,0.8823529411764706,10.704411764705883,68.75,2.3529411764705883,0.030446399879806182,0.06901183972756068,85.76512455516,10.441176470588236,41.32352941176471,10.73529411764706,0.4411764705882353,0.29411764705882354,0.3333333333333333,0.14705882352941177,0.14705882352941177,0.4411764705882353,13.23529411764706,1.911764705882353,54.85294117647059,0.16591886058449745,0.21198281621122186,0.25356716846170674
Tijjani Noslin,Serie A,Lazio,FW,29,1181,13.122222222222222,42,1.2193056731583405,15.706187712805386,2.438611346316681,0.07620660457239628,0.3048264182895851,0.3810330228619814,0.5714285714285714,0.6096528365791702,0.533446232006774,40,0.7620660457239627,1.371718882303133,0.22861981371718884,54.838709677419,2.3624047417442844,1.7527519051651144,1.4479254868755294,11.428571428571,47.474747474747,0.22861981371718884,1.2193056731583405,10.623200677392042,80,1.9051651143099069,0.3291593748243379,0.12340864179922002,81.182795698925,7.696867061812024,28.348856900931416,11.65961049957663,0.3810330228619814,1.9813717188823032,0.37142857142857144,0.9906858594411516,0.6858594411515665,2.66723116003387,18.289585097375106,0.533446232006774,45.800169348010165,0.18194900510184447,0.24209564983857376,0.6588431719728414
Toma Basic,Serie A,Lazio,MC,23,1746,19.4,63.636363636364,1.1340206185567012,23.459617809516562,3.144329896907217,0.2577319587628866,0.0,0.30927835051546393,0.574468085106383,1.3917525773195878,1.2371134020618557,37.5,2.4742268041237114,0.5670103092783506,0.6701030927835052,25,0.2061855670103093,0.9793814432989691,1.0309278350515465,6.6666666666667,47.674418604651,0.5670103092783506,1.1340206185567012,10.681443298969073,60.416666666667,2.4742268041237114,0.06726896351913816,0.04350059640904268,87.428571428571,7.938144329896907,45.10309278350516,8.814432989690722,0.3608247422680413,0.4639175257731959,0.4,0.6185567010309279,1.0824742268041239,1.5463917525773196,13.969072164948455,1.0824742268041239,57.52577319587629,0.12436319349007202,0.24253174667390662,0.3312614813120556
Valentín Castellanos,Serie A,Lazio,FW,11,694,7.711111111111111,50,1.037463976945245,14.858567351955866,1.8155619596541785,0.7780979827089337,0.12968299711815562,0.7780979827089337,0.3333333333333333,0.5187319884726225,0.9077809798270893,0,0.7780979827089337,1.037463976945245,0.38904899135446686,47.058823529412,2.07492795389049,2.3342939481268012,1.1671469740634006,10,55,0.38904899135446686,1.037463976945245,9.180259365994237,62.5,1.037463976945245,0.2673446307608305,0.10307620763778687,68.148148148148,4.14985590778098,17.507204610951007,11.54178674351585,0.648414985590778,1.8155619596541785,0.4,1.037463976945245,0.7780979827089337,2.593659942363112,16.59942363112392,0.9077809798270893,33.06916426512968,0.2884880829634687,0.042459667748865546,0.49585140519574156
Alex Sala,Serie A,Lecce,MC,9,182,2.022222222222222,20,1.4835164835164836,19.44758362580003,0.4945054945054945,0.0,0.4945054945054945,0.4945054945054945,0.3333333333333333,0.4945054945054945,0.989010989010989,33.333333333333,5.934065934065934,1.4835164835164836,2.967032967032967,0,0.0,2.4725274725274726,2.967032967032967,0,36,1.4835164835164836,1.4835164835164836,10.923626373626375,60,2.4725274725274726,0.1863587798120884,0.09421471646055579,86.666666666667,15.32967032967033,37.08791208791209,14.835164835164836,0.0,0.989010989010989,0.5,0.989010989010989,0.989010989010989,1.978021978021978,21.263736263736263,1.978021978021978,59.83516483516484,0.06400688469491818,0.054441686146534406,0.19124699060569753
Antonino Gallo,Serie A,Lecce,DL,37,3058,33.977777777777774,52,1.0595160235448007,19.75017845591568,4.179202092871158,0.17658600392413343,0.05886200130804448,0.02943100065402224,0.35403726708074534,1.6775670372792677,3.6788750817527798,28.358208955224,3.9437540876389803,0.23544800523217793,0.6769130150425116,52,0.735775016350556,0.3826030085022891,0.20601700457815567,0,62.686567164179,0.4414650098103336,1.0595160235448007,9.741955526487901,34.188034188034,6.886854153041204,0.024488675066966146,0.13867845991626382,70.603907637655,7.475474166121649,33.13930673642904,16.716808371484632,0.05886200130804448,0.08829300196206671,0.16666666666666666,0.02943100065402224,0.08829300196206671,0.17658600392413343,24.31000654022237,1.7069980379332899,56.56638325703074,0.11610417047234106,0.10624621393301564,0.15409420663460438
Balthazar Pierret,Serie A,Lecce,DMC,3,32,0.35555555555555557,100,0.0,,5.625,0.0,0.0,0.0,0.0,0.0,8.4375,0,0.0,0.0,0.0,0,0.0,5.625,0.0,0,100,0.0,0.0,10.18125,0,0.0,0.0,0,68.75,5.625,45.0,14.0625,0.0,0.0,0,0.0,0.0,0.0,11.25,5.625,67.5,0.0,0.0,0.0
Corrie Ndaba,Serie A,Lecce,DL,14,552,6.133333333333334,46.666666666667,0.32608695652173914,19.73734695991989,2.7717391304347823,0.0,0.0,0.16304347826086957,0.42857142857142855,0.9782608695652173,6.032608695652174,25,0.6521739130434783,0.16304347826086957,0.48913043478260865,100,0.9782608695652173,0.0,0.32608695652173914,0,68.421052631579,0.6521739130434783,0.32608695652173914,9.603260869565217,41.666666666667,3.913043478260869,0.021094672543847042,0.06469032913446426,83.417085427136,5.5434782608695645,32.44565217391304,7.33695652173913,0.16304347826086957,0.16304347826086957,0.0,0.0,0.16304347826086957,0.32608695652173914,14.18478260869565,1.141304347826087,50.05434782608695,0.00835142250213286,0.09159863319085991,0.09784546609886961
Danilo Veiga,Serie A,Lecce,DR,36,3022,33.577777777777776,49.50495049505,0.6254136333553938,22.35686048449161,3.335539377895434,0.059563203176704174,0.0,0.029781601588352087,0.2717391304347826,0.7445400397088021,4.050297816015884,17.977528089888,2.650562541363336,0.9530112508272668,0.5658504301786896,30.645161290323,1.8166776968894773,1.399735274652548,1.3103904698874917,0,54.515050167224,0.9827928524156189,0.6254136333553938,9.791594970218398,38.028169014085,4.228987425545997,0.007705586126615361,0.04312274310116967,70.658682634731,6.581733951025811,29.84116479152879,17.332892124420916,0.14890800794176043,0.08934480476505625,0.3333333333333333,0.059563203176704174,0.08934480476505625,0.1786896095301125,17.779616148246195,2.8888153540701524,61.64791528788882,0.042651566577561244,0.10911722690937024,0.14398695597786293
Francesco Camarda,Serie A,Lecce,FW,21,693,7.7,30.434782608696,0.5194805194805194,14.56790892259372,2.5974025974025974,0.12987012987012986,0.38961038961038963,0.7792207792207793,0.5,0.5194805194805194,0.2597402597402597,0,0.12987012987012986,0.7792207792207793,0.6493506493506493,33.333333333333,1.1688311688311688,0.5194805194805194,1.5584415584415585,6.25,27.027027027027,0.0,0.5194805194805194,11.096103896103896,60,0.6493506493506493,0.2099564577174651,0.10104154527653009,71.028037383178,3.116883116883117,13.896103896103895,9.220779220779221,0.7792207792207793,1.6883116883116882,0.1875,0.38961038961038963,0.38961038961038963,2.0779220779220777,19.35064935064935,0.38961038961038963,25.844155844155843,0.0761543209483097,0.08305146032339566,0.21591294629426744
Gaby Jean,Serie A,Lecce,DC,7,196,2.1777777777777776,55.555555555556,0.0,,3.6734693877551026,0.0,0.0,0.0,0.2857142857142857,0.9183673469387756,7.346938775510205,0,0.0,0.0,1.3775510204081634,0,0.0,0.9183673469387756,0.4591836734693878,0,50,0.4591836734693878,0.0,10.676020408163266,38.888888888889,8.26530612244898,0.0,0,80.769230769231,2.7551020408163267,47.75510204081633,10.561224489795919,0.0,0.0,0,0.0,0.0,0.0,20.204081632653065,1.3775510204081634,61.530612244897966,0.0,0.006255185545175052,0.006255185545175052
Jamil Siebert,Serie A,Lecce,DC,21,1707,18.966666666666665,54.285714285714,0.15817223198594027,15.192948893661308,1.9507908611599298,0.0,0.0,0.15817223198594027,0.2898550724637681,1.0544815465729351,7.539543057996486,20,0.2636203866432338,0.15817223198594027,0.5272407732864676,66.666666666667,0.2636203866432338,0.3690685413005273,1.1599297012302285,16.666666666667,50.684931506849,0.843585237258348,0.15817223198594027,9.745518453427065,40.909090909091,6.959578207381371,0.025295345390932422,0.07996139737466972,77.20465890183,2.583479789103691,31.687170474516698,8.594024604569421,0.05272407732864675,0.2636203866432338,0.3333333333333333,0.1054481546572935,0.05272407732864675,0.31634446397188054,15.711775043936733,1.4235500878734624,47.66256590509666,0.016633807395066025,0.1039373054151114,0.12342954173959099
Kialonda Gaspar,Serie A,Lecce,DC,23,1830,20.333333333333332,56.32183908046,0.0,9.228351471842538,2.0655737704918034,0.0,0.049180327868852465,0.14754098360655737,0.28125,0.4426229508196722,6.9344262295081975,0,0.049180327868852465,0.09836065573770493,0.29508196721311475,33.333333333333,0.14754098360655737,1.0819672131147542,0.639344262295082,0,68.181818181818,0.8360655737704918,0.0,9.127868852459017,46.078431372549,5.0163934426229515,0.039013024633292294,0.08814053713447517,84.343434343434,1.9672131147540985,38.950819672131146,6.885245901639345,0.0,0.4426229508196722,0.1111111111111111,0.049180327868852465,0.0,0.4426229508196722,11.754098360655739,1.1311475409836067,53.360655737704924,0.0,0.13068852521723412,0.13068852521723412
Konan N’Dri,Serie A,Lecce,AMR,27,546,6.066666666666666,35.714285714286,0.6593406593406593,20.950596498712123,3.956043956043956,0.32967032967032966,0.16483516483516483,0.6593406593406593,0.4444444444444444,0.6593406593406593,0.0,8.695652173913,3.7912087912087915,2.4725274725274726,1.4835164835164836,22.727272727273,7.0879120879120885,2.967032967032967,1.4835164835164836,10.526315789474,37.142857142857,0.32967032967032966,0.6593406593406593,10.232967032967034,55.555555555556,1.4835164835164836,0.11737102560780861,0.03747636256249327,69.69696969697,8.901098901098901,21.75824175824176,22.912087912087912,1.153846153846154,1.3186813186813187,0.2631578947368421,0.8241758241758242,1.8131868131868132,3.131868131868132,19.450549450549453,1.8131868131868132,54.89010989010989,0.12717642893011755,0.14234916706170356,0.30774755495508294
Lameck Banda,Serie A,Lecce,FWL,32,1760,19.555555555555557,36.666666666667,1.227272727272727,22.14803971865379,4.039772727272727,0.30681818181818177,0.10227272727272727,0.7159090909090908,0.3333333333333333,0.15340909090909088,0.6647727272727272,16.666666666667,4.602272727272727,1.8920454545454544,0.8693181818181818,39.080459770115,4.3977272727272725,2.505681818181818,2.25,13.157894736842,42.635658914729,0.3579545454545454,1.227272727272727,9.398863636363636,50,0.6136363636363635,0.1659882013283839,0.08542082875378822,80.116959064327,6.187499999999999,17.488636363636363,16.159090909090907,0.4602272727272727,0.8693181818181818,0.39473684210526316,0.7670454545454545,1.0738636363636362,1.9431818181818181,19.943181818181817,1.3806818181818181,42.80113636363636,0.1701711019056595,0.1336460434937511,0.38988486609675665
Lassana Coulibaly,Serie A,Lecce,MC,33,2695,29.944444444444443,47.945205479452,0.7012987012987013,13.820734443131553,4.608534322820037,0.06679035250463822,0.06679035250463822,0.16697588126159554,0.5555555555555556,0.6679035250463822,1.0352504638218925,15.789473684211,0.6345083487940631,0.8682745825602969,0.901669758812616,57.142857142857,1.4025974025974026,1.7365491651205938,1.202226345083488,10.714285714286,54.385964912281,0.26716141001855287,0.7012987012987013,11.070834879406307,64.179104477612,2.2374768089053805,0.1068676059758066,0.11428896750190429,81.946222791293,6.979591836734694,26.081632653061227,8.515769944341374,0.4675324675324676,0.8014842300556587,0.2857142857142857,0.26716141001855287,0.13358070500927643,0.9350649350649352,11.554730983302413,1.6029684601113174,39.90723562152134,0.03932101676907522,0.16213562892117506,0.253429527026437
Matías Pérez,Serie A,Lecce,DR,1,32,0.35555555555555557,0,2.8125,0,2.8125,0.0,0.0,0.0,0.0,0.0,5.625,0,2.8125,0.0,2.8125,0,0.0,0.0,0.0,0,0,0.0,2.8125,10.940625,0,2.8125,0.0,0,93.333333333333,11.25,42.1875,11.25,0.0,0.0,0,0.0,0.0,0.0,5.625,0.0,70.3125,0.038867314578965306,0.03497223893646151,0.07383955351542681
Medon Berisha,Serie A,Lecce,AMC,13,880,9.777777777777779,46.666666666667,2.0454545454545454,27.292446697276684,4.1931818181818175,0.5113636363636364,0.0,0.9204545454545454,0.42857142857142855,2.1477272727272725,0.30681818181818177,33.898305084746,6.034090909090908,1.125,0.20454545454545453,75,0.40909090909090906,1.0227272727272727,1.125,8.3333333333333,57.627118644068,0.5113636363636364,2.0454545454545454,10.184318181818181,51.851851851852,5.5227272727272725,0.13443235506896267,0.05476873725031813,81.318681318681,9.71590909090909,37.22727272727273,13.499999999999998,0.20454545454545453,0.5113636363636364,0.20833333333333334,0.5113636363636364,1.9431818181818181,2.454545454545454,11.659090909090908,2.1477272727272725,55.840909090909086,0.29548526923595503,0.16367984605445102,0.31936328752305015
Mohamed Kaba,Serie A,Lecce,MC,15,646,7.177777777777778,46.666666666667,0.696594427244582,17.917723106592355,4.597523219814241,0.0,0.0,0.2786377708978328,0.625,0.696594427244582,0.8359133126934984,37.5,1.1145510835913313,2.5077399380804954,0.696594427244582,56.25,2.2291021671826625,2.9256965944272446,1.671826625386997,0,50,0.5572755417956656,0.696594427244582,10.539473684210527,63.636363636364,1.5325077399380804,0.0613611203621231,0.04893738735053274,76.344086021505,8.08049535603715,25.91331269349845,13.374613003095975,0.696594427244582,0.5572755417956656,0.4444444444444444,0.5572755417956656,0.696594427244582,1.2538699690402477,15.185758513931887,1.671826625386997,46.11455108359133,0.03050626849542277,0.15870673039887712,0.22611677548603007
Nikola Stulic,Serie A,Lecce,FW,34,1725,19.166666666666668,35.971223021583,1.0434782608695652,15.579972895875207,2.034782608695652,0.10434782608695652,0.20869565217391303,0.6260869565217391,0.6666666666666666,0.10434782608695652,0.6782608695652174,100,0.05217391304347826,0.9391304347826086,0.15652173913043477,44.444444444444,0.4695652173913043,1.3565217391304347,1.9304347826086956,12.121212121212,40.20618556701,0.10434782608695652,1.0434782608695652,9.842086956521738,75,0.20869565217391303,0.24574015076555633,0.14272786534363122,68.789808917197,4.434782608695652,16.382608695652173,8.765217391304347,0.6260869565217391,1.2521739130434781,0.2727272727272727,0.4695652173913043,0.4695652173913043,1.7217391304347824,15.6,0.6260869565217391,28.643478260869564,0.10959356059522732,0.07023075530710428,0.32693003501905044
Olaf Gorter,Serie A,Lecce,MC,2,27,0.3,0,0.0,,6.666666666666667,0.0,0.0,0.0,1.0,3.3333333333333335,0.0,0,0.0,0.0,0.0,0,0.0,0.0,3.3333333333333335,0,50,0.0,0.0,13.266666666666667,100,3.3333333333333335,0.0,0,94.736842105263,16.666666666666668,63.333333333333336,3.3333333333333335,0.0,0.0,0,0.0,0.0,0.0,10.0,3.3333333333333335,73.33333333333334,0.0,1.1137310415506363,1.1137310415506363
Omri Gandelman,Serie A,Lecce,AMC,19,978,10.866666666666667,43.307086614173,0.6441717791411042,15.252727542766632,1.9325153374233128,0.18404907975460122,0.0,0.2760736196319018,0.75,0.2760736196319018,1.2883435582822085,25,0.36809815950920244,1.656441717791411,0.460122699386503,18.181818181818,1.0122699386503067,0.2760736196319018,1.196319018404908,20,24.137931034483,0.36809815950920244,0.6441717791411042,11.681595092024539,33.333333333333,0.5521472392638036,0.15956586215393675,0.17339490354061127,63.786008230453,4.601226993865031,22.36196319018405,12.975460122699387,0.460122699386503,0.6441717791411042,0.3,0.2760736196319018,0.2760736196319018,0.920245398773006,16.74846625766871,0.8282208588957055,35.24539877300613,0.10315678785183678,0.09537066624391298,0.2930297661412713
Oumar Ngom,Serie A,Lecce,DMC,15,847,9.411111111111111,46.153846153846,0.42502951593860683,22.106666123801784,5.419126328217237,0.0,0.0,0.3187721369539551,0.625,0.5312868949232585,1.7001180637544273,33.333333333333,0.3187721369539551,0.9563164108618654,1.1688311688311688,54.545454545455,1.062573789846517,0.6375442739079102,1.5938606847697756,0,47.945205479452,1.3813459268004722,0.42502951593860683,10.428099173553719,55.555555555556,1.9126328217237307,0.02558371630511571,0.04815423935651779,82.375478927203,5.631641086186541,27.733175914994096,8.07556080283353,0.42502951593860683,0.21251475796930341,0.4,0.21251475796930341,0.3187721369539551,0.5312868949232585,11.475796930342385,2.550177095631641,41.75914994096812,0.020273692373718535,0.08666890887752474,0.11264827812734854
Owen Kouassi,Serie A,Lecce,DR,4,228,2.533333333333333,75,0.0,0,2.368421052631579,0.0,0.0,0.0,0.0,0.0,3.1578947368421053,50,0.7894736842105263,0.39473684210526316,0.0,0,0.0,1.1842105263157896,0.39473684210526316,0,82.352941176471,0.39473684210526316,0.0,9.880263157894738,50,3.1578947368421053,0.0,0,80.246913580247,5.526315789473684,31.97368421052632,11.052631578947368,0.0,0.0,0,0.0,0.0,0.0,15.789473684210527,4.342105263157895,54.473684210526315,0.0,0.1314928412045303,0.1314928412045303
Riccardo Sottil,Serie A,Lecce,AML,21,1072,11.911111111111111,20,2.014925373134328,25.940173030353645,3.1902985074626864,0.503731343283582,0.0,0.8395522388059701,0.2,0.08395522388059701,0.41977611940298504,25,8.395522388059701,1.5111940298507462,0.41977611940298504,33.333333333333,3.2742537313432836,2.2667910447761193,0.8395522388059701,5,42.718446601942,0.16791044776119401,2.014925373134328,9.265298507462687,60,1.2593283582089552,0.06354974832997393,0.03784740567207336,82.4,9.906716417910447,20.988805970149254,16.707089552238806,0.251865671641791,0.41977611940298504,0.15,0.251865671641791,1.2593283582089552,1.6791044776119401,15.699626865671641,0.33582089552238803,44.32835820895522,0.32716647634949925,0.06627927803601236,0.17687158266416014
Sadik Fofana,Serie A,Lecce,AMC,5,94,1.0444444444444445,28.571428571429,1.9148936170212765,15.491534889098173,1.9148936170212765,0.0,0.0,0.0,1.0,0.9574468085106382,0.0,0,0.0,0.9574468085106382,0.9574468085106382,50,1.9148936170212765,0.9574468085106382,2.872340425531915,0,40,0.0,1.9148936170212765,12.188297872340426,0,0.9574468085106382,0.09633890571112327,0.05031031742691994,51.851851851852,5.74468085106383,25.851063829787233,20.106382978723403,0.0,1.9148936170212765,0.0,0.0,0.0,1.9148936170212765,28.723404255319146,1.9148936170212765,42.12765957446808,0.17290895368824613,0.0,0.26924786296613673
Santiago Pierotti,Serie A,Lecce,AMR,37,2613,29.033333333333335,37.142857142857,0.7577497129735935,16.76733416382898,5.166475315729047,0.10332950631458093,0.20665901262916186,0.37887485648679675,0.7857142857142857,0.37887485648679675,0.8266360505166475,13.04347826087,0.7921928817451205,2.6865671641791042,1.377726750861079,40.20618556701,3.340987370838117,0.7921928817451205,2.3076923076923075,3.030303030303,37.760416666667,0.6888633754305395,0.7577497129735935,10.1955223880597,52.941176470588,0.5855338691159586,0.12982312947015537,0.11421812703889428,75.3125,5.752009184845005,22.043628013777266,14.535017221584384,0.8266360505166475,0.8610792192881744,0.24242424242424243,0.2755453501722158,0.2755453501722158,1.1366245694603903,26.176808266360503,2.858783008036739,44.53501722158438,0.0896681474583773,0.08205720997628264,0.2526623847542585
Tete Morente,Serie A,Lecce,MR,16,859,9.544444444444444,47.619047619048,1.0477299185098952,20.533261243390974,3.8766006984866124,0.10477299185098952,0.10477299185098952,0.8381839348079162,0.5,0.7334109429569267,1.362048894062864,13.793103448276,3.038416763678696,1.4668218859138533,1.362048894062864,33.333333333333,2.828870779976717,1.2572759022118742,1.362048894062864,0,36.781609195402,0.31431897555296856,1.0477299185098952,10.69313154831199,50,2.5145518044237485,0.10154969517544901,0.06923110171088151,74.427480916031,9.534342258440047,27.450523864959255,14.982537834691502,0.7334109429569267,0.8381839348079162,0.14285714285714285,0.20954598370197905,0.6286379511059371,1.4668218859138533,20.116414435389988,1.1525029103608848,46.51920838183935,0.08533170626729693,0.10422779852144932,0.2364136518886675
Thórir Helgason,Serie A,Lecce,AMC,8,145,1.6111111111111112,33.333333333333,1.8620689655172413,21.747142684586525,2.4827586206896552,0.0,0.0,0.6206896551724138,0.0,0.0,0.0,50,3.7241379310344827,1.8620689655172413,0.0,85.714285714286,3.7241379310344827,0.0,0.0,0,66.666666666667,1.8620689655172413,1.8620689655172413,13.562068965517241,25,2.4827586206896552,0.1720840676591314,0.09241551781694095,71.739130434783,8.689655172413794,28.551724137931032,14.89655172413793,0.6206896551724138,0.6206896551724138,0.6666666666666666,1.2413793103448276,1.2413793103448276,1.8620689655172413,26.068965517241377,1.2413793103448276,50.89655172413793,0.06371889494616409,0.03174861096616449,0.20932709939520933
Tiago Gabriel,Serie A,Lecce,DC,37,3220,35.77777777777778,66.310160427807,0.055900621118012424,12.724329026954644,2.403726708074534,0.0,0.11180124223602485,0.055900621118012424,0.5,0.6987577639751552,6.791925465838509,0,0.055900621118012424,0.2515527950310559,0.36335403726708076,100,0.027950310559006212,1.1180124223602483,0.8105590062111802,10,68.211920529801,1.2577639751552794,0.055900621118012424,9.040527950310558,47.482014388489,3.8850931677018634,0.11134531590162042,0.1991843984462321,87.424698795181,1.4813664596273293,37.118012422360245,5.142857142857142,0.0,0.531055900621118,0.2,0.11180124223602485,0.027950310559006212,0.5590062111801242,10.39751552795031,1.7608695652173914,51.84782608695652,0.0007841357099389808,0.06779059571624728,0.07036382707865527
Wladimiro Falcone,Serie A,Lecce,GK,38,3420,38.0,95,0.02631578947368421,,7.657894736842105,0.0,0.0,0.0,0.3888888888888889,1.2894736842105263,1.4473684210526316,0,0.0,0.0,0.02631578947368421,0,0.0,0.21052631578947367,0.0,0,83.333333333333,0.0,0.02631578947368421,3.4381578947368423,32.420591456736,24.026315789473685,0.0,0,45.709281961471,1.5263157894736843,30.05263157894737,16.5,0.0,0.0,0,0.0,0.0,0.0,0.34210526315789475,0.05263157894736842,38.10526315789474,0.0009612100885102624,0.022357221986902386,0.02331843207541265
Ylber Ramadani,Serie A,Lecce,MC,37,3214,35.71111111111111,58.181818181818,0.5320472930927194,25.313367418750804,5.9085252022402,0.028002489110143126,0.0,0.28002489110143125,0.42016806722689076,1.4001244555071564,1.596141879278158,31.25,0.44803982576229,0.7280647168637213,1.4561294337274426,51.851851851852,0.7280647168637213,1.6521468574984444,1.2041070317361544,2.9411764705882,54.948805460751,1.316116988176727,0.5320472930927194,10.806440572495335,41.777777777778,6.300560049782203,0.034123448201228576,0.03584077206495054,80.428769017981,7.7006845052893595,40.49159925326696,10.696950840074674,0.5600497822028625,0.1120099564405725,0.14705882352941177,0.14001244555071563,0.8400746733042938,0.9520846297448663,10.612943372744244,2.5762289981331676,55.668948350964534,0.03889146403774072,0.1412187711936703,0.20143812661961547
Walid Cheddira,Serie A,"Lecce,Sassuolo",FW,33,1247,13.855555555555556,33.333333333333,0.7939053728949479,16.036398007974935,2.3817161186848437,0.0,0.36086607858861264,0.7939053728949479,0.3333333333333333,0.2165196471531676,0.28869286287089013,25,0.5773857257417803,1.5878107457898958,0.2165196471531676,51.851851851852,1.8765036086607858,2.453889334402566,1.9486768243785084,12.121212121212,46.428571428571,0.14434643143544507,0.7939053728949479,10.20890136327185,60,0.36086607858861264,0.05662964052000137,0.023776822130788456,67.788461538462,4.8356054530874095,15.012028869286286,10.970328789093825,0.36086607858861264,2.020850040096231,0.36363636363636365,0.8660785886126704,0.36086607858861264,2.3817161186848437,20.78588612670409,0.4330392943063352,31.611868484362468,0.006697488412464152,0.02755573319619239,0.08956840871246986
Alessandro Buongiorno,Serie A,Napoli,DC,33,2519,27.988888888888887,65.217391304348,0.10718539102818579,7.151571799580772,4.108773322747122,0.0,0.10718539102818579,0.07145692735212386,0.40476190476190477,0.6073838824930529,4.037316395394998,33.333333333333,0.21437078205637158,0.07145692735212386,0.42874156411274317,20,0.17864231838030967,0.9289400555776102,1.7864231838030966,0,48.360655737705,1.4291385470424773,0.10718539102818579,8.404406510520047,32.142857142857,3.001190948789202,0.058765548224804565,0.20559779996983707,90.968090859924,6.2167526796347765,66.0619293370385,6.788408098451767,0.07145692735212386,0.28582770940849545,0.375,0.10718539102818579,0.0,0.28582770940849545,6.895593489479952,1.1790393013100438,77.7094084954347,0.012572545102720179,0.28554907019067827,0.2864083140916936
Alex Meret,Serie A,Napoli,GK,11,980,10.88888888888889,66.666666666667,0.09183673469387754,,6.612244897959183,0.09183673469387754,0.0,0.0,0.75,2.204081632653061,0.5510204081632653,0,0.0,0.0,0.0,0,0.0,0.09183673469387754,0.09183673469387754,0,0,0.0,0.09183673469387754,1.5997959183673471,46.39175257732,8.908163265306122,0.0,0,84,0.2755102040816326,32.14285714285714,5.23469387755102,0.0,0.0,0,0.0,0.0,0.0,0.0,0.0,39.12244897959184,0.02490521937000508,0.1453642580582171,0.1453642580582171
Alisson Santos,Serie A,Napoli,AMC,14,836,9.28888888888889,66.666666666667,1.507177033492823,20.25104611470848,2.476076555023923,0.21531100478468898,0.0,0.7535885167464115,0.5,0.10765550239234449,0.5382775119617225,17.073170731707,4.413875598086124,2.0454545454545454,0.5382775119617225,59.649122807018,6.028708133971292,0.8612440191387559,0.43062200956937796,13.793103448276,54.867256637168,0.21531100478468898,1.507177033492823,9.918301435406697,50,0.8612440191387559,0.1627146353740156,0.05211855753742416,82.167832167832,10.873205741626794,30.789473684210524,16.79425837320574,0.43062200956937796,2.15311004784689,0.5517241379310345,1.7224880382775118,0.9688995215311004,3.1220095693779903,20.454545454545453,2.15311004784689,57.488038277511954,0.17352603317982557,0.29195216083319847,0.5473812732569266
Amir Rrahmani,Serie A,Napoli,DC,21,1800,20.0,68.686868686869,0.35,12.189953865614513,4.15,0.0,0.05,0.2,0.36363636363636365,1.0,3.55,0,0.05,0.15,0.1,50,0.2,0.8,1.0,13.333333333333,60.606060606061,1.2,0.35,8.736,44,5.0,0.06771444194018841,0.09028592258691788,92.284688995215,5.7,83.6,7.1,0.0,0.65,0.26666666666666666,0.2,0.1,0.75,7.1,1.1,94.05,0.011841798573732376,0.43708588033914564,0.45337582677602767
Antonio Vergara,Serie A,Napoli,AMC,12,618,6.866666666666666,27.777777777778,1.6019417475728157,19.297696157377004,4.805825242718447,0.0,0.0,0.4368932038834952,0.5,0.5825242718446603,0.4368932038834952,27.272727272727,1.6019417475728157,2.1844660194174756,1.0194174757281553,30.769230769231,3.6407766990291264,2.912621359223301,2.475728155339806,10,42.105263157895,0.5825242718446603,1.6019417475728157,8.065048543689322,22.222222222222,1.3106796116504855,0.10275689107411116,0.07055973187088967,76.136363636364,9.466019417475728,25.63106796116505,17.330097087378643,1.3106796116504855,0.7281553398058253,0.3,0.4368932038834952,0.7281553398058253,1.4563106796116505,15.000000000000002,1.7475728155339807,50.97087378640777,0.12164964087452125,0.18303454347244166,0.3801524935706148
Billy Gilmour,Serie A,Napoli,MC,17,803,8.922222222222222,33.333333333333,0.6724782067247821,19.600115853866306,6.276463262764633,0.0,0.0,0.448318804483188,0.5333333333333333,2.6899128268991284,1.1207970112079702,0,0.6724782067247821,0.33623910336239105,0.448318804483188,81.818181818182,1.1207970112079702,0.7845579078455791,1.0087173100871731,10,63.829787234043,1.2328767123287672,0.7845579078455791,12.1359900373599,51.020408163265,5.491905354919053,0.06410983733248295,0.05720022153109312,90.025252525253,20.62266500622665,88.76712328767123,11.544209215442091,0.896637608966376,0.6724782067247821,0.3,0.33623910336239105,0.448318804483188,1.1207970112079702,9.302615193026151,1.5691158156911582,100.42341220423413,0.054202757110056066,0.37712005135205434,0.47055903404654187
David Neres,Serie A,Napoli,FWL,16,925,10.277777777777779,22.222222222222,2.0432432432432432,22.470285654701666,2.724324324324324,0.8756756756756756,0.0,0.681081081081081,0.8333333333333334,0.48648648648648646,0.19459459459459458,24.528301886792,5.1567567567567565,1.1675675675675674,0.19459459459459458,38,4.864864864864865,0.681081081081081,1.8486486486486484,17.647058823529,37.5,0.09729729729729729,2.0432432432432432,10.02454054054054,66.666666666667,0.5837837837837837,0.14444330068858893,0.08732683211565018,81.570996978852,13.718918918918918,32.2054054054054,18.0,0.7783783783783783,0.5837837837837837,0.23529411764705882,0.38918918918918916,1.0702702702702702,1.654054054054054,24.227027027027024,0.9729729729729729,54.87567567567567,0.3683777402381639,0.34716155935783644,0.7153695752089088
Eljif Elmas,Serie A,Napoli,MC,33,1788,19.866666666666667,18.181818181818,1.2080536912751678,16.39342145870555,3.271812080536913,0.050335570469798654,0.20134228187919462,0.5033557046979865,0.3181818181818182,0.3523489932885906,0.9563758389261745,26.829268292683,2.063758389261745,0.8053691275167785,0.3523489932885906,59.090909090909,1.1073825503355705,0.6543624161073825,0.9060402684563759,3.7037037037037,50.505050505051,0.3523489932885906,1.2080536912751678,9.978523489932886,57.894736842105,0.9563758389261745,0.18330645872492518,0.13487734493834,89.331619537275,9.765100671140939,39.16107382550336,7.953020134228188,0.45302013422818793,1.006711409395973,0.3333333333333333,0.45302013422818793,0.3523489932885906,1.3590604026845636,13.590604026845638,1.2080536912751678,51.54362416107382,0.0881968298458163,0.20770886040998984,0.41225965822353056
Franck Zambo,Serie A,Napoli,MC,18,1256,13.955555555555556,59.259259259259,0.9315286624203821,13.293827626333522,5.087579617834395,0.07165605095541401,0.07165605095541401,0.21496815286624205,0.52,0.9315286624203821,0.7882165605095541,26.666666666667,1.0748407643312101,1.7197452229299364,0.8598726114649682,52.941176470588,1.2181528662420382,1.2898089171974523,1.2898089171974523,17.391304347826,43.269230769231,0.8598726114649682,0.9315286624203821,11.292993630573248,50,1.5764331210191083,0.18303428859610085,0.11105848622062932,86.55462184874,10.103503184713375,51.16242038216561,11.751592356687897,0.21496815286624205,1.4331210191082802,0.391304347826087,0.6449044585987261,0.21496815286624205,1.6480891719745223,12.754777070063694,1.2898089171974523,66.64012738853503,0.11114403411929917,0.21356876410104952,0.3518564841757487
Giovanni Di Lorenzo,Serie A,Napoli,DR,26,2278,25.31111111111111,59.322033898305,0.6321334503950834,11.58375465335252,3.476733977172959,0.11852502194907814,0.0,0.11852502194907814,0.4838709677419355,1.7778753292361722,1.817383669885865,13.157894736842,1.5013169446883232,0.3160667251975417,0.4741000877963126,38.095238095238,0.829675153643547,0.9086918349429325,1.3037752414398596,8,54.676258992806,0.3555750658472344,0.6321334503950834,9.898024582967516,48.684210526316,3.0026338893766464,0.07706404756018737,0.07802306681871414,85.889570552147,11.971027216856893,57.95873573309921,11.615452151009658,0.07901668129938542,0.9482001755926251,0.36,0.3555750658472344,0.03950834064969271,0.9877085162423178,12.524143985952591,1.7778753292361722,77.91044776119404,0.1183759439507658,0.362765093884309,0.523508899191867
Giuseppe Ambrosino,Serie A,Napoli,Non,3,41,0.45555555555555555,50,0.0,0,2.1951219512195124,0.0,0.0,0.0,0,0.0,0.0,0,0.0,2.1951219512195124,0.0,100,4.390243902439025,2.1951219512195124,2.1951219512195124,0,60,0.0,0.0,12.841463414634147,0,0.0,0.0,0,40,0.0,10.975609756097562,10.975609756097562,2.1951219512195124,0.0,0,0.0,0.0,0.0,13.170731707317074,0.0,26.34146341463415,0.0,0.11518322612817694,0.11518322612817694
Juan Jesus,Serie A,Napoli,DC,24,1684,18.711111111111112,50.724637681159,0.21377672209026127,7.3554674486389615,4.649643705463182,0.0,0.0,0.16033254156769594,0.4634146341463415,1.015439429928741,3.2600950118764844,0,0.05344418052256532,0.10688836104513064,0.2672209026128266,0,0.0,0.10688836104513064,2.0843230403800472,0,47.727272727273,1.4429928741092635,0.21377672209026127,8.018230403800475,54.166666666667,5.13064133016627,0.011085457768016926,0.0691404106716315,91.534008683068,4.1686460807600945,73.85985748218526,7.001187648456057,0.0,0.16033254156769594,0.0,0.0,0.0,0.16033254156769594,8.978622327790973,2.137767220902613,84.92280285035629,0.014542377224267235,0.34116227247236813,0.35402114563920223
Kevin De Bruyne,Serie A,Napoli,MC,18,1169,12.988888888888889,33.333333333333,2.7715996578272026,21.40474725372695,3.3105218135158254,0.4619332763045338,0.0,0.5389221556886228,0.5681818181818182,1.924721984602224,0.30795551753635586,20.689655172414,4.46535500427716,1.0008554319931566,0.8468776732249786,64.285714285714,1.0778443113772456,0.4619332763045338,0.6159110350727117,18.518518518519,42.1875,0.3849443969204448,2.848588537211292,10.94011976047904,59.183673469388,3.7724550898203595,0.09488240143298542,0.04564507295274072,83.783783783784,18.246364414029085,56.971770744225836,16.013686911890506,0.6928999144568007,0.7698887938408896,0.4074074074074074,0.8468776732249786,1.3088109495295124,2.078699743370402,17.32249786142002,0.9238665526090676,71.830624465355,0.3097567979925152,0.4094434583080029,0.6075054265310155
Leonardo Spinazzola,Serie A,Napoli,DML,32,1907,21.18888888888889,33.333333333333,1.5102254850550603,20.558756065450353,4.341898269533298,0.09438909281594127,0.0,0.2831672784478238,0.47674418604651164,1.934976402726796,1.5102254850550603,30.13698630137,3.445201887781856,0.6135291033036182,0.47194546407970633,31.372549019608,2.3597273203985316,0.4247509176717357,0.4247509176717357,14.285714285714,42.608695652174,0.18877818563188253,1.5574200314630309,9.453539590980597,54.838709677419,4.389092815941269,0.05703912420841993,0.057552174531987736,80.730223123732,11.468274777136864,46.53382275825904,16.32931305715784,0.37755637126376507,0.519140010487677,0.3333333333333333,0.3303618248557944,0.47194546407970633,0.9910854745673833,16.801258521237546,1.1326691137912952,69.04562139486103,0.12300247975537679,0.35497501105222484,0.4909088628148776
Lorenzo Lucca,Serie A,Napoli,FW,16,420,4.666666666666667,45.454545454545,0.42857142857142855,13.37671545430896,2.357142857142857,0.21428571428571427,0.42857142857142855,1.2857142857142856,1.0,0.21428571428571427,0.6428571428571428,0,0.0,1.9285714285714284,0.21428571428571427,66.666666666667,1.7142857142857142,2.7857142857142856,3.642857142857143,6.6666666666667,40,0.0,0.42857142857142855,11.331428571428571,100,0.21428571428571427,0.25382317629243645,0.07896721040209134,78.787878787879,4.714285714285714,14.142857142857142,9.214285714285714,0.6428571428571428,2.571428571428571,0.3333333333333333,1.0714285714285714,0.6428571428571428,3.214285714285714,18.0,0.0,31.285714285714285,0.007852507755160332,0.10450905840843916,0.3583322422845023
Mathías Olivera,Serie A,Napoli,DL,25,1369,15.21111111111111,60.714285714286,0.6574141709276845,12.339277804365011,4.601899196493791,0.0,0.13148283418553688,0.0,0.45454545454545453,0.9861212563915267,1.3805697589481374,33.333333333333,0.3944485025566107,0.3944485025566107,0.3944485025566107,40,0.32870708546384225,0.6574141709276845,1.1176040905770637,0,63.529411764706,0.9861212563915267,0.6574141709276845,9.904601899196495,44.444444444444,2.9583637691745803,0.11776544922422631,0.22391791664995253,91.032608695652,12.753834915997079,72.57852447041637,8.480642804967129,0.3944485025566107,0.3944485025566107,0.375,0.19722425127830534,0.13148283418553688,0.5259313367421475,16.698319941563184,2.7611395178962748,87.5018261504748,0.039268708301448234,0.377414554392904,0.47446921919496327
Matteo Politano,Serie A,Napoli,FWR,34,2213,24.58888888888889,37.5,1.5047446904654316,21.084299384323383,3.375508359692725,0.447356529597831,0.12200632625395391,0.5693628558517849,0.47540983606557374,1.1793944871215545,0.5693628558517849,21.965317919075,7.035698147311342,0.7727067329417081,0.447356529597831,47.826086956522,2.7654767284229553,1.1387257117035698,0.7727067329417081,4.0816326530612,47.46835443038,0.2033438770899232,1.5047446904654316,9.556348847718029,40.625,2.602801626751017,0.12744874340367165,0.06395557123635497,82.021276595745,12.159963849977407,38.22864889290556,16.796204247627657,0.36601897876186174,0.9353818346136467,0.2653061224489796,0.5286940804338003,1.0573881608676006,1.9927699954812472,17.406235878897423,0.6100316312697696,61.12516945323091,0.22791676953859152,0.33376609689399933,0.5277718984472687
Miguel Gutiérrez,Serie A,Napoli,DL,28,1490,16.555555555555557,58.823529411765,1.268456375838926,22.005964235381377,5.97986577181208,0.12080536912751677,0.0,0.12080536912751677,0.48,1.4496644295302012,1.268456375838926,18.75,2.8993288590604025,0.785234899328859,0.5436241610738255,34.782608695652,1.3892617449664428,1.6912751677852347,1.1476510067114092,6.6666666666667,55.284552845528,0.5436241610738255,1.268456375838926,9.75744966442953,62.903225806452,3.74496644295302,0.034541947235847074,0.03812407509734233,88.035264483627,10.751677852348992,47.95973154362416,11.59731543624161,0.3020134228187919,0.24161073825503354,0.3333333333333333,0.3020134228187919,0.6644295302013422,0.9060402684563758,18.60402684563758,1.9932885906040267,70.248322147651,0.10772081324518126,0.44710623294165064,0.49344428739941754
Nikita Contini,Serie A,Napoli,Non,1,10,0.1111111111111111,0,0.0,0,27.0,0.0,0.0,0.0,0.0,0.0,0.0,0,0.0,0.0,0.0,0,0.0,0.0,0.0,0,0,0.0,0.0,0.0,0,9.0,0.0,0,66.666666666667,0.0,27.0,9.0,0.0,0.0,0,0.0,0.0,0.0,0.0,0.0,45.0,0.0,0.0,0.0
Noa Lang,Serie A,Napoli,FWL,18,668,7.4222222222222225,46.153846153846,2.020958083832335,19.120248528076612,4.311377245508982,0.5389221556886228,0.1347305389221557,0.40419161676646703,0.5833333333333334,0.9431137724550898,0.1347305389221557,25,5.92814371257485,0.9431137724550898,0.2694610778443114,40,2.6946107784431135,1.4820359281437125,0.6736526946107784,11.111111111111,54.385964912281,0.2694610778443114,2.020958083832335,10.723203592814372,80,2.020958083832335,0.18393284683032127,0.1516878292378452,78.810408921933,13.607784431137723,36.24251497005988,16.16766467065868,0.8083832335329341,0.5389221556886228,0.4444444444444444,0.5389221556886228,0.6736526946107784,1.2125748502994012,23.7125748502994,1.6167664670658681,55.374251497005986,0.26608727122294507,0.3723978077780879,0.5623409999144113
Pasquale Mazzocchi,Serie A,Napoli,DMR,16,316,3.511111111111111,66.666666666667,1.139240506329114,27.516492031573335,4.841772151898734,0.569620253164557,0.0,0.0,0.4,1.139240506329114,2.848101265822785,26.666666666667,4.272151898734177,1.139240506329114,0.2848101265822785,44.444444444444,2.5632911392405062,0.0,0.2848101265822785,0,35.294117647059,0.8544303797468354,1.139240506329114,9.452848101265822,40,2.848101265822785,0.013251492895091636,0.023263731971383095,84.615384615385,10.253164556962025,48.13291139240506,17.088607594936708,0.0,0.0,0.5,0.2848101265822785,0.569620253164557,0.569620253164557,20.50632911392405,0.569620253164557,73.48101265822785,0.3260439984453253,0.3992607809980459,0.5895729598742497
Rasmus Højlund,Serie A,Napoli,FW,33,2761,30.677777777777777,35.833333333333,1.0756972111553784,13.47630833801054,1.0756972111553784,0.1629844259326331,0.3259688518652662,0.4563563926113727,0.3333333333333333,0.13038754074610648,0.4889532777978993,66.666666666667,0.09779065555957986,2.0210068815646505,0.13038754074610648,35.294117647059,1.0756972111553784,1.727634914885911,1.206084751901485,20,35.978835978836,0.0,1.0756972111553784,9.191669684896777,80,0.3259688518652662,0.4091250247665071,0.20918410988524555,74.556213017751,5.476276711336473,16.526620789568998,10.333212604128938,0.4237595074248461,1.6950380296993843,0.4166666666666667,0.8149221296631656,0.26077508149221296,1.9558131111915973,19.525534226729444,0.13038754074610648,29.33719666787396,0.106503720287664,0.1503316016259918,0.6360747899262424
Romelu Lukaku,Serie A,Napoli,FW,5,50,0.5555555555555556,0,3.5999999999999996,9.944726704297622,1.7999999999999998,0.0,1.7999999999999998,0.0,1.0,1.7999999999999998,1.7999999999999998,0,0.0,3.5999999999999996,0.0,0,0.0,0.0,3.5999999999999996,50,0,0.0,3.5999999999999996,10.421999999999999,0,0.0,1.0607841745018958,0.2946622706949711,68.75,12.6,28.799999999999997,21.599999999999998,0.0,3.5999999999999996,0.5,1.7999999999999998,0.0,3.5999999999999996,16.2,0.0,52.199999999999996,0.3804703295230865,0.0,0.5920073702931404
Sam Beukema,Serie A,Napoli,DC,24,1686,18.733333333333334,52.459016393443,0.32028469750889677,14.999233256992907,3.896797153024911,0.0,0.0,0.0,0.38596491228070173,1.1743772241992882,3.096085409252669,0,0.32028469750889677,0.21352313167259784,0.48042704626334515,66.666666666667,0.10676156583629892,0.2669039145907473,1.0142348754448398,25,44.642857142857,0.7473309608540925,0.32028469750889677,9.43612099644128,54.444444444444,4.804270462633451,0.09241428743265702,0.21640345640480518,91.399416909621,9.87544483985765,73.23843416370106,7.793594306049822,0.05338078291814946,0.2669039145907473,0.5,0.21352313167259784,0.16014234875444838,0.4270462633451957,9.715302491103202,1.0142348754448398,83.16725978647686,0.021012552592943146,0.2738551535640323,0.2889020424800199
Scott McTominay,Serie A,Napoli,DMC,33,2793,31.033333333333335,59.259259259259,0.7089151450053706,17.67823692682838,4.221267454350161,0.032223415682062294,0.45112781954887216,0.9022556390977443,0.375,0.2900107411385607,1.5467239527389902,20,0.32223415682062295,1.6111707841031149,0.38668098818474755,45.614035087719,1.8367346938775508,2.3523093447905477,0.7733619763694951,9.9009900990099,51.054852320675,0.6766917293233082,0.7089151450053706,10.77937701396348,73.913043478261,1.4822771213748656,0.3759974525755253,0.11552925027980662,88.939051918736,8.603651987110633,42.82491944146079,9.40923737916219,0.7733619763694951,1.9334049409237377,0.33663366336633666,1.095596133190118,1.3211600429645542,3.254564983888292,11.310418904403866,0.9022556390977443,60.2577873254565,0.0646198601346907,0.25903837669292656,0.4975454404421959
Stanislav Lobotka,Serie A,Napoli,MC,32,2440,27.11111111111111,52.380952380952,0.8114754098360656,20.722729490213666,4.536885245901639,0.0,0.0,0.07377049180327869,0.6309523809523809,1.9549180327868854,1.069672131147541,20,0.18442622950819673,0.29508196721311475,0.6639344262295082,50,0.29508196721311475,1.6598360655737705,0.4795081967213115,12.5,64.705882352941,0.5901639344262295,0.8114754098360656,9.987786885245901,57.894736842105,2.8032786885245904,0.015158573707535131,0.05137072200886905,92.708333333333,13.831967213114755,67.27868852459017,6.233606557377049,0.3319672131147541,0.11065573770491803,0.5,0.14754098360655737,0.18442622950819673,0.29508196721311475,7.413934426229508,1.0327868852459017,75.54098360655738,0.03916702144702927,0.33085701320717326,0.3667025914049295
Vanja Milinkovic-Savic,Serie A,Napoli,GK,27,2430,27.0,100,0.1111111111111111,,7.518518518518518,0.037037037037037035,0.0,0.0,0.47560975609756095,1.4444444444444444,0.7777777777777778,0,0.0,0.0,0.07407407407407407,0,0.0,0.2222222222222222,0.037037037037037035,0,57.142857142857,0.0,0.1111111111111111,1.8737037037037039,33.333333333333,15.444444444444445,0.0,0,72.287968441815,1.4444444444444444,37.55555555555556,10.592592592592593,0.0,0.0,0,0.0,0.0,0.0,0.1111111111111111,0.0,45.48148148148148,0.011200621448181293,0.16981456539145223,0.1810151857358438
Luca Marianucci,Serie A,"Napoli,Torino",DC,12,691,7.677777777777778,48.275862068966,1.0419681620839363,29.24161021711104,4.167872648335745,0.26049204052098407,0.0,0.13024602026049203,0.45714285714285713,2.0839363241678726,4.428364688856729,37.5,1.0419681620839363,0.26049204052098407,1.3024602026049203,40,0.6512301013024602,0.3907380607814761,1.4327062228654124,0,45.652173913043,1.3024602026049203,1.0419681620839363,9.718958031837916,52.542372881356,7.6845151953690305,0.0015473059970243968,0.005939935799688101,83.980582524272,7.814761215629522,53.66136034732272,11.201157742402316,0.13024602026049203,0.0,0.0,0.0,0.26049204052098407,0.26049204052098407,9.638205499276411,2.0839363241678726,68.11866859623734,0.040115136949698586,0.14843247016802882,0.19009489916513003
Giovane,Serie A,"Napoli,Verona",FW,33,1883,20.92222222222222,24.666666666667,1.5294742432288901,20.6198526557441,3.680297397769517,0.2867764206054169,0.19118428040361127,0.8603292618162507,0.4375,0.3345724907063197,0.525756771109931,19.402985074627,3.2023366967604887,1.9596388741370157,0.525756771109931,42.857142857143,3.967073818374934,1.1471056824216677,1.1471056824216677,5.3571428571429,38.265306122449,0.2867764206054169,1.5294742432288901,10.42145512480085,70,0.9559214020180563,0.026546230453619982,0.009917966655588575,69.063180827887,7.360594795539034,21.938396176314395,18.01911842804036,0.5735528412108338,1.4338821030270845,0.48214285714285715,1.290493892724376,1.2426978226234733,2.676579925650558,24.710568242166758,0.7169410515135423,45.45406266595858,0.009706233723551052,0.01525123854401703,0.04840951039002288
Adrian Benedyczak,Serie A,Parma Calcio 1913,FW,14,486,5.4,47.727272727273,1.6666666666666665,12.509285932392544,1.6666666666666665,0.5555555555555555,0.5555555555555555,0.18518518518518517,0.75,1.111111111111111,1.4814814814814814,20,1.8518518518518516,0.18518518518518517,0.7407407407407407,0,0.0,1.111111111111111,1.6666666666666665,12.5,40,0.0,1.6666666666666665,9.266666666666666,55.555555555556,1.6666666666666665,0.22825127605486797,0.1540696113370359,73.958333333333,6.111111111111111,17.777777777777775,9.074074074074073,0.18518518518518517,1.4814814814814814,0.375,0.5555555555555555,0.0,1.4814814814814814,16.11111111111111,1.111111111111111,29.814814814814813,0.26920847525751146,0.15137315555303185,0.4121929876230381
Adrián Bernabé,Serie A,Parma Calcio 1913,MC,32,2493,27.7,22.222222222222,1.9855595667870036,24.786820691075924,3.8267148014440435,0.2527075812274368,0.07220216606498195,0.7581227436823105,0.4727272727272727,1.8772563176895307,0.9025270758122744,20.987654320988,2.924187725631769,0.7942238267148015,1.1191335740072204,35.714285714286,1.48014440433213,2.2021660649819497,0.5415162454873647,6,54.761904761905,0.6137184115523466,1.9855595667870036,9.488808664259928,63.559322033898,4.259927797833935,0.09468732347933824,0.05245677720755339,84.779179810726,11.949458483754514,45.77617328519856,12.527075812274369,0.36101083032490977,0.5415162454873647,0.24,0.4332129963898917,1.263537906137184,1.8050541516245489,9.819494584837546,1.407942238267148,62.238267148014444,0.16756096770751563,0.15671227033172705,0.3080753451852054
Alessandro Cardinali,Serie A,Parma Calcio 1913,Non,1,45,0.5,0,0.0,0,4.0,0.0,0.0,0.0,0,0.0,0.0,0,2.0,0.0,0.0,0,0.0,0.0,0.0,0,0,0.0,0.0,9.82,0,0.0,0.0,0,88.888888888889,2.0,18.0,6.0,0.0,0.0,0,0.0,0.0,0.0,12.0,0.0,24.0,0.0,0.9423777461051941,0.9423777461051941
Alessandro Circati,Serie A,Parma Calcio 1913,DC,31,2666,29.622222222222224,62.809917355372,0.30382595648912225,9.342578420279715,3.0045011252813203,0.0,0.03375843960990248,0.1350337584396099,0.3978494623655914,1.2490622655663914,5.0637659414853715,0,0.16879219804951237,0.16879219804951237,0.23630907726931732,66.666666666667,0.16879219804951237,0.6076519129782445,1.0127531882970742,12.5,62.5,0.8102025506376593,0.30382595648912225,9.247449362340586,52.229299363057,5.300075018754688,0.024860938787404432,0.09205453167669475,87.618403247632,4.456114028507127,49.894973743435855,7.663165791447861,0.0,0.2700675168792198,0.125,0.03375843960990248,0.0,0.2700675168792198,12.186796699174794,1.4516129032258065,62.95948987246811,0.008305202972560294,0.14322871008338733,0.1609347644558949
Benjamín Cremaschi,Serie A,Parma Calcio 1913,MR,8,144,1.6,75,0.625,25.22338276828456,4.375,0.0,0.0,0.0,1.0,0.625,3.125,16.666666666667,3.75,1.875,1.25,50,2.5,0.0,1.25,0,30.769230769231,0.0,0.625,11.15625,16.666666666667,3.75,0.011281573679298162,0.01805051788687706,72.549019607843,10.0,31.875,16.875,0.0,0.0,0.0,0.0,0.625,0.625,20.0,1.25,52.5,0.0081194523954764,0.018017906695604324,0.026137359091080725
Christian Ordóñez,Serie A,Parma Calcio 1913,MC,28,1095,12.166666666666666,29.62962962963,0.4109589041095891,23.738444757592415,3.3698630136986303,0.0,0.0,0.24657534246575344,0.5,0.32876712328767127,0.9863013698630138,16.666666666667,0.9863013698630138,0.9863013698630138,1.5616438356164384,35.714285714286,1.0684931506849316,0.904109589041096,1.315068493150685,10,42.268041237113,0.6575342465753425,0.4109589041095891,10.274794520547946,22.222222222222,0.7397260273972603,0.036941997936531294,0.044946097489446404,82.19696969697,5.506849315068494,21.698630136986303,8.465753424657535,0.24657534246575344,0.4109589041095891,0.2,0.16438356164383564,0.4109589041095891,0.8219178082191781,14.465753424657535,2.0547945205479454,36.73972602739726,0.022228978370150476,0.12268414259058973,0.1533143887781117
Daniel Mikolajewski,Serie A,Parma Calcio 1913,FW,3,75,0.8333333333333334,0,0.0,10.99331989902477,0.0,0.0,1.2,0.0,0,0.0,0.0,100,1.2,0.0,1.2,0,0.0,2.4,2.4,0,37.5,0.0,0.0,5.952,0,0.0,0.5123740196228027,0.42697834968566895,100,3.5999999999999996,10.799999999999999,7.199999999999999,0.0,1.2,0.0,0.0,0.0,1.2,6.0,1.2,28.799999999999997,0.0,0.08451418653130531,0.5968882106244564
Edoardo Corvi,Serie A,Parma Calcio 1913,GK,17,1530,17.0,100,0.0,0,8.352941176470589,0.0,0.0,0.0,0.6190476190476191,0.7647058823529411,1.0,0,0.0,0.0,0.058823529411764705,0,0.0,0.29411764705882354,0.0,0,83.333333333333,0.0,0.0,3.1658823529411766,38.647342995169,12.176470588235293,0.0,0,74.609375,0.9411764705882353,30.11764705882353,7.705882352941177,0.0,0.0,0,0.0,0.0,0.0,0.23529411764705882,0.058823529411764705,40.8235294117647,0.0,0.0967703520813409,0.0967703520813409
Emanuele Valeri,Serie A,Parma Calcio 1913,DL,34,2645,29.38888888888889,42.424242424242,1.7353497164461247,24.87562597643363,3.5387523629489603,0.13610586011342155,0.034026465028355386,0.2722117202268431,0.4875,1.3270321361058601,1.4291115311909262,23.275862068966,7.89413988657845,0.8506616257088847,0.8846880907372401,44.117647058824,1.1228733459357279,0.8846880907372401,0.782608695652174,0,48.333333333333,0.7485822306238186,1.7353497164461247,9.245671077504726,49.532710280374,3.6408317580340266,0.022764962888366783,0.02908856369069089,73.13829787234,5.920604914933837,25.58790170132325,19.122873345935727,0.2722117202268431,0.2381852551984877,0.21739130434782608,0.17013232514177692,0.5444234404536862,0.782608695652174,16.400756143667298,1.565217391304348,53.353497164461245,0.12852680471871886,0.169082481121831,0.2205883767596659
Enrico Del Prato,Serie A,Parma Calcio 1913,DC,35,2953,32.81111111111111,48.571428571429,0.2133423636979343,10.429043006207833,2.316288520149001,0.03047748052827633,0.12190992211310532,0.091432441584829,0.3888888888888889,1.0667118184896716,3.32204537758212,26.315789473684,0.5790721300372502,0.12190992211310532,0.5181171689806976,55.555555555556,0.24381984422621064,0.3047748052827633,0.4876396884524213,11.111111111111,56.043956043956,0.731459532678632,0.2133423636979343,9.690010159160176,36.71875,3.9011175076193703,0.0687689074342569,0.12535468126750654,86.13595706619,4.297324754486962,34.07382323061294,7.3145953267863195,0.03047748052827633,0.548594649508974,0.5,0.274297324754487,0.0,0.548594649508974,11.4595326786319,1.097189299017948,49.70877074161869,0.02387868405735739,0.09515134283381521,0.1424553516597474
Filippo Rinaldi,Serie A,Parma Calcio 1913,GK,1,90,1.0,100,0.0,0,13.0,0.0,0.0,0.0,0.3333333333333333,2.0,1.0,0,0.0,0.0,0.0,0,0.0,0.0,0.0,0,0,0.0,0.0,0.0,23.333333333333,30.0,0.0,0,47.727272727273,1.0,44.0,23.0,0.0,0.0,0,0.0,0.0,0.0,0.0,0.0,59.0,0.0,0.0,0.0
Franco Ezequiel Carboni,Serie A,Parma Calcio 1913,DML,7,123,1.3666666666666667,60,0.0,,2.1951219512195124,0.0,0.0,0.0,1.0,1.4634146341463414,2.926829268292683,0,2.1951219512195124,0.0,0.7317073170731707,25,2.926829268292683,0.0,2.1951219512195124,0,30,1.4634146341463414,0.0,10.939024390243901,66.666666666667,2.1951219512195124,0.0,0,80,2.1951219512195124,21.95121951219512,10.24390243902439,0.0,0.0,0,0.0,0.0,0.0,10.24390243902439,1.4634146341463414,45.36585365853659,0.0,0.4663482780863599,0.4663482780863599
Gabriel Strefezza,Serie A,Parma Calcio 1913,FWR,14,1015,11.277777777777779,35.714285714286,1.2413793103448274,22.94019664655771,3.3694581280788176,0.2660098522167488,0.0,0.5320197044334976,0.43333333333333335,1.1527093596059113,0.354679802955665,20.512820512821,3.4581280788177335,1.5960591133004924,1.1527093596059113,51.515151515152,2.83743842364532,2.482758620689655,1.8620689655172413,8.3333333333333,48.031496062992,0.44334975369458124,1.2413793103448274,10.252019704433497,41.666666666667,2.12807881773399,0.09365779240363337,0.04401049041189253,85.344827586207,10.463054187192117,30.857142857142854,13.123152709359605,0.44334975369458124,0.9753694581280787,0.2916666666666667,0.6206896551724137,1.1527093596059113,2.12807881773399,14.098522167487683,1.41871921182266,51.07389162561576,0.09482165830659454,0.1875269815252332,0.26188426328997305
Gaetano Oristanio,Serie A,Parma Calcio 1913,FW,20,857,9.522222222222222,47.368421052632,1.0501750291715286,18.130566010651904,3.150525087514586,0.0,0.21003500583430573,1.0501750291715286,0.7692307692307693,1.0501750291715286,0.6301050175029171,25,1.6802800466744459,2.7304550758459745,0.8401400233372229,48.387096774194,3.150525087514586,2.100350058343057,1.3652275379229872,4.1666666666667,42.574257425743,0.21003500583430573,1.0501750291715286,10.000816802800466,90.909090909091,1.1551925320886816,0.25198406275783425,0.09997701008493702,82.051282051282,6.9311551925320884,16.382730455075848,12.182030338389731,0.5250875145857643,1.3652275379229872,0.16666666666666666,0.42007001166861146,1.1551925320886816,2.5204200700116686,17.32788798133022,0.9451575262543758,38.961493582263714,0.06314819515655588,0.0770942955478904,0.3709339310905202
Hernani,Serie A,Parma Calcio 1913,MC,4,69,0.7666666666666667,66.666666666667,1.3043478260869565,19.952897032761925,6.521739130434782,0.0,0.0,1.3043478260869565,0.8,5.217391304347826,2.608695652173913,0,2.608695652173913,1.3043478260869565,0.0,0,0.0,3.913043478260869,2.608695652173913,0,50,1.3043478260869565,1.3043478260869565,13.382608695652173,66.666666666667,7.826086956521738,0.046603153257266335,0.03572908416390419,70.833333333333,10.434782608695652,31.304347826086953,16.956521739130434,0.0,0.0,0.0,0.0,1.3043478260869565,1.3043478260869565,18.26086956521739,1.3043478260869565,56.086956521739125,0.03470345521750657,0.06703257722699123,0.1017360324444978
Jacob Ondrejka,Serie A,Parma Calcio 1913,FWL,16,776,8.622222222222222,14.285714285714,0.5798969072164949,21.66016431536509,3.015463917525773,0.0,0.23195876288659795,0.6958762886597939,0.5714285714285714,0.4639175257731959,0.34793814432989695,30.769230769231,1.5077319587628866,1.3917525773195878,0.4639175257731959,33.333333333333,3.479381443298969,1.6237113402061856,0.9278350515463918,0,41.891891891892,0.34793814432989695,0.5798969072164949,9.051030927835052,75,0.4639175257731959,0.16504840726109665,0.06776590689661957,79.512195121951,8.698453608247423,23.77577319587629,10.902061855670103,0.4639175257731959,1.2757731958762888,0.3333333333333333,0.8118556701030928,1.1597938144329898,2.4355670103092786,13.337628865979383,0.8118556701030928,40.01288659793815,0.04939056620885109,0.1231959655751311,0.3191121297254775
Lautaro Valenti,Serie A,Parma Calcio 1913,DC,27,2251,25.011111111111113,55.844155844156,0.3998223011994669,25.324709596519824,3.318525099955575,0.11994669035984007,0.0,0.3198578409595735,0.3917525773195876,1.519324744557974,5.757441137272323,10,0.7996446023989338,0.3198578409595735,0.4797867614393603,57.142857142857,0.5597512216792536,0.6796979120390937,0.9995557529986672,0,59.83606557377,0.9995557529986672,0.43980453131941355,8.873656152820967,31.382978723404,7.516659262549977,0.019469415576179414,0.028644218602601218,78.161965423112,3.838294091514882,43.940470901821406,13.314082629942247,0.19991115059973344,0.23989338071968014,0.23529411764705882,0.15992892047978674,0.43980453131941355,0.6796979120390937,9.435806308307418,1.9591292758773877,62.1723678365171,0.04662115879022561,0.17118054689936296,0.20745372491537437
Mandela Keita,Serie A,Parma Calcio 1913,MC,37,2999,33.32222222222222,59.375,0.33011003667889294,30.50847394972376,4.621540513504502,0.0,0.0,0.09003001000333444,0.5714285714285714,0.48016005335111706,0.9303101033677893,0,0.09003001000333444,0.8102700900300099,0.8102700900300099,64.444444444444,1.3504501500500166,1.7105701900633543,0.9003001000333445,6.25,62.745098039216,1.3204401467155717,0.33011003667889294,9.385328442814272,73.770491803279,1.8306102034011338,0.014523785845781812,0.030247801216319203,88.429752066116,5.221740580193398,36.31210403467823,6.932310770256752,0.3001000333444481,0.030010003334444816,0.3125,0.15005001667222406,0.45015005001667224,0.48016005335111706,10.773591197065688,2.220740246748916,49.81660553517839,0.008519700709413632,0.0715899206517825,0.0888338080592138
Mariano Troilo,Serie A,Parma Calcio 1913,DC,21,1636,18.177777777777777,62.903225806452,0.38508557457212717,11.916243015452844,3.465770171149144,0.05501222493887531,0.0,0.16503667481662593,0.5,1.430317848410758,6.5464547677261615,100,0.05501222493887531,0.16503667481662593,0.5501222493887531,71.428571428571,0.38508557457212717,1.1002444987775062,1.4853300733496333,11.111111111111,55.555555555556,0.9902200488997556,0.38508557457212717,8.486735941320294,50.574712643678,4.786063569682152,0.053757666040913255,0.10857721190485689,89.30669800235,2.9156479217603914,46.81540342298289,5.721271393643032,0.11002444987775062,0.4400977995110025,0.2222222222222222,0.11002444987775062,0.05501222493887531,0.4951100244498778,6.876528117359413,1.5403422982885087,61.72371638141809,0.03612655861084611,0.09705742275169288,0.12276131399021391
Mateo Pellegrino,Serie A,Parma Calcio 1913,FW,37,2991,33.233333333333334,46.718146718147,0.6619859578736208,13.845536084929938,2.5877632898696086,0.12036108324974924,0.27081243731193577,0.6018054162487462,0.42857142857142855,0.27081243731193577,1.263791374122367,8.3333333333333,0.3610832497492477,1.9859578736208625,0.3610832497492477,52.083333333333,1.4443329989969909,2.1364092276830493,2.617853560682046,12.328767123288,39.024390243902,0.12036108324974924,0.6619859578736208,9.426078234704113,48.148148148148,0.8124373119358074,0.27528113465094817,0.12532205079771477,62.708333333333,3.761283851554664,14.443329989969909,12.276830491474422,0.7221664994984954,1.8054162487462386,0.3013698630136986,0.6619859578736208,0.39117352056168503,2.1965897693079235,13.54062186559679,0.5115346038114343,31.08324974924774,0.0644266082734288,0.06692716191404142,0.3378859137389491
Mathias Løvik,Serie A,Parma Calcio 1913,DMR,9,479,5.322222222222222,23.076923076923,0.3757828810020877,18.390243602274342,3.5699373695198333,0.0,0.0,0.18789144050104384,0.25,0.3757828810020877,1.6910229645093946,26.666666666667,2.8183716075156577,0.0,1.1273486430062631,18.181818181818,2.066805845511482,0.3757828810020877,0.5636743215031316,0,45.454545454545,1.1273486430062631,0.3757828810020877,10.164926931106473,41.666666666667,2.2546972860125263,0.03381185282200637,0.05998473148792982,79.527559055118,4.133611691022964,23.86221294363257,11.64926931106472,0.18789144050104384,0.3757828810020877,0.0,0.0,0.18789144050104384,0.5636743215031316,18.601252609603343,2.066805845511482,43.96659707724426,0.026700405213429684,0.06230866454837218,0.10567528940348386
Nahuel Estévez,Serie A,Parma Calcio 1913,MC,32,1044,11.6,55.932203389831,1.120689655172414,22.25694463527359,4.3965517241379315,0.1724137931034483,0.08620689655172414,0.5172413793103449,0.5581395348837209,2.0689655172413794,4.051724137931035,27.906976744186,3.706896551724138,0.3448275862068966,0.7758620689655172,0,0.0,1.120689655172414,0.9482758620689655,0,55.555555555556,0.5172413793103449,1.120689655172414,9.830172413793104,42.253521126761,6.120689655172414,0.05434262060463942,0.07004159989042415,77.985074626866,7.844827586206897,46.20689655172414,14.13793103448276,0.1724137931034483,0.1724137931034483,0.1111111111111111,0.08620689655172414,0.603448275862069,0.7758620689655172,7.327586206896552,1.5517241379310345,62.327586206896555,0.09515241302292923,0.11565946781172835,0.20287064040593547
Nesta Elphege,Serie A,Parma Calcio 1913,FW,9,306,3.4,52.777777777778,1.1764705882352942,10.651079332500574,2.9411764705882355,0.0,0.5882352941176471,0.29411764705882354,0.5,0.29411764705882354,0.5882352941176471,0,0.0,0.0,0.0,66.666666666667,1.4705882352941178,0.0,0.8823529411764706,33.333333333333,54.545454545455,0.0,1.1764705882352942,10.21764705882353,0,0.29411764705882354,0.6911605574628886,0.39165764922897023,66.129032258065,6.176470588235294,18.235294117647058,9.117647058823529,0.29411764705882354,1.7647058823529411,0.5,0.8823529411764706,0.0,1.7647058823529411,23.823529411764707,0.5882352941176471,29.11764705882353,0.10497127495267812,0.05593239055836902,0.7167205789729076
Niakhate Ndiaye,Serie A,Parma Calcio 1913,DC,11,780,8.666666666666666,53.333333333333,0.11538461538461539,15.967584473930513,3.1153846153846154,0.0,0.11538461538461539,0.0,0.2857142857142857,0.6923076923076924,5.0769230769230775,0,0.0,0.11538461538461539,0.8076923076923077,66.666666666667,0.23076923076923078,1.3846153846153848,1.5,0,58,1.3846153846153848,0.11538461538461539,8.888076923076923,33.333333333333,5.1923076923076925,0.04158324640817367,0.06006468925625086,83.962264150943,2.307692307692308,48.92307692307693,8.76923076923077,0.0,0.46153846153846156,0.0,0.0,0.23076923076923078,0.6923076923076924,10.961538461538462,1.8461538461538463,64.15384615384616,0.0026026804429980428,0.26217865528395545,0.266708817332983
Oliver Sørensen,Serie A,Parma Calcio 1913,MC,34,1835,20.38888888888889,35.897435897436,0.49046321525885556,16.9209088528349,2.991825613079019,0.049046321525885554,0.09809264305177111,0.24523160762942778,0.5294117647058824,0.44141689373297,1.5204359673024523,14.285714285714,0.6866485013623979,0.8337874659400545,0.7356948228882834,30.434782608696,1.0790190735694822,0.9809264305177111,0.6376021798365122,6.6666666666667,41.747572815534,0.8337874659400545,0.49046321525885556,11.947683923705721,48.571428571429,1.7166212534059946,0.10030473610360875,0.13634014129638672,82.879377431907,6.7193460490463215,25.209809264305175,8.239782016348773,0.049046321525885554,0.44141689373297,0.2,0.14713896457765668,0.29427792915531337,0.7356948228882834,28.25068119891008,0.88283378746594,38.20708446866485,0.0363088719983273,0.16753353155154624,0.2473142924096831
Patrick Cutrone,Serie A,Parma Calcio 1913,FW,15,891,9.9,33.333333333333,0.30303030303030304,16.15728921037586,2.121212121212121,0.20202020202020202,0.5050505050505051,0.8080808080808081,0.2222222222222222,0.20202020202020202,0.7070707070707071,0,1.2121212121212122,0.5050505050505051,0.40404040404040403,33.333333333333,1.2121212121212122,1.6161616161616161,0.7070707070707071,4,51.020408163265,0.30303030303030304,0.30303030303030304,9.687878787878788,12.5,0.8080808080808081,0.3304466197850427,0.13085686143487693,65.714285714286,4.848484848484849,17.676767676767675,12.020202020202019,0.8080808080808081,1.6161616161616161,0.28,0.7070707070707071,0.9090909090909091,2.525252525252525,17.373737373737374,0.6060606060606061,33.33333333333333,0.06657269341175003,0.08346526253253522,0.40395594164352827
Pontus Almqvist,Serie A,Parma Calcio 1913,FWL,13,452,5.022222222222222,50,1.7920353982300885,16.727308692053658,4.18141592920354,0.5973451327433629,0.19911504424778761,0.39823008849557523,0.5,0.39823008849557523,0.5973451327433629,57.142857142857,1.3938053097345133,2.3893805309734515,0.995575221238938,37.5,3.185840707964602,2.7876106194690267,1.1946902654867257,0,47.540983606557,1.1946902654867257,1.7920353982300885,10.877654867256638,33.333333333333,1.1946902654867257,0.06720216236019556,0.06750083863735198,78.301886792453,7.367256637168142,21.106194690265486,12.345132743362832,0.19911504424778761,0.995575221238938,0.4,0.39823008849557523,0.0,0.995575221238938,28.274336283185843,1.7920353982300885,43.008849557522126,0.362300127415003,0.19729302841675492,0.5023594395941602
Sascha Britschgi,Serie A,Parma Calcio 1913,DMR,29,2112,23.466666666666665,40.740740740741,0.7244318181818182,24.049883598687398,3.2812500000000004,0.1278409090909091,0.0,0.17045454545454547,0.46875,0.6392045454545455,1.6193181818181819,22.448979591837,2.088068181818182,0.8096590909090909,1.4488636363636365,50,0.7670454545454546,0.9801136363636365,0.7670454545454546,0,45.138888888889,0.34090909090909094,0.7670454545454546,9.1359375,35.714285714286,1.7897727272727273,0.017471023152624682,0.031537436665250704,76.09756097561,5.15625,26.207386363636367,11.505681818181818,0.2982954545454546,0.17045454545454547,0.23076923076923078,0.1278409090909091,0.3835227272727273,0.5539772727272728,16.278409090909093,1.40625,44.53125,0.0867185352597682,0.07853160206154412,0.17351556263747625
Tjas Begic,Serie A,Parma Calcio 1913,Non,1,1,0.011111111111111112,0,0.0,0,0.0,0.0,0.0,0.0,0,0.0,0.0,0,0.0,0.0,0.0,0,0.0,0.0,0.0,0,0,0.0,0.0,0.0,0,0.0,0.0,0,0,0.0,90.0,90.0,0.0,0.0,0,0.0,0.0,0.0,0.0,0.0,90.0,0.0,0.0,0.0
Zion Suzuki,Serie A,Parma Calcio 1913,GK,20,1800,20.0,100,0.05,0,8.9,0.0,0.0,0.0,0.5806451612903226,1.8,1.25,0,0.0,0.0,0.05,0,0.0,0.2,0.0,0,80,0.0,0.05,3.6625,37.914691943128,21.1,0.0,0,61.945636623748,3.4,34.95,13.7,0.0,0.0,0,0.0,0.0,0.0,0.4,0.0,46.1,0.0012850521132349968,0.032936685252934694,0.034221737366169694
Adrian Semper,Serie A,Pisa,GK,25,2250,25.0,92.307692307692,0.0,0,7.88,0.0,0.0,0.0,0.589041095890411,1.72,1.0,0,0.0,0.0,0.04,0,0.0,0.24,0.0,0,80,0.0,0.0,3.3327999999999998,41.649484536082,19.4,0.0,0,61.528150134048,1.88,29.84,11.76,0.0,0.0,0,0.0,0.0,0.0,0.2,0.0,39.2,0.0,0.0311829623952508,0.0311829623952508
Antonio Caracciolo,Serie A,Pisa,DC,35,3074,34.15555555555556,57.894736842105,0.05855562784645413,21.20949536957784,3.3669486011711123,0.0,0.029277813923227064,0.14638906961613532,0.44545454545454544,1.434612882238126,5.621340273259596,33.333333333333,0.08783344176968119,0.2342225113858165,0.9661678594664931,33.333333333333,0.26350032530904355,0.3220559531554977,1.1711125569290826,8,50.602409638554,1.4638906961613531,0.05855562784645413,9.101008458035134,38.650306748466,4.772283669486011,0.06923842300353698,0.09459507213905453,84.253246753247,1.5810019518542615,36.070266753415744,6.968119713728041,0.029277813923227064,0.5270006506180871,0.24,0.17566688353936238,0.20494469746258945,0.7319453480806766,10.422901756668834,2.0787247885491213,51.616785946649316,0.004739899602739859,0.11316495656387889,0.13533866767654595
Arturo Calabresi,Serie A,Pisa,DC,26,1516,16.844444444444445,46.341463414634,0.23746701846965698,34.12318079083117,3.383905013192612,0.0,0.0,0.11873350923482849,0.2727272727272727,0.5343007915567282,4.096306068601583,17.647058823529,1.0092348284960422,0.2968337730870712,1.1873350923482848,22.222222222222,0.5343007915567282,1.4841688654353562,1.9591029023746702,0,40,1.1279683377308707,0.23746701846965698,9.631662269129288,42.647058823529,4.036939313984169,0.014293910935521126,0.06019324716180563,82.273603082852,3.5026385224274406,30.811345646437992,9.973614775725594,0.17810026385224273,0.17810026385224273,0.25,0.059366754617414245,0.059366754617414245,0.23746701846965698,9.558047493403693,1.1279683377308707,52.65831134564644,0.003867138319680747,0.13017385071978996,0.13436804089380677
Brando Bettazzi,Serie A,Pisa,Non,1,13,0.14444444444444443,0,0.0,0,13.846153846153847,0.0,0.0,0.0,1.0,6.923076923076923,0.0,0,0.0,0.0,0.0,50,13.846153846153847,6.923076923076923,6.923076923076923,0,60,0.0,0.0,12.80769230769231,0,0.0,0.0,0,100,6.923076923076923,27.692307692307693,6.923076923076923,6.923076923076923,0.0,0,0.0,0.0,0.0,13.846153846153847,6.923076923076923,62.307692307692314,0.0,0.4388453983343565,0.4388453983343565
Calvin Stengs,Serie A,Pisa,MR,4,61,0.6777777777777778,50,1.4754098360655736,23.565853640849955,4.426229508196721,0.0,0.0,0.0,0.5,1.4754098360655736,0.0,0,4.426229508196721,8.852459016393443,2.9508196721311473,0,0.0,2.9508196721311473,0.0,0,33.333333333333,0.0,1.4754098360655736,9.486885245901638,50,2.9508196721311473,0.07490898070276761,0.025385821238160133,82.142857142857,19.18032786885246,41.31147540983606,23.606557377049178,0.0,0.0,0.5,1.4754098360655736,2.9508196721311473,2.9508196721311473,10.327868852459016,2.9508196721311473,73.77049180327869,0.012250001710213598,0.0625461791871024,0.11390075881461628
Daniel Denoon,Serie A,Pisa,DC,2,123,1.3666666666666667,0,0.0,0,2.926829268292683,0.0,0.0,0.0,0,0.0,2.1951219512195124,0,0.0,0.7317073170731707,0.0,0,0.0,2.1951219512195124,2.926829268292683,0,54.545454545455,0.7317073170731707,0.0,9.607317073170732,33.333333333333,2.1951219512195124,0.0,0,84.375,0.0,23.414634146341463,8.048780487804878,0.0,0.0,0,0.0,0.0,0.0,13.170731707317072,2.1951219512195124,41.70731707317073,0.0,0.009147737220656581,0.009147737220656581
Ebenezer Akinsanmiro,Serie A,Pisa,MC,24,1445,16.055555555555557,43.75,0.9965397923875432,22.167912039917283,6.664359861591695,0.18685121107266434,0.1245674740484429,0.1245674740484429,0.5294117647058824,1.121107266435986,0.8719723183391003,27.272727272727,0.6851211072664359,1.3702422145328719,0.6228373702422144,52.5,2.4913494809688577,1.7439446366782005,1.8685121107266434,0,53.658536585366,1.681660899653979,0.9965397923875432,10.437508650519032,50,2.4913494809688577,0.06929238125759218,0.08557905206600061,85.65815324165,7.474048442906573,31.70242214532872,10.214532871972317,0.6851211072664359,0.2491349480968858,0.23076923076923078,0.18685121107266434,0.560553633217993,0.8096885813148789,15.633217993079583,2.4290657439446366,50.20069204152249,0.10234280494541238,0.11179536155660258,0.2676756369356053
Felipe Loyola,Serie A,Pisa,MC,11,538,5.977777777777778,14.285714285714,0.6691449814126395,23.255374653431865,4.684014869888475,0.16728624535315986,0.0,0.8364312267657993,0.5714285714285714,1.338289962825279,1.338289962825279,0,0.6691449814126395,2.007434944237918,0.6691449814126395,50,1.003717472118959,0.3345724907063197,1.338289962825279,11.111111111111,35.714285714286,1.1710037174721188,0.6691449814126395,11.581226765799258,64.285714285714,2.3420074349442377,0.12628750164117178,0.0838798467690746,87.037037037037,5.185873605947955,36.133828996282524,10.87360594795539,0.3345724907063197,0.8364312267657993,0.1111111111111111,0.16728624535315986,0.6691449814126395,1.5055762081784387,14.553903345724907,1.6728624535315986,51.858736059479554,0.09090597696297674,0.08388632499927925,0.2732530409352487
Filip Stojilkovic,Serie A,Pisa,FW,13,659,7.322222222222222,10,0.27314112291350534,13.963923630487901,0.9559939301972686,0.27314112291350534,0.8194233687405159,0.13657056145675267,0.4,0.27314112291350534,0.13657056145675267,66.666666666667,0.40971168437025796,0.40971168437025796,0.13657056145675267,50,0.5462822458270107,0.0,1.0925644916540214,0,22.222222222222,0.0,0.27314112291350534,9.990136570561457,100,0.13657056145675267,0.3183291793683592,0.23308769911527633,72.058823529412,1.9119878603945373,9.286798179059181,4.3702579666160855,0.27314112291350534,1.2291350531107739,0.4,0.5462822458270107,0.13657056145675267,1.3657056145675266,21.57814871016692,0.27314112291350534,15.159332321699546,0.09768298548704214,0.08375859857510001,0.4798865762619763
Francesco Coppola,Serie A,Pisa,DC,7,461,5.122222222222222,30,0.0,13.183887150196481,2.3427331887201737,0.0,0.0,0.3904555314533623,0.3333333333333333,0.3904555314533623,2.537960954446855,50,0.3904555314533623,0.19522776572668116,2.3427331887201737,0,0.0,1.7570498915401302,1.366594360086768,0,52.380952380952,0.7809110629067246,0.0,10.188937093275488,50,1.1713665943600868,0.018085493926371,0.046318959444761276,83.739837398374,3.3188720173535793,24.013015184381782,9.566160520607376,0.0,0.3904555314533623,0.0,0.0,0.0,0.3904555314533623,16.399132321041215,2.537960954446855,48.611713665943604,0.0,0.024473629245401207,0.03605778088667905
Gabriele Piccinini,Serie A,Pisa,MC,25,872,9.688888888888888,47.222222222222,0.7224770642201835,13.890748177950282,3.4059633027522938,0.20642201834862386,0.5160550458715597,0.6192660550458716,0.5714285714285714,0.41284403669724773,1.0321100917431194,10.526315789474,1.9610091743119267,1.1353211009174313,0.7224770642201835,33.333333333333,1.2385321100917432,1.2385321100917432,1.1353211009174313,0,50.684931506849,0.20642201834862386,0.7224770642201835,12.174770642201835,63.636363636364,1.1353211009174313,0.2984546599995106,0.15219442311086154,78.448275862069,5.263761467889909,23.94495412844037,10.527522935779817,0.6192660550458716,1.8577981651376148,0.3684210526315789,0.7224770642201835,0.10321100917431193,1.9610091743119267,28.486238532110093,2.2706422018348627,39.83944954128441,0.14851881368427514,0.07784855210247937,0.4548480885034991
Giovanni Bonfanti,Serie A,Pisa,DC,9,495,5.5,52.941176470588,0.5454545454545454,13.76163896363933,3.4545454545454546,0.0,0.0,0.36363636363636365,0.3333333333333333,1.0909090909090908,4.7272727272727275,16.666666666667,2.1818181818181817,0.9090909090909091,0.36363636363636365,41.666666666667,2.0,0.5454545454545454,1.8181818181818181,0,47.727272727273,1.2727272727272727,0.5454545454545454,10.16,31.428571428571,6.363636363636363,0.05206856656480919,0.04772951935107509,65,3.090909090909091,25.454545454545453,17.636363636363637,0.18181818181818182,1.0909090909090908,0.16666666666666666,0.18181818181818182,0.0,1.0909090909090908,16.90909090909091,2.3636363636363638,52.36363636363637,0.020313575863838196,0.023941299116069622,0.075625786727125
Henrik Meister,Serie A,Pisa,FW,28,1512,16.8,42.307692307692,0.2976190476190476,13.193054851062575,1.726190476190476,0.05952380952380952,0.5357142857142857,0.23809523809523808,0.0,0.0,0.41666666666666663,0,0.05952380952380952,1.5476190476190474,0.2976190476190476,35.135135135135,2.202380952380952,1.0119047619047619,1.5476190476190474,10,31.25,0.05952380952380952,0.2976190476190476,10.097619047619046,33.333333333333,0.35714285714285715,0.3165796333702192,0.2659268920309842,64.102564102564,2.4404761904761902,9.285714285714285,9.523809523809524,0.35714285714285715,1.130952380952381,0.4,0.47619047619047616,0.05952380952380952,1.1904761904761905,23.869047619047617,0.2976190476190476,22.5,0.03867535607977992,0.08206193457313236,0.4360866259473065
Idrissa Touré,Serie A,Pisa,DMR,32,2286,25.4,60,0.7874015748031497,12.891043072747587,4.3700787401574805,0.2362204724409449,0.15748031496062992,0.2755905511811024,0.3225806451612903,0.3937007874015748,3.070866141732284,16.666666666667,2.598425196850394,0.984251968503937,0.9055118110236221,47.727272727273,1.6929133858267718,0.7480314960629921,0.9055118110236221,3.448275862069,47.368421052632,0.9055118110236221,0.7874015748031497,10.68503937007874,40,2.5590551181102366,0.11802772874027256,0.10337601068975596,65.76980568012,5.31496062992126,26.338582677165356,16.496062992125985,0.2362204724409449,1.0236220472440944,0.27586206896551724,0.31496062992125984,0.11811023622047245,1.141732283464567,21.61417322834646,1.6929133858267718,48.22834645669292,0.14041623155637756,0.11960396480812567,0.2879340419780434
Isak Vural,Serie A,Pisa,MC,15,752,8.355555555555556,36.842105263158,0.35904255319148937,16.656660487351953,4.069148936170213,0.11968085106382978,0.11968085106382978,0.11968085106382978,0.7058823529411765,1.4361702127659575,0.9574468085106382,20,0.5984042553191489,0.7180851063829787,0.35904255319148937,50,2.154255319148936,3.949468085106383,1.9148936170212765,0,61.44578313253,0.23936170212765956,0.35904255319148937,10.74973404255319,61.538461538462,3.111702127659574,0.09118894123759595,0.12698904409383735,82.857142857143,3.829787234042553,25.132978723404253,8.018617021276595,0.4787234042553191,0.4787234042553191,0.16666666666666666,0.11968085106382978,0.23936170212765956,0.7180851063829787,13.284574468085106,1.077127659574468,40.452127659574465,0.020260972198732987,0.14598188622101665,0.23132507161712867
Juan Cuadrado,Serie A,Pisa,DR,19,501,5.566666666666666,33.333333333333,2.3353293413173652,25.15361080731284,5.209580838323354,0.3592814371257485,0.0,0.8982035928143713,0.41379310344827586,2.155688622754491,1.25748502994012,40.909090909091,7.904191616766467,1.6167664670658684,1.6167664670658684,43.333333333333,5.389221556886228,2.874251497005988,1.6167664670658684,10,51.648351648352,0.718562874251497,2.3353293413173652,10.496407185628742,60,5.389221556886228,0.03534926876738043,0.019677759613841772,81.481481481481,7.904191616766467,38.80239520958084,19.580838323353294,0.17964071856287425,0.5389221556886228,0.2,0.3592814371257485,1.25748502994012,1.7964071856287427,18.1437125748503,3.2335329341317367,75.44910179640719,0.1502007944230548,0.11685512993417814,0.259228218402602
Lorran,Serie A,Pisa,Non,9,113,1.2555555555555555,0,0.7964601769911505,11.953344324923705,5.575221238938053,0.0,0.0,0.7964601769911505,0.2857142857142857,1.592920353982301,0.7964601769911505,25,3.185840707964602,1.592920353982301,0.7964601769911505,50,9.557522123893806,2.3893805309734515,0.0,33.333333333333,60.869565217391,2.3893805309734515,0.7964601769911505,13.523893805309735,37.5,6.371681415929204,0.5649408582696872,0.23643821105360985,78.333333333333,15.132743362831858,47.78761061946903,26.283185840707965,0.0,2.3893805309734515,0.3333333333333333,0.7964601769911505,0.0,2.3893805309734515,20.707964601769913,3.982300884955752,86.01769911504425,0.04964524995436711,0.10825934102841184,0.722845455186557
Louis Buffon,Serie A,Pisa,Non,4,36,0.4,0,0.0,0,2.5,0.0,0.0,0.0,0,0.0,0.0,0,0.0,2.5,0.0,0,0.0,2.5,2.5,0,25,0.0,0.0,9.0,0,0.0,0.0,0,83.333333333333,5.0,15.0,17.5,0.0,0.0,0,0.0,0.0,0.0,15.0,0.0,35.0,0.0,0.07107061333954334,0.07107061333954334
Malthe Højholt,Serie A,Pisa,MC,17,856,9.511111111111111,38.461538461538,0.31542056074766356,17.181770834102757,2.94392523364486,0.0,0.2102803738317757,0.0,0.42857142857142855,0.6308411214953271,0.735981308411215,25,0.4205607476635514,0.31542056074766356,1.6822429906542056,33.333333333333,0.31542056074766356,0.5257009345794392,1.47196261682243,0,36.363636363636,0.9462616822429907,0.31542056074766356,11.280490654205607,35,2.102803738317757,0.09982087997562974,0.23735187016427517,84.642857142857,4.100467289719626,29.439252336448597,6.098130841121495,0.10514018691588785,0.2102803738317757,0.5,0.2102803738317757,0.2102803738317757,0.4205607476635514,13.24766355140187,1.47196261682243,37.2196261682243,0.016437417187806322,0.04896767358034501,0.15900273948785998
Marius Marin,Serie A,Pisa,MC,23,1292,14.355555555555556,50,0.1393188854489164,24.369395053745194,4.806501547987616,0.0,0.0,0.1393188854489164,0.5319148936170213,1.741486068111455,1.6021671826625385,5.5555555555556,1.2538699690402477,0.5572755417956656,1.4628482972136223,20,0.348297213622291,1.393188854489164,2.5077399380804954,0,48.872180451128,0.9055727554179567,0.1393188854489164,10.971362229102168,48.571428571429,4.876160990712074,0.005960785445033489,0.02852346220364173,77.181208053691,6.478328173374613,31.137770897832816,9.961300309597522,0.4876160990712074,0.0696594427244582,0.0,0.0,0.1393188854489164,0.2089783281733746,18.320433436532507,3.134674922600619,44.51238390092879,0.0015309579878030545,0.21728715879537003,0.22477889904931142
Mateus Lusuardi,Serie A,Pisa,DC,3,199,2.2111111111111112,80,0.4522613065326633,15.106171109305153,3.165829145728643,0.0,0.0,1.3567839195979898,0.25,0.4522613065326633,5.427135678391959,0,0.4522613065326633,0.0,1.3567839195979898,50,0.9045226130653266,0.0,1.809045226130653,0,27.272727272727,0.0,0.4522613065326633,9.366331658291458,44.444444444444,4.0703517587939695,0.05415221460949835,0.029934140853583813,82.278481012658,1.809045226130653,35.7286432160804,7.688442211055276,0.0,1.809045226130653,0.0,0.0,0.0,1.809045226130653,12.21105527638191,0.9045226130653266,48.391959798994975,0.06533869921262539,0.05104283516730495,0.05104283516730495
Matteo Tramoni,Serie A,Pisa,AMC,27,1615,17.944444444444443,60,1.5603715170278638,19.801675364683007,3.6780185758513935,0.22291021671826627,0.1671826625386997,0.39009287925696595,0.28,0.39009287925696595,0.5572755417956656,32.352941176471,3.7894736842105265,1.0030959752321982,1.0588235294117647,23.529411764706,1.8390092879256967,0.8359133126934986,0.8359133126934986,7.1428571428571,41.666666666667,0.8916408668730651,1.5603715170278638,10.530278637770898,46.875,1.7832817337461302,0.13664643753654448,0.08757301453234893,72.176308539945,7.133126934984521,20.229102167182663,12.98452012383901,1.0030959752321982,0.8916408668730651,0.32142857142857145,0.5015479876160991,0.6687306501547988,1.5603715170278638,29.089783281733748,1.7832817337461302,38.5077399380805,0.1607460846530487,0.16878185274754148,0.396250547731624
Mehdi Leris,Serie A,Pisa,MR,34,1912,21.244444444444444,65.882352941176,1.2709205020920502,19.198985393956868,4.989539748953975,0.23535564853556487,0.1412133891213389,0.47071129707112974,0.42105263157894735,0.7531380753138076,1.74163179916318,32.65306122449,4.612970711297072,0.8472803347280335,0.9414225941422595,40.47619047619,1.9769874476987448,1.0355648535564854,1.2709205020920502,8,55.263157894737,1.0355648535564854,1.2709205020920502,10.87484309623431,34.328358208955,3.153765690376569,0.09287614834681933,0.07892408695071935,70.159857904085,7.107740585774059,26.501046025104603,15.957112970711298,0.4236401673640168,0.8002092050209205,0.28,0.32949790794979084,0.3765690376569038,1.1767782426778244,22.594142259414227,3.153765690376569,51.637029288702934,0.11510763018271228,0.08891620424821599,0.2379838640657429
Michel Aebischer,Serie A,Pisa,MC,35,2900,32.22222222222222,40,1.0241379310344827,23.784404840031776,5.244827586206896,0.2482758620689655,0.03103448275862069,0.09310344827586207,0.4830508474576271,1.7689655172413794,0.993103448275862,34.090909090909,1.3655172413793104,0.3724137931034483,1.0862068965517242,48.275862068966,0.8689655172413794,1.1793103448275863,1.396551724137931,5.2631578947368,52.702702702703,1.1482758620689655,1.0551724137931036,10.846551724137932,52.542372881356,5.493103448275862,0.02575583492309369,0.043679486126884035,85.546108567691,8.53448275862069,47.45172413793104,10.458620689655172,0.3413793103448276,0.18620689655172415,0.2631578947368421,0.15517241379310345,0.403448275862069,0.5896551724137932,16.29310344827586,2.0172413793103448,60.889655172413796,0.10664383458487432,0.22087519556155494,0.30757336595641643
Nícolas,Serie A,Pisa,GK,6,540,6.0,100,0.0,0,9.833333333333334,0.0,0.0,0.0,0.5333333333333333,1.3333333333333333,0.6666666666666666,0,0.0,0.0,0.3333333333333333,100,0.16666666666666666,0.5,0.0,0,60,0.0,0.0,4.636666666666667,45.528455284553,20.5,0.0,0,64.921465968586,1.8333333333333333,31.833333333333332,11.166666666666666,0.0,0.0,0,0.0,0.0,0.0,0.3333333333333333,0.0,41.666666666666664,0.0,0.012023492095371088,0.012023492095371088
Rafiu Durosinmi,Serie A,Pisa,FW,12,430,4.777777777777778,44.230769230769,0.627906976744186,11.616672725167804,2.511627906976744,0.0,0.20930232558139536,0.20930232558139536,1.0,0.20930232558139536,1.0465116279069768,0,0.0,2.302325581395349,0.4186046511627907,42.857142857143,1.255813953488372,0.4186046511627907,3.1395348837209305,11.111111111111,14.705882352941,0.20930232558139536,0.627906976744186,10.33953488372093,100,0.627906976744186,0.1590295096989288,0.08442307305004862,60,3.558139534883721,17.790697674418606,14.44186046511628,0.20930232558139536,1.6744186046511629,0.5555555555555556,1.0465116279069768,0.20930232558139536,1.8837209302325582,24.488372093023255,0.0,33.69767441860465,0.018336615503527397,0.038242111199123914,0.19390776120992595
Raúl Albiol,Serie A,Pisa,DC,8,502,5.5777777777777775,46.666666666667,0.5378486055776893,14.928747666638897,3.406374501992032,0.17928286852589642,0.0,0.17928286852589642,0.6333333333333333,3.406374501992032,10.756972111553786,100,0.17928286852589642,0.17928286852589642,0.35856573705179284,0,0.0,0.35856573705179284,1.0756972111553786,0,50,1.0756972111553786,0.5378486055776893,9.466135458167331,59.259259259259,9.681274900398407,0.012127773695258031,0.06764602661132812,86.166007905138,3.047808764940239,45.3585657370518,6.99203187250996,0.17928286852589642,0.17928286852589642,0.0,0.0,0.0,0.17928286852589642,9.681274900398407,1.254980079681275,63.10756972111554,0.1630858404643507,0.15268319935734528,0.1743403768011061
Rosen Bozhinov,Serie A,Pisa,DC,9,614,6.822222222222222,61.538461538462,0.5863192182410424,11.376048790439334,2.9315960912052117,0.1465798045602606,0.0,0.0,0.36666666666666664,1.6123778501628665,4.1042345276872965,33.333333333333,0.4397394136807818,0.0,0.2931596091205212,0,0.0,0.1465798045602606,1.7589576547231272,0,31.818181818182,1.6123778501628665,0.5863192182410424,9.964495114006516,29.72972972973,5.423452768729642,0.016365489157990642,0.037216334603726864,87.409200968523,3.664495114006515,60.537459283387626,9.82084690553746,0.0,0.4397394136807818,0.3333333333333333,0.1465798045602606,0.0,0.4397394136807818,10.553745928338763,1.0260586319218241,76.22149837133551,0.0485320463594571,0.26733919517030935,0.3272989118040967
Samuel Iling-Junior,Serie A,Pisa,DML,5,107,1.1888888888888889,0,0.8411214953271028,,4.205607476635514,0.0,0.0,0.0,0,0.0,0.0,20,4.205607476635514,2.5233644859813085,0.8411214953271028,0,0.0,0.0,0.8411214953271028,0,20,0.0,0.8411214953271028,11.834579439252337,0,0.8411214953271028,0.0,0,56.666666666667,4.205607476635514,25.233644859813083,22.710280373831775,0.0,0.0,0,0.0,0.0,0.0,20.186915887850468,1.6822429906542056,44.57943925233645,0.023980404067540838,0.0,0.023980404067540838
Samuele Angori,Serie A,Pisa,DML,35,2604,28.933333333333334,44.186046511628,1.3133640552995391,20.381471677888857,3.4907834101382487,0.1728110599078341,0.06912442396313365,0.2073732718894009,0.33695652173913043,1.0714285714285714,2.108294930875576,27.218934911243,5.841013824884793,0.44930875576036866,0.5529953917050692,50,0.6221198156682027,1.900921658986175,0.5875576036866359,0,66.871165644172,0.7603686635944701,1.3133640552995391,10.66278801843318,35.294117647059,4.700460829493087,0.04557237928209629,0.094182917182999,72.738853503185,5.944700460829493,27.131336405529954,13.963133640552995,0.10368663594470046,0.2073732718894009,0.21428571428571427,0.10368663594470046,0.2764976958525346,0.4838709677419355,18.870967741935484,1.5898617511520736,47.03917050691244,0.1332631542493293,0.19325072915735333,0.2785581492278124
Simone Canestrelli,Serie A,Pisa,DC,37,3201,35.56666666666667,61.437908496732,0.2811621368322399,11.634020096470497,2.727272727272727,0.02811621368322399,0.05623242736644798,0.14058106841611995,0.4567901234567901,1.0402999062792877,5.229615745079662,8.3333333333333,0.33739456419868785,0.16869728209934393,0.3655107778819119,60,0.14058106841611995,0.5904404873477038,1.1808809746954076,6.25,52.032520325203,0.9278350515463917,0.2811621368322399,9.822680412371133,42.441860465116,4.835988753514526,0.037924149104209846,0.08430222311289981,81.363996827914,2.783505154639175,35.45454545454545,9.503280224929709,0.05623242736644798,0.42174320524835984,0.1875,0.08434864104967196,0.02811621368322399,0.4498594189315838,11.640112464854731,1.1246485473289596,52.52108716026241,0.013266658452326377,0.08496619938177098,0.10311409512459672
Simone Scuffet,Serie A,Pisa,GK,7,630,7.0,100,0.0,0,6.714285714285714,0.0,0.0,0.0,0.6153846153846154,3.4285714285714284,1.2857142857142858,0,0.0,0.0,0.0,0,0.0,0.5714285714285714,0.0,0,100,0.0,0.0,3.165714285714286,48.993288590604,21.285714285714285,0.0,0,67.510548523207,2.4285714285714284,33.857142857142854,11.0,0.0,0.0,0,0.0,0.0,0.0,0.14285714285714285,0.0,41.142857142857146,0.0,0.08325438414301191,0.08325438414301191
Stefano Moreo,Serie A,Pisa,FW,37,2321,25.788888888888888,53.333333333333,0.9694097371822491,13.188396961771389,3.024558380008617,0.19388194743644982,0.19388194743644982,0.23265833692373977,0.41304347826086957,0.7367514002585093,1.977595863851788,10.714285714286,1.085738905644119,0.38776389487289964,0.38776389487289964,48.148148148148,1.046962516156829,0.7755277897457993,0.8530805687203792,13.461538461538,49.019607843137,0.8530805687203792,0.9694097371822491,10.929125376992676,38.636363636364,1.7061611374407584,0.18223377094732077,0.09037704751468621,59.85401459854,5.079707022834985,21.2494614390349,13.028866867729427,0.46531667384747954,1.8224903059026283,0.38461538461538464,0.7755277897457993,0.19388194743644982,2.016372253339078,21.2494614390349,0.6591986212839294,35.286514433433865,0.13752176320017387,0.14296068677912238,0.3846752830892994
Tomás Esteves,Serie A,Pisa,Non,1,13,0.14444444444444443,100,0.0,0,0.0,0.0,0.0,0.0,0,0.0,0.0,0,0.0,0.0,0.0,0,0.0,0.0,0.0,0,0,0.0,0.0,11.838461538461539,0,0.0,0.0,0,80,0.0,34.61538461538462,13.846153846153847,0.0,0.0,0,0.0,0.0,0.0,13.846153846153847,0.0,48.46153846153847,0.0,0.0,0.0
M'Bala Nzola,Serie A,"Pisa,Sassuolo",FW,30,1520,16.88888888888889,55.844155844156,1.1842105263157894,14.027979825009307,4.203947368421052,0.05921052631578947,0.29605263157894735,0.6513157894736842,0.3333333333333333,0.11842105263157894,0.7105263157894737,14.285714285714,0.4144736842105263,2.25,0.17763157894736842,51.351351351351,2.1907894736842106,1.5394736842105263,1.7171052631578947,10.25641025641,39.84962406015,0.17763157894736842,1.1842105263157894,9.751973684210526,70,0.5921052631578947,0.10979618323280622,0.047547065103665374,78.787878787879,6.394736842105263,17.585526315789473,11.427631578947368,0.8289473684210527,1.9539473684210527,0.28205128205128205,0.6513157894736842,0.35526315789473684,2.3092105263157894,19.42105263157895,0.47368421052631576,34.63815789473684,0.0242901408652726,0.038580947187974265,0.157557212674108
Alessandro Romano,Serie A,Roma,DMC,2,10,0.1111111111111111,0,0.0,,27.0,0.0,0.0,0.0,0,0.0,0.0,0,0.0,0.0,9.0,100,9.0,0.0,18.0,0,25,0.0,0.0,10.53,0,9.0,0.0,0,85.714285714286,18.0,63.0,18.0,0.0,0.0,0,0.0,0.0,0.0,18.0,0.0,90.0,0.0,4.799095273017883,4.799095273017883
Angelino,Serie A,Roma,DML,7,418,4.644444444444445,50,1.076555023923445,16.6868221681584,4.7368421052631575,0.0,0.0,0.21531100478468898,0.5454545454545454,3.8755980861244015,1.2918660287081338,22.222222222222,3.8755980861244015,0.43062200956937796,1.2918660287081338,0,0.0,0.43062200956937796,1.076555023923445,0,40.740740740741,0.43062200956937796,1.076555023923445,9.602870813397129,50,4.7368421052631575,0.05008796176485467,0.04652615115046501,78.468899521531,12.488038277511961,44.99999999999999,15.502392344497606,0.0,1.076555023923445,0.4,0.43062200956937796,0.0,1.076555023923445,17.870813397129186,1.9377990430622007,67.60765550239233,0.06039249225024971,0.1336492511608669,0.17006894609218007
Antonio Arena,Serie A,Roma,Non,2,25,0.2777777777777778,0,0.0,15.906531507961025,0.0,0.0,0.0,7.199999999999999,0,0.0,0.0,0,0.0,7.199999999999999,3.5999999999999996,0,0.0,0.0,0.0,0,0,0.0,0.0,13.104,0,0.0,0.6378459870815277,0.08858972042798996,75,3.5999999999999996,14.399999999999999,10.799999999999999,0.0,3.5999999999999996,0.0,0.0,3.5999999999999996,7.199999999999999,46.8,0.0,32.4,0.0,0.0,0.6378459870815277
Artem Dovbyk,Serie A,Roma,FW,14,396,4.4,65.217391304348,2.5,9.966599977177452,1.1363636363636362,0.45454545454545453,0.6818181818181818,0.22727272727272727,0.5,0.45454545454545453,0.6818181818181818,0,0.22727272727272727,2.5,0.0,66.666666666667,0.45454545454545453,1.3636363636363635,2.5,25,33.333333333333,0.22727272727272727,2.5,9.779545454545454,0,0.0,0.704051400958137,0.25815218035131693,71.264367816092,6.59090909090909,19.77272727272727,12.499999999999998,0.22727272727272727,2.727272727272727,0.5,1.3636363636363635,0.0,2.727272727272727,13.18181818181818,0.6818181818181818,36.590909090909086,0.2939903185787526,0.17781952142038127,0.8674412119117649
Bryan Cristante,Serie A,Roma,MC,37,3103,34.477777777777774,53.77358490566,0.7831131163390268,15.491904041769121,5.3947792458910735,0.0870125684821141,0.058008378988076065,0.43506284241057047,0.46153846153846156,2.4363519174991946,1.943280696100548,31.578947368421,0.5510796003867225,0.6670963583628747,0.5510796003867225,59.090909090909,0.6380921688688367,0.26103770544634225,1.827263938124396,4.5454545454545,45.098039215686,0.7831131163390268,0.7831131163390268,10.927908475668708,51.489361702128,6.8159845310989375,0.06809695879531089,0.0533598139247095,81.305777360263,13.893006767644216,61.74991943280697,14.241057041572674,0.4640670319046085,0.957138253303255,0.18181818181818182,0.23203351595230426,0.31904608443441834,1.2761843377376734,8.469223332259105,2.088301643570738,74.39574605220754,0.06618433833948228,0.31777265184215875,0.37406245181099895
Bryan Zaragoza,Serie A,Roma,FWL,4,135,1.5,0,2.6666666666666665,20.29665500061738,4.666666666666667,0.6666666666666666,0.0,0.0,1.0,0.6666666666666666,0.0,33.333333333333,6.0,1.3333333333333333,0.6666666666666666,60,6.666666666666667,3.3333333333333335,3.3333333333333335,0,52.173913043478,0.0,2.6666666666666665,7.12,100,0.6666666666666666,0.12098832925160725,0.1814824938774109,83.050847457627,16.0,39.333333333333336,19.333333333333332,1.3333333333333333,0.6666666666666666,1.0,0.6666666666666666,0.0,0.6666666666666666,10.666666666666666,0.6666666666666666,67.33333333333333,0.5413199712832769,0.03806270162264506,0.6708981096744537
Daniele Ghilardi,Serie A,Roma,DC,23,1089,12.1,56.818181818182,0.3305785123966942,9.01701522142533,4.545454545454546,0.0,0.08264462809917356,0.08264462809917356,0.425531914893617,1.6528925619834711,4.62809917355372,0,0.3305785123966942,0.49586776859504134,0.9917355371900827,60,0.4132231404958678,1.4049586776859504,1.9008264462809918,0,54.945054945055,1.6528925619834711,0.4132231404958678,9.0900826446281,49.295774647887,5.867768595041323,0.046355438626502175,0.18696693579355875,85.903814262023,7.024793388429752,49.83471074380166,9.008264462809917,0.0,0.24793388429752067,0.0,0.0,0.0,0.24793388429752067,13.057851239669422,2.479338842975207,67.1900826446281,0.03448809566330319,0.20598815523149555,0.23305148286514046
Devyne Rensch,Serie A,Roma,DMR,24,1196,13.28888888888889,39.285714285714,0.7525083612040133,16.121076864928444,3.160535117056856,0.3010033444816053,0.07525083612040133,0.15050167224080266,0.35714285714285715,0.7525083612040133,2.7842809364548495,22.727272727273,1.6555183946488294,0.3010033444816053,0.677257525083612,57.142857142857,0.5267558528428093,1.354515050167224,0.451505016722408,16.666666666667,70.666666666667,1.2792642140468227,0.7525083612040133,9.899247491638796,24.242424242424,2.483277591973244,0.042858966478274314,0.09492467390373349,81.399631675875,10.535117056856187,40.86120401337792,12.115384615384615,0.0,0.3010033444816053,0.3333333333333333,0.15050167224080266,0.15050167224080266,0.451505016722408,16.103678929765884,2.332775919732441,64.11371237458194,0.20441488541949251,0.2712774618581735,0.3662107264573209
Donyell Malen,Serie A,Roma,FW,18,1478,16.42222222222222,35.714285714286,0.4871447902571042,14.055732009709574,2.070365358592693,0.12178619756427606,0.6089309878213803,1.2787550744248986,0.5454545454545454,0.36535859269282817,0.06089309878213803,16.666666666667,0.36535859269282817,2.374830852503383,0.18267929634641408,37.209302325581,2.618403247631935,1.0351826792963466,0.7307171853856563,20,32.203389830508,0.12178619756427606,0.4871447902571042,8.31129905277402,100,0.12178619756427606,0.2885685306097884,0.06769909337162971,77.272727272727,5.054127198917456,13.396481732070367,11.14343707713126,0.7916102841677944,3.775372124492558,0.44285714285714284,1.887686062246279,0.4871447902571042,4.262516914749662,12.422192151556159,0.30446549391069017,29.95940460081191,0.022492810846867196,0.11673789093313747,0.3889595228971987
Evan Ferguson,Serie A,Roma,FW,16,776,8.622222222222222,22.727272727273,1.7396907216494846,16.651447841458893,1.9716494845360826,0.23195876288659795,0.4639175257731959,0.23195876288659795,0.7142857142857143,0.5798969072164949,0.23195876288659795,50,0.23195876288659795,2.3195876288659796,0.4639175257731959,47.058823529412,1.8556701030927836,1.0438144329896908,1.2757731958762888,11.111111111111,35.294117647059,0.11597938144329897,1.7396907216494846,9.993943298969073,100,0.4639175257731959,0.4036966182253103,0.12891710935919373,76.969696969697,6.72680412371134,19.13659793814433,12.409793814432991,0.6958762886597939,2.3195876288659796,0.5555555555555556,1.7396907216494846,0.8118556701030928,3.131443298969072,18.20876288659794,0.8118556701030928,37.22938144329897,0.19557262677219264,0.11982933690137777,0.6268703961053614
Evan Ndicka,Serie A,Roma,DC,31,2683,29.81111111111111,60.8,0.20126723816623185,10.456540598855865,4.595601938128961,0.033544539694371975,0.033544539694371975,0.06708907938874395,0.5666666666666667,1.1405143496086472,4.629146477823332,0,0.033544539694371975,0.20126723816623185,0.2683563175549758,44.444444444444,0.30190085724934773,1.174058889303019,1.0734252702199032,13.04347826087,56.25,1.6436824450242267,0.20126723816623185,8.014461423779352,55.625,5.3671263510995155,0.08033371372533699,0.10412335938409618,90.575275397797,3.4215430488259413,54.811777860603804,6.272828922847559,0.033544539694371975,0.7379798732761834,0.2608695652173913,0.20126723816623185,0.033544539694371975,0.7715244129705554,9.291837495341037,0.8050689526649274,67.79351472232575,0.018870445656334337,0.2286557363435776,0.24040257144459717
Gianluca Mancini,Serie A,Roma,DC,36,3066,34.06666666666667,62.758620689655,0.6164383561643835,10.273137779006976,3.1996086105675143,0.14677103718199608,0.0,0.14677103718199608,0.45045045045045046,1.4677103718199607,3.698630136986301,19.354838709677,0.9099804305283756,0.1761252446183953,0.49902152641878667,66.666666666667,0.14677103718199608,1.232876712328767,2.0841487279843443,20,50.785340314136,1.4383561643835614,0.6457925636007827,9.51252446183953,40,4.403131115459882,0.07028981974009431,0.11972699295729398,86.901152213463,6.810176125244618,48.405088062622305,8.424657534246574,0.11741682974559686,0.557729941291585,0.4,0.23483365949119372,0.029354207436399216,0.5870841487279843,14.911937377690801,1.5264187866927592,63.75733855185909,0.07984896050128218,0.327443881397757,0.36412972521306597
Jan Ziólkowski,Serie A,Roma,DC,18,527,5.855555555555555,56.09756097561,0.17077798861480076,8.936005450324938,3.9278937381404178,0.0,0.0,0.0,0.38461538461538464,0.8538899430740039,7.001897533206831,0,0.0,0.3415559772296015,0.3415559772296015,0,0.0,1.366223908918406,2.049335863377609,0,62.790697674419,1.366223908918406,0.17077798861480076,8.012903225806452,33.333333333333,6.148007590132828,0.024071934595845456,0.07047727517783642,83.858267716535,2.22011385199241,43.3776091081594,7.514231499051234,0.0,0.3415559772296015,0.0,0.0,0.0,0.3415559772296015,11.783681214421254,3.2447817836812147,60.626185958254275,0.007047529634533617,0.13681505200589178,0.13681505200589178
Konstantinos Tsimikas,Serie A,Roma,DL,18,644,7.155555555555556,45.454545454545,0.5590062111801242,18.110696640957745,3.633540372670807,0.0,0.13975155279503104,0.4192546583850931,0.2727272727272727,0.4192546583850931,2.5155279503105588,16.279069767442,6.009316770186335,1.1180124223602483,0.8385093167701863,60,1.3975155279503104,1.1180124223602483,1.2577639751552794,0,48.076923076923,1.1180124223602483,0.5590062111801242,10.411490683229813,30.769230769231,3.633540372670807,0.07943406067672908,0.08119926202510085,80,7.267080745341614,37.034161490683225,16.630434782608695,0.4192546583850931,0.6987577639751552,0.0,0.0,0.2795031055900621,0.9782608695652173,19.425465838509314,1.5372670807453415,64.14596273291926,0.011061676098207324,0.15959272022295443,0.23498215456637814
Kouadio Kone,Serie A,Roma,MC,29,2459,27.322222222222223,50.909090909091,0.915006100040667,18.913218422559826,4.6482309882065875,0.1464009760065067,0.036600244001626675,0.3294021960146401,0.5217391304347826,0.4392029280195201,1.024806832045547,0,0.036600244001626675,1.3176087840585604,1.024806832045547,61.702127659574,1.7202114680764538,1.9398129320862139,1.7202114680764538,9.5238095238095,50.396825396825,0.6588043920292802,0.915006100040667,10.212200081333874,59.322033898305,2.1594143960959737,0.07091939767452216,0.09227026395854496,90.43795620438,13.615290768605124,50.142334282228546,9.04026026840179,0.40260268401789345,0.40260268401789345,0.23809523809523808,0.18300122000813338,0.36600244001626675,0.7686051240341603,9.845465636437575,1.793411956079707,65.14843432289548,0.128082372710236,0.39782611902419895,0.5314460312080316
Leon Bailey,Serie A,Roma,AMR,7,182,2.022222222222222,42.857142857143,0.989010989010989,17.38221349559259,2.967032967032967,0.0,0.0,0.989010989010989,0,0.0,0.0,14.285714285714,6.923076923076923,0.989010989010989,0.4945054945054945,33.333333333333,2.967032967032967,0.4945054945054945,0.989010989010989,0,35.714285714286,0.0,0.989010989010989,10.968131868131868,0,0.0,0.06667719417057195,0.044945367922385536,83.050847457627,13.351648351648352,29.175824175824175,19.285714285714285,0.0,0.4945054945054945,0.3333333333333333,0.4945054945054945,0.989010989010989,1.4835164835164836,16.318681318681318,0.989010989010989,50.934065934065934,0.030894314378991233,0.22937968168612366,0.2653040673460934
Lorenzo Pellegrini,Serie A,Roma,AMC,24,1475,16.38888888888889,45.652173913043,1.7084745762711864,16.855204310057275,3.111864406779661,0.24406779661016947,0.18305084745762712,0.48813559322033895,0.475,1.159322033898305,0.8542372881355932,26.666666666667,5.491525423728813,1.3423728813559321,0.7932203389830508,20.833333333333,1.464406779661017,2.3796610169491523,1.2203389830508475,12.5,43.410852713178,0.8542372881355932,1.7084745762711864,10.085491525423729,60.869565217391,2.806779661016949,0.19846807997358046,0.10164597845869139,77.126099706745,14.216949152542373,41.6135593220339,18.122033898305084,0.4271186440677966,1.3423728813559321,0.375,0.7322033898305085,0.6101694915254238,1.9525423728813558,16.962711864406778,0.7322033898305085,61.81016949152542,0.18295905249098598,0.2993108819349337,0.46229178289235645
Mario Hermoso,Serie A,Roma,DC,27,2096,23.288888888888888,61.728395061728,0.42938931297709926,12.761766424570368,4.165076335877862,0.042938931297709926,0.08587786259541985,0.21469465648854963,0.41333333333333333,1.3311068702290076,3.392175572519084,11.111111111111,0.38645038167938933,0.12881679389312978,0.4723282442748092,30.769230769231,0.5152671755725191,0.8158396946564885,1.717557251908397,15,48.305084745763,1.245229007633588,0.42938931297709926,9.520419847328245,44.776119402985,5.75381679389313,0.09415737206190967,0.10964102880097926,86.98099929627,7.729007633587787,61.016221374045806,9.918893129770993,0.21469465648854963,0.7729007633587787,0.3,0.25763358778625955,0.08587786259541985,0.8587786259541985,11.76526717557252,1.5458015267175573,75.14312977099237,0.0368926873944259,0.24557309165660948,0.30882016024267916
Matìas Soulè Malvano,Serie A,Roma,AMC,33,2167,24.07777777777778,26.470588235294,1.868943239501615,20.801391171246237,5.482233502538071,0.2076603599446239,0.08306414397784956,0.6229810798338716,0.5806451612903226,1.495154591601292,0.49838486386709735,30,2.9072450392247347,2.242731887401938,0.5814490078449469,37.234042553191,3.9040147669589293,1.702814951545916,0.29072450392247345,11.538461538462,41.850220264317,0.373788647900323,1.9104753114905397,10.088555606829718,62.5,2.3257960313797876,0.19431550591241997,0.08997472250260986,84.428715874621,17.02814951545916,41.07521919704661,16.40516843562529,1.5782187355791415,0.9552376557452699,0.34615384615384615,0.747577295800646,1.2044300876788185,2.1596677434240883,15.782187355791416,0.7891093677895707,62.962621135209965,0.1851366247369787,0.3945964583409344,0.6586450385810815
Mehmet Zeki Çelik,Serie A,Roma,DR,34,2730,30.333333333333332,57.142857142857,0.8901098901098902,17.166986720593936,3.8241758241758244,0.06593406593406594,0.06593406593406594,0.26373626373626374,0.5194805194805194,1.3186813186813187,2.241758241758242,20,2.4725274725274726,0.4285714285714286,0.7582417582417583,22.222222222222,1.1868131868131868,0.5934065934065934,1.153846153846154,4.5454545454545,47.849462365591,0.7252747252747253,0.9230769230769231,9.931318681318682,38.095238095238,2.769230769230769,0.05828756798099686,0.08036619221622293,85.226429101707,12.725274725274726,44.40659340659341,12.164835164835166,0.2967032967032967,0.6263736263736264,0.18181818181818182,0.13186813186813187,0.09890109890109891,0.7252747252747253,17.802197802197803,2.10989010989011,66.5934065934066,0.0795390961261896,0.3842451677217589,0.4567958387536007
Mile Svilar,Serie A,Roma,GK,38,3420,38.0,80,0.0,,8.131578947368421,0.0,0.0,0.0,0.5411764705882353,1.2105263157894737,0.6842105263157895,0,0.0,0.0,0.02631578947368421,0,0.0,0.21052631578947367,0.0,0,88.888888888889,0.02631578947368421,0.0,1.111315789473684,38.15331010453,15.105263157894736,0.0,0,69.494430162811,0.4473684210526316,30.710526315789473,9.5,0.0,0.0,0,0.0,0.0,0.0,0.10526315789473684,0.07894736842105263,41.078947368421055,0.0,0.13524432573467493,0.13524432573467493
Neil El Aynaoui,Serie A,Roma,MC,25,995,11.055555555555555,46.428571428571,1.085427135678392,18.011178878624026,4.793969849246231,0.18090452261306533,0.0,0.0,0.625,0.9045226130653267,1.35678391959799,35.294117647059,1.5376884422110553,0.45226130653266333,0.6331658291457286,52.941176470588,1.5376884422110553,0.9045226130653267,2.080402010050251,16.666666666667,46.913580246914,1.5376884422110553,1.085427135678392,11.366231155778895,66.666666666667,2.170854271356784,0.08662907949569237,0.1596221001818776,89.193825042882,9.49748743718593,52.733668341708544,9.407035175879397,0.7236180904522613,0.36180904522613067,0.6666666666666666,0.36180904522613067,0.18090452261306533,0.542713567839196,22.613065326633166,1.8090452261306533,67.5678391959799,0.16046334840544504,0.3360541843102505,0.535199819235646
Niccolò Pisilli,Serie A,Roma,MC,25,1295,14.38888888888889,35.135135135135,0.9034749034749034,16.56039132888917,5.281853281853282,0.2084942084942085,0.0694980694980695,0.416988416988417,0.4,0.9729729729729729,1.0424710424710424,33.333333333333,1.0424710424710424,1.4594594594594594,1.111969111969112,29.62962962963,1.806949806949807,0.277992277992278,1.3899613899613898,10.526315789474,34.210526315789,1.667953667953668,0.9034749034749034,10.788880308880309,35.593220338983,4.100386100386101,0.15796242237206132,0.1196265128490172,86.083743842365,12.857142857142858,56.43243243243243,13.552123552123552,0.6254826254826255,0.9034749034749034,0.2631578947368421,0.34749034749034746,0.416988416988417,1.3204633204633205,12.996138996138995,1.8764478764478765,73.52895752895753,0.15415871963192596,0.27982385924021247,0.45565192207233784
Paulo Dybala,Serie A,Roma,FW,22,1355,15.055555555555555,40,3.653136531365314,18.381874651412428,3.985239852398524,0.5977859778597786,0.3985239852398524,0.929889298892989,0.6666666666666666,2.2583025830258303,0.13284132841328414,29.591836734694,6.509225092250922,1.5940959409594095,0.5313653136531366,35.185185185185,3.586715867158672,2.6568265682656826,0.7306273062730627,4.6511627906977,46.896551724138,0.2656826568265683,3.653136531365314,10.018228782287824,70.212765957447,3.121771217712177,0.3668954520042972,0.12846081071468288,83.601756954612,18.26568265682657,45.36531365313653,19.2619926199262,0.8634686346863468,1.7269372693726937,0.4186046511627907,1.1955719557195572,1.1291512915129152,2.856088560885609,8.70110701107011,0.6642066420664207,69.67527675276753,0.4226605043337574,0.22455819496864324,0.7582810942592216
Robinio Vaz,Serie A,Roma,FW,12,221,2.4555555555555557,31.25,0.0,10.280474060280445,2.0361990950226243,0.0,0.0,0.4072398190045249,0,0.0,0.4072398190045249,33.333333333333,1.2217194570135745,2.443438914027149,0.4072398190045249,0,0.0,4.886877828054298,0.8144796380090498,20,52.173913043478,0.8144796380090498,0.0,2.1665158371040723,0,0.0,0.2668570406836082,0.13105645775794983,65.714285714286,4.886877828054298,14.25339366515837,13.846153846153845,0.4072398190045249,2.0361990950226243,0.4,0.8144796380090498,0.0,2.0361990950226243,6.108597285067873,0.0,35.42986425339366,0.0,0.06403282942140803,0.2943035818602704
Stephan El Shaarawy,Serie A,Roma,FWL,20,657,7.3,28.571428571429,1.6438356164383563,18.73596544461701,4.109589041095891,0.4109589041095891,0.273972602739726,0.547945205479452,0.6428571428571429,1.2328767123287672,0.8219178082191781,6.25,2.191780821917808,1.095890410958904,0.684931506849315,44.444444444444,3.6986301369863015,0.9589041095890412,1.36986301369863,5.5555555555556,43.939393939394,0.9589041095890412,1.6438356164383563,11.015068493150684,66.666666666667,2.0547945205479454,0.27655599358147137,0.11215881961915228,84.894259818731,15.479452054794521,45.34246575342466,14.383561643835616,0.684931506849315,1.6438356164383563,0.3888888888888889,0.9589041095890412,0.8219178082191781,2.4657534246575343,21.095890410958905,1.36986301369863,66.57534246575342,0.24029102227459215,0.35049851447956204,0.6996428502136715
Wesley,Serie A,Roma,DML,30,2457,27.3,44.642857142857,1.2087912087912087,19.416360411336676,4.285714285714286,0.32967032967032966,0.07326007326007326,0.18315018315018314,0.4807692307692308,0.9157509157509157,2.271062271062271,21.052631578947,3.47985347985348,0.9157509157509157,1.0989010989010988,23.333333333333,2.1978021978021975,2.087912087912088,1.3186813186813187,20,47.509578544061,0.8424908424908425,1.2087912087912087,9.803663003663003,31.081081081081,2.7106227106227108,0.0910010369624192,0.09937313236296177,80.058365758755,11.684981684981684,37.65567765567766,15.677655677655677,0.40293040293040294,0.6593406593406593,0.52,0.47619047619047616,0.2564102564102564,0.9157509157509157,22.967032967032967,1.9413919413919414,66.26373626373626,0.19604922091458743,0.2829321862740831,0.5179970959822336
Alieu Fadera,Serie A,Sassuolo,AML,28,979,10.877777777777778,36.363636363636,0.6435137895812053,17.143722420852082,4.780388151174668,0.09193054136874361,0.18386108273748722,0.45965270684371806,0.8,0.36772216547497444,0.5515832482124616,25,2.2063329928498465,1.8386108273748722,1.4708886618998978,31.428571428571,3.2175689479060265,3.3094994892747702,3.3094994892747702,15.384615384615,46.327683615819,0.6435137895812053,0.6435137895812053,10.716343207354443,69.230769230769,1.195097037793667,0.2171388958733951,0.1816914350940631,78.599221789883,6.894790602655771,23.626149131767107,14.98467824310521,0.45965270684371806,0.9193054136874361,0.3076923076923077,0.36772216547497444,0.2757916241062308,1.195097037793667,28.0388151174668,3.3094994892747702,48.72318692543411,0.08079030677539213,0.162300563382177,0.37153057813020357
Andrea Ghion,Serie A,Sassuolo,Non,1,9,0.1,0,0.0,,0.0,0.0,0.0,0.0,0,0.0,0.0,0,10.0,0.0,0.0,0,0.0,0.0,0.0,0,100,0.0,0.0,13.5,0,0.0,0.0,0,100,0.0,10.0,10.0,0.0,0.0,0,0.0,0.0,0.0,0.0,10.0,30.0,0.0,1.192885860800743,1.192885860800743
Andrea Pinamonti,Serie A,Sassuolo,FW,36,2576,28.622222222222224,37.012987012987,0.5939440993788819,13.409897416300355,1.5023291925465838,0.13975155279503104,0.5240683229813664,0.5240683229813664,0.4,0.2795031055900621,0.5939440993788819,18.181818181818,0.38431677018633537,1.0830745341614907,0.10481366459627328,26.315789473684,0.6638198757763975,1.1529503105590062,0.48913043478260865,12.5,43.396226415094,0.03493788819875776,0.5939440993788819,9.044371118012423,63.636363636364,0.38431677018633537,0.3763990911079559,0.14963025597131085,72.863247863248,3.249223602484472,16.350931677018632,8.035714285714285,0.3493788819875776,2.2709627329192545,0.4166666666666667,1.0481366459627328,0.24456521739130432,2.5155279503105588,13.800465838509316,0.38431677018633537,27.18167701863354,0.06228835217839812,0.07464175530483726,0.41943372290882264
Arijanet Muric,Serie A,Sassuolo,GK,32,2880,32.0,94.444444444444,0.03125,,10.3125,0.0,0.0,0.0,0.6086956521739131,1.3125,1.53125,0,0.0,0.0,0.03125,0,0.0,0.09375,0.03125,0,66.666666666667,0.0,0.03125,3.643125,37.653239929947,17.84375,0.0,0,60.84142394822,1.8125,28.96875,11.6875,0.0,0.0,0,0.0,0.0,0.0,0.25,0.0,42.9375,0.0010458379983901978,0.12020857742754743,0.12020857742754743
Armand Lauriente,Serie A,Sassuolo,FWL,38,2615,29.055555555555557,24.137931034483,1.8585086042065009,22.851618797368523,2.718929254302103,0.5162523900573613,0.06883365200764818,0.6195028680688336,0.4444444444444444,0.5506692160611855,0.4130019120458891,23.853211009174,3.751434034416826,1.8240917782026769,0.378585086042065,36.25,2.7533460803059273,1.6175908221797322,1.4455066921606117,9.8591549295775,40.234375,0.24091778202676864,1.8585086042065009,8.713307839388145,54.545454545455,1.135755258126195,0.15116726492761312,0.06186266006036124,84.643734643735,11.426386233269598,28.01529636711281,14.042065009560229,0.5506692160611855,1.135755258126195,0.36619718309859156,0.8948374760994263,1.3078393881453154,2.4435946462715106,17.208413001912046,0.9292543021032504,48.1491395793499,0.29305684416560207,0.26872829286591726,0.5103217014191711
Aster Vranckx,Serie A,Sassuolo,MC,16,692,7.688888888888889,61.538461538462,0.26011560693641617,19.63888327565773,3.3815028901734103,0.0,0.0,0.13005780346820808,0.3333333333333333,0.3901734104046243,1.9508670520231213,20,0.6502890173410405,1.0404624277456647,1.430635838150289,23.076923076923,1.6907514450867052,2.2109826589595376,2.0809248554913293,0,45.569620253165,0.0,0.26011560693641617,10.671242774566473,58.333333333333,1.560693641618497,0.011519872841850525,0.02952500743170579,84.489795918367,4.812138728323699,31.86416184971098,10.664739884393063,0.26011560693641617,0.13005780346820808,0.3333333333333333,0.13005780346820808,0.26011560693641617,0.3901734104046243,14.176300578034681,2.0809248554913293,47.73121387283237,0.012383535181339077,0.1303885262351849,0.1487920351186498
Cas Odenthal,Serie A,Sassuolo,DC,1,1,0.011111111111111112,0,0.0,,90.0,0.0,0.0,0.0,0,0.0,0.0,0,0.0,0.0,0.0,0,0.0,0.0,0.0,0,0,0.0,0.0,36.0,0,0.0,0.0,0,100,0.0,180.0,0.0,0.0,0.0,0,0.0,0.0,0.0,0.0,0.0,180.0,0.0,0.0,0.0
Christian Frangella,Serie A,Sassuolo,Non,1,9,0.1,0,0.0,0,20.0,0.0,0.0,0.0,0.0,0.0,0.0,0,10.0,0.0,0.0,0,0.0,0.0,0.0,0,0,10.0,0.0,10.4,0,10.0,0.0,0,57.142857142857,10.0,70.0,60.0,0.0,0.0,0,0.0,0.0,0.0,40.0,0.0,120.0,0.0,5.337857007980347,5.337857007980347
Cristian Volpato,Serie A,Sassuolo,FWR,24,1090,12.11111111111111,35.714285714286,1.8990825688073396,19.337361936598693,4.128440366972478,0.4954128440366973,0.1651376146788991,0.5779816513761468,0.5384615384615384,1.1559633027522935,0.8256880733944955,30,4.128440366972478,1.8990825688073396,0.5779816513761468,43.396226415094,4.376146788990826,0.908256880733945,1.5688073394495414,9.5238095238095,38.759689922481,0.4954128440366973,1.8990825688073396,10.411926605504586,56.25,2.6422018348623855,0.14441466374203152,0.08328676374540442,79.802955665025,9.743119266055047,33.522935779816514,17.174311926605505,0.0,0.9908256880733946,0.3333333333333333,0.5779816513761468,0.7431192660550459,1.7339449541284404,16.926605504587158,1.3211009174311927,55.321100917431195,0.2391249375041882,0.18688842932770558,0.5103738844873161
Daniel Boloca,Serie A,Sassuolo,DMC,2,135,1.5,0,0.6666666666666666,21.55560925023819,7.333333333333333,0.0,0.0,0.0,0.5,0.6666666666666666,1.3333333333333333,0,0.6666666666666666,0.0,0.6666666666666666,50,1.3333333333333333,0.6666666666666666,0.0,0,66.666666666667,1.3333333333333333,0.6666666666666666,10.566666666666666,66.666666666667,2.0,0.06369255979855855,0.047769419848918915,94.642857142857,9.333333333333334,37.333333333333336,4.0,0.0,0.6666666666666666,0.0,0.0,0.6666666666666666,1.3333333333333333,11.333333333333334,1.3333333333333333,49.333333333333336,0.025744959712028503,0.020390470512211323,0.10982798412442207
Darryl Bakola,Serie A,Sassuolo,MC,6,144,1.6,66.666666666667,1.875,23.746896280856003,6.875,0.625,0.0,0.625,0.4,1.25,0.0,0,1.875,0.625,1.25,50,3.75,1.875,1.25,0,63.636363636364,0.625,1.875,11.1,20,3.125,0.02509351819753647,0.013383209705352783,79.032258064516,14.375,38.75,15.0,0.625,1.25,0.3333333333333333,0.625,0.625,1.875,23.75,5.0,62.5,0.015944644110277295,0.8320796489715576,0.8731178112793714
Domenico Berardi,Serie A,Sassuolo,FWR,26,1970,21.88888888888889,40.625,1.5076142131979695,17.958925074545505,3.563451776649746,0.36548223350253806,0.18274111675126903,0.22842639593908629,0.4788732394366197,1.5532994923857868,1.0964467005076142,29.310344827586,2.649746192893401,0.8223350253807107,0.9593908629441624,42.307692307692,1.1878172588832487,1.5532994923857868,1.416243654822335,20,45.751633986928,1.0964467005076142,1.5076142131979695,9.18776649746193,52.857142857143,3.197969543147208,0.20556745158631334,0.11249107767362147,76.970633693972,8.680203045685278,29.558375634517766,12.654822335025381,0.5939086294416244,1.3248730964467006,0.525,0.9593908629441624,0.5025380710659898,1.8274111675126903,16.903553299492387,1.1878172588832487,46.736040609137056,0.23108865449271226,0.31093355718300425,0.595444143385754
Edoardo Iannoni,Serie A,Sassuolo,MC,15,269,2.988888888888889,77.777777777778,0.0,14.819883860053745,4.684014869888475,0.0,0.0,0.0,0.5,1.003717472118959,2.007434944237918,0,0.6691449814126395,1.003717472118959,1.338289962825279,0,0.0,0.0,3.680297397769517,33.333333333333,21.428571428571,1.003717472118959,0.0,12.784014869888477,0,1.6728624535315986,0.2533379069712969,0.25239961842695874,81.981981981982,9.36802973977695,37.13754646840149,12.37918215613383,0.6691449814126395,0.6691449814126395,0.3333333333333333,0.3345724907063197,0.3345724907063197,1.003717472118959,16.728624535315983,2.007434944237918,54.53531598513011,0.0,0.045858544529481446,0.2991964515007783
Fali Candé,Serie A,Sassuolo,DC,12,512,5.688888888888889,39.285714285714,0.17578125,24.14870038230184,4.5703125,0.0,0.0,0.0,0.3333333333333333,1.0546875,4.921875,0,0.703125,0.17578125,0.703125,0,0.0,1.0546875,1.58203125,0,53.571428571429,0.3515625,0.17578125,10.297265625,25,4.21875,0.029903350114182103,0.056705612068374954,76.439790575916,2.98828125,33.57421875,11.953125,0.17578125,0.17578125,0.0,0.0,0.3515625,0.52734375,16.69921875,1.58203125,52.3828125,0.0020164506531727966,0.07280735029780772,0.10472715139258071
Filippo Romagna,Serie A,Sassuolo,DC,5,315,3.5,50,0.0,20.51533732870736,2.5714285714285716,0.0,0.0,0.0,0.75,2.5714285714285716,3.4285714285714284,0,0.2857142857142857,0.0,0.8571428571428571,0,0.0,0.2857142857142857,0.0,0,40,1.4285714285714286,0.0,8.722857142857142,45.833333333333,6.857142857142857,0.013398348220757075,0.023447109386324883,90.16393442623,3.4285714285714284,52.285714285714285,6.285714285714286,0.2857142857142857,0.2857142857142857,0.0,0.0,0.2857142857142857,0.5714285714285714,9.428571428571429,0.2857142857142857,62.0,0.0,0.09293771787945714,0.09293771787945714
Gioele Zacchi,Serie A,Sassuolo,Non,1,14,0.15555555555555556,0,0.0,0,12.857142857142858,0.0,0.0,0.0,0,0.0,0.0,0,0.0,0.0,0.0,0,0.0,0.0,0.0,0,0,0.0,0.0,0.0,100,6.428571428571429,0.0,0,100,6.428571428571429,6.428571428571429,0.0,0.0,0.0,0,0.0,0.0,0.0,0.0,0.0,19.285714285714285,0.0,0.0,0.0
Ismaël Koné,Serie A,Sassuolo,MC,35,2756,30.622222222222224,30.434782608696,0.751088534107402,15.683545691606856,3.004354136429608,0.03265602322206096,0.13062409288824384,0.09796806966618286,0.7441860465116279,1.0449927431059507,1.0449927431059507,60,0.1632801161103048,0.718432510885341,0.5224963715529753,59.090909090909,1.436865021770682,1.7634252539912916,0.8164005805515239,26.086956521739,58.288770053476,0.48984034833091433,0.751088534107402,10.159941944847604,80.487804878049,2.677793904208998,0.16599904181481662,0.2210112846577945,91.513560804899,8.719158200290275,37.32583454281567,6.335268505079825,0.2285921625544267,0.4571843251088534,0.43478260869565216,0.3265602322206096,0.29390420899854863,0.751088534107402,14.205370101596516,1.0123367198838897,49.83309143686502,0.05746639623943343,0.2561650568594364,0.39750665071263575
Jay Idzes,Serie A,Sassuolo,DC,35,3063,34.03333333333333,48.623853211009,0.0881488736532811,22.08639539794267,2.8795298726738494,0.058765915768854066,0.0,0.058765915768854066,0.43859649122807015,0.7345739471106758,5.612144955925563,0,0.029382957884427033,0.11753183153770813,0.2644466209598433,85.714285714286,0.1762977473065622,0.4113614103819785,0.9696376101860921,0,52.808988764045,1.2340842311459355,0.0881488736532811,9.208912830558278,36.936936936937,3.261508325171401,0.005879408345137241,0.04001917280256748,90.119971771348,2.2918707149853086,41.63565132223311,4.671890303623899,0.029382957884427033,0.058765915768854066,0.0,0.0,0.0881488736532811,0.14691478942213518,10.225269343780608,0.822722820763957,52.80117531831538,0.02187212573384445,0.15711764039710735,0.17244581934922065
Josh Doig,Serie A,Sassuolo,DL,30,1926,21.4,47.540983606557,0.7009345794392524,21.771275670428757,2.94392523364486,0.1869158878504673,0.04672897196261683,0.04672897196261683,0.5,0.7943925233644861,2.5233644859813085,34.210526315789,1.7757009345794394,0.5607476635514019,0.42056074766355145,30,1.4018691588785048,0.8878504672897197,0.7476635514018692,0,51.724137931034,1.074766355140187,0.7009345794392524,10.11355140186916,24.561403508772,2.663551401869159,0.03501921378633129,0.0681282886388627,81.967213114754,5.514018691588785,34.205607476635514,12.52336448598131,0.04672897196261683,0.1869158878504673,0.36363636363636365,0.1869158878504673,0.3271028037383178,0.5140186915887851,22.570093457943926,1.5420560747663552,59.20560747663552,0.07025469233778037,0.1989125268681793,0.2635116880394031
Kristian Thorstvedt,Serie A,Sassuolo,MC,32,2458,27.31111111111111,37.974683544304,1.1716842961757528,13.6752730114429,3.771358828315704,0.1464605370219691,0.3295362082994304,0.4393816110659073,0.5263157894736842,1.098454027664768,1.5744507729861676,42.857142857143,0.5126118795768918,0.80553295362083,0.4393816110659073,42.857142857143,1.5012205044751832,2.0870626525630596,1.2449145646867372,9.3023255813953,57.487922705314,1.1716842961757528,1.1716842961757528,11.003946297803092,40,1.6476810414971523,0.243302291900259,0.15453153320176657,82.369668246445,11.204231082180636,38.628966639544345,11.350691619202605,0.21969080553295364,1.3181448331977217,0.3023255813953488,0.4759967453213995,0.2563059397884459,1.5744507729861676,15.048820179007324,1.61106590724166,56.314076484947115,0.09627806118244656,0.326011645091596,0.5905356706764953
Laurs Skjellerup,Serie A,Sassuolo,Non,1,9,0.1,100,0.0,28.14033184739832,10.0,0.0,0.0,10.0,0,0.0,0.0,0,0.0,0.0,0.0,0,0.0,0.0,0.0,0,0,0.0,0.0,17.4,0,0.0,0.15537625178694725,0.015537625178694725,0,0.0,30.0,30.0,0.0,0.0,0.0,0.0,10.0,10.0,50.0,0.0,40.0,0.0,0.0,0.15537625178694725
Luca Lipani,Serie A,Sassuolo,MC,24,1028,11.422222222222222,54.166666666667,0.9630350194552529,19.620049773420487,4.727626459143969,0.08754863813229571,0.08754863813229571,0.35019455252918286,0.5142857142857142,1.575875486381323,2.2762645914396886,0,0.4377431906614786,1.1381322957198443,1.4883268482490273,50,0.8754863813229572,0.7003891050583657,2.45136186770428,0,40.776699029126,1.3132295719844358,0.9630350194552529,11.88910505836576,54.347826086957,4.027237354085603,0.08043612396989583,0.07656327355653048,83.850931677019,7.441634241245136,42.28599221789883,10.330739299610896,0.17509727626459143,0.4377431906614786,0.25,0.26264591439688717,0.61284046692607,1.0505836575875487,15.408560311284047,2.5389105058365757,57.2568093385214,0.09715014225658362,0.2902207338588189,0.4222809873948939
Luca Moro,Serie A,Sassuolo,FW,14,231,2.566666666666667,52.173913043478,0.3896103896103896,10.546473961781421,1.5584415584415583,0.3896103896103896,0.7792207792207791,0.0,0,0.0,0.7792207792207791,0,0.0,1.5584415584415583,1.1688311688311688,100,0.3896103896103896,3.506493506493506,2.727272727272727,0,51.724137931034,0.7792207792207791,0.3896103896103896,12.214285714285714,50,0.7792207792207791,0.32465718916387526,0.1388811309201022,77.272727272727,5.064935064935065,17.142857142857142,13.246753246753245,0.3896103896103896,2.3376623376623376,0.16666666666666666,0.3896103896103896,0.0,2.3376623376623376,23.376623376623375,1.9480519480519478,38.18181818181818,0.10176141927768657,0.04889010705731132,0.4705573908694378
Nemanja Matic,Serie A,Sassuolo,MC,34,2669,29.655555555555555,60.78431372549,0.6744098913450731,21.566236250736846,5.563881603596853,0.03372049456725365,0.0,0.10116148370176097,0.6204379562043796,2.8662420382165608,1.5848632446609217,16.666666666667,0.40464593480704386,0.8092918696140877,0.8430123641813413,52,0.8430123641813413,1.3150992881228925,0.8092918696140877,9.0909090909091,52.542372881356,0.9441738478831023,0.6744098913450731,9.984301236418133,56.830601092896,6.170850505807419,0.011116017176779793,0.02996833317659118,86.461359674608,10.116148370176097,58.03297115024354,10.857999250655677,0.40464593480704386,0.20232296740352193,0.36363636363636365,0.1348819782690146,0.16860247283626828,0.3709254402397902,6.541775946047209,1.4499812663919072,69.59910078681155,0.030861911404027883,0.3676792950208556,0.3903016376418315
Nicholas Pierini,Serie A,Sassuolo,Non,11,144,1.6,40,2.5,22.584188258841767,5.625,0.0,0.0,1.25,0.0,0.0,0.625,44.444444444444,5.625,5.0,0.0,28.571428571429,3.75,1.875,0.625,0,39.130434782609,1.25,2.5,12.88125,0,0.0,0.2053965034428984,0.06572688110172749,83.018867924528,13.75,33.125,20.0,1.25,1.25,0.4,1.25,1.875,3.125,20.0,2.5,68.125,0.07225795299746096,0.0,0.11432554281782359
Pedro Felipe,Serie A,Sassuolo,DC,3,127,1.4111111111111112,60,0.7086614173228346,0,2.8346456692913384,0.7086614173228346,0.0,0.0,0.0,0.0,2.8346456692913384,0,0.0,0.7086614173228346,1.4173228346456692,100,0.7086614173228346,0.7086614173228346,1.4173228346456692,0,44.444444444444,1.4173228346456692,0.7086614173228346,8.950393700787401,50,5.669291338582677,0.0,0,90.625,2.8346456692913384,68.03149606299212,7.086614173228346,0.0,0.0,0,0.0,0.0,0.0,12.755905511811022,1.4173228346456692,79.37007874015748,0.26566602348342655,0.6261102045614888,0.6261102045614888
Sebastian Walukiewicz,Serie A,Sassuolo,DC,34,2855,31.72222222222222,47.272727272727,0.6619964973730298,24.029236593470436,3.0577933450087564,0.06304728546409807,0.0,0.09457092819614711,0.4367816091954023,1.1978984238178634,3.404553415061296,41.304347826087,1.4500875656742558,0.37828371278458844,0.37828371278458844,58.333333333333,1.1348511383537654,0.4098073555166375,1.1033274956217163,0,53.164556962025,0.788091068301226,0.6619964973730298,9.788091068301226,47.777777777778,2.8371278458844134,0.005674863994225938,0.02571704238653183,85.541195476575,5.89492119089317,39.02626970227671,9.299474605954465,0.09457092819614711,0.06304728546409807,0.0,0.0,0.1576182136602452,0.22066549912434327,17.243432574430823,1.576182136602452,58.38178633975482,0.06476793969262085,0.23852951840812345,0.2772019711517176
Stefano Turati,Serie A,Sassuolo,GK,6,533,5.9222222222222225,100,0.33771106941838647,0,8.273921200750468,0.0,0.0,0.0,0.3333333333333333,0.33771106941838647,1.3508442776735459,0,0.0,0.0,0.0,0,0.0,0.16885553470919323,0.0,0,100,0.16885553470919323,0.33771106941838647,3.4362101313320825,27.522935779817,18.405253283302063,0.0,0,49.68152866242,2.026266416510319,26.51031894934334,13.677298311444652,0.0,0.0,0,0.0,0.0,0.0,0.8442776735459662,0.0,36.64165103189493,0.0071837822950356,0.21758624045859748,0.2247700227536331
Tarik Muharemovic,Serie A,Sassuolo,DC,32,2835,31.5,64.423076923077,0.15873015873015872,22.358860615707922,2.888888888888889,0.031746031746031744,0.09523809523809523,0.25396825396825395,0.35664335664335667,1.619047619047619,7.0476190476190474,0,0.06349206349206349,0.06349206349206349,0.2857142857142857,63.636363636364,0.31746031746031744,0.6349206349206349,0.7619047619047619,10,64.423076923077,1.4285714285714286,0.15873015873015872,9.064761904761905,39.555555555556,7.142857142857143,0.08997297442207734,0.14170743471477182,85.688295936931,3.9682539682539684,52.34920634920635,8.285714285714286,0.031746031746031744,0.47619047619047616,0.3,0.19047619047619047,0.15873015873015872,0.6349206349206349,9.904761904761905,1.3968253968253967,67.65079365079364,0.029450274471725737,0.19545899136435418,0.19935805431848008
Tommaso Macchioni,Serie A,Sassuolo,DC,1,90,1.0,60,0.0,8.647522230517541,1.0,0.0,1.0,0.0,0.0,0.0,4.0,0,0.0,0.0,0.0,0,0.0,0.0,1.0,0,0,2.0,0.0,8.49,25,4.0,0.49834901094436646,0.49834901094436646,80,0.0,35.0,10.0,0.0,1.0,0.0,0.0,0.0,1.0,5.0,0.0,46.0,0.0,0.0,0.0
Ulisses García,Serie A,Sassuolo,DL,13,943,10.477777777777778,60,1.1452810180275717,24.953733895724735,4.390243902439025,0.38176033934252385,0.0,0.09544008483563096,0.45454545454545453,0.9544008483563097,1.2407211028632026,32.352941176471,3.2449628844114526,0.47720042417815484,1.8133616118769884,33.333333333333,0.5726405090137858,0.19088016967126192,1.0498409331919407,50,35,0.8589607635206786,1.2407211028632026,9.69575821845175,50,3.2449628844114526,0.004098190849968889,0.021469966508448124,86.067415730337,9.734888653234359,42.47083775185578,10.593849416755036,0.19088016967126192,0.0,0.5,0.09544008483563096,0.19088016967126192,0.19088016967126192,16.79745493107105,1.6224814422057263,60.69989395546129,0.002941741713758238,0.013134627151653597,0.018168541850682153
Woyo Coulibaly,Serie A,Sassuolo,DR,20,1048,11.644444444444444,35.294117647059,0.3435114503816794,27.806447380726098,4.465648854961832,0.0,0.0,0.25763358778625955,0.5833333333333334,0.601145038167939,1.5458015267175573,18.181818181818,0.9446564885496184,1.0305343511450382,0.601145038167939,72.727272727273,0.8587786259541985,1.0305343511450382,1.2881679389312977,0,55.696202531646,0.7729007633587787,0.3435114503816794,8.984541984732825,50,1.0305343511450382,0.009303921718107722,0.018056499926994245,90.344827586207,7.127862595419848,37.35687022900763,8.845419847328245,0.08587786259541985,0.08587786259541985,0.16666666666666666,0.08587786259541985,0.42938931297709926,0.5152671755725191,18.12022900763359,2.0610687022900764,59.083969465648856,0.02545876927915534,0.4026890285970743,0.40835489241676476
Adam Masina,Serie A,Torino,DL,5,232,2.577777777777778,40,0.7758620689655172,,3.879310344827586,0.3879310344827586,0.0,0.0,0.45454545454545453,1.939655172413793,4.267241379310344,0,0.0,1.1637931034482758,0.3879310344827586,25,1.5517241379310345,0.7758620689655172,2.3275862068965516,0,43.478260869565,1.939655172413793,0.7758620689655172,6.098275862068966,41.176470588235,6.594827586206896,0.0,0,85.858585858586,3.879310344827586,38.4051724137931,9.310344827586206,0.3879310344827586,0.0,0,0.0,0.0,0.0,10.86206896551724,2.71551724137931,55.47413793103448,0.15974327998139476,0.16016246365575953,0.16497299107241217
Adrien Tameze,Serie A,Torino,MC,24,1133,12.588888888888889,52.777777777778,0.6354810238305384,19.934955421985784,4.607237422771403,0.0,0.0,0.1588702559576346,0.6129032258064516,1.5092674315975287,2.859664607237423,14.285714285714,1.1120917917034423,0.1588702559576346,0.5560458958517212,0,0.0,0.5560458958517212,1.2709620476610768,0,42.307692307692,1.588702559576346,0.6354810238305384,10.064430714916153,45.714285714286,5.560458958517211,0.017680234735254576,0.04451490212231875,80.506822612086,6.751985878199471,40.750220653133276,10.406001765225067,0.1588702559576346,0.2383053839364519,0.0,0.0,0.1588702559576346,0.3971756398940865,17.872903795233892,1.1915269196822595,54.41306266548985,0.02105873887774856,0.28041403420887634,0.3072696484194613
Alberto Paleari,Serie A,Torino,GK,29,2610,29.0,93.75,0.0,0,8.689655172413794,0.0,0.0,0.0,0.5370370370370371,1.0,1.0344827586206897,0,0.0,0.0,0.06896551724137931,0,0.0,0.2413793103448276,0.0,0,66.666666666667,0.0,0.0,2.5141379310344827,40.812379110251,17.82758620689655,0.0,0,66.155531215772,1.8275862068965518,31.482758620689655,10.793103448275861,0.0,0.0,0,0.0,0.0,0.0,0.034482758620689655,0.0,41.6551724137931,0.0,0.0577708696625356,0.0577708696625356
Ali Dembélé,Serie A,Torino,DR,2,24,0.26666666666666666,100,0.0,15.988424638963787,3.75,0.0,0.0,0.0,0,0.0,7.5,0,0.0,0.0,0.0,0,0.0,0.0,0.0,0,0,0.0,0.0,13.275,100,3.75,0.1967486646026373,0.05246631056070328,83.333333333333,3.75,22.5,18.75,0.0,3.75,0.0,0.0,0.0,3.75,37.5,0.0,56.25,0.0,0.0,0.1967486646026373
Alieu Njie,Serie A,Torino,FWL,15,311,3.4555555555555557,40,0.8681672025723473,14.39245633404648,4.630225080385852,0.0,0.8681672025723473,0.0,0.4,0.5787781350482315,0.28938906752411575,0,1.157556270096463,2.02572347266881,0.28938906752411575,46.666666666667,4.05144694533762,2.315112540192926,2.315112540192926,16.666666666667,46.666666666667,0.0,0.8681672025723473,0.0,0,0.5787781350482315,0.3505610948925616,0.20189722316960493,72.131147540984,6.366559485530546,17.65273311897106,13.311897106109324,1.157556270096463,1.157556270096463,0.5,0.8681672025723473,0.5787781350482315,1.7363344051446945,0.0,1.7363344051446945,39.646302250803856,0.04658228295504855,0.17998567785337038,0.5110690441473695
Ardian Ismajli,Serie A,Torino,DC,25,1915,21.27777777777778,71.621621621622,0.18798955613577023,10.161491808576534,2.866840731070496,0.04699738903394256,0.04699738903394256,0.0,0.36363636363636365,0.7519582245430809,7.519582245430809,37.5,0.37597911227154046,0.04699738903394256,0.23498694516971277,33.333333333333,0.2819843342036553,0.8459530026109661,0.9869451697127937,0,62.962962962963,1.597911227154047,0.18798955613577023,8.617911227154046,50,4.511749347258485,0.03519314009083469,0.12480530235916376,88.562434417629,2.8198433420365534,44.78851174934726,6.391644908616188,0.0,0.2819843342036553,0.6666666666666666,0.18798955613577023,0.0,0.2819843342036553,10.66840731070496,1.5509138381201044,61.378590078328976,0.025333114513062308,0.13337797211487984,0.1593357668046696
Cesare Casadei,Serie A,Torino,MC,33,1990,22.11111111111111,68.627450980392,0.7688442211055276,13.555976968972688,3.798994974874372,0.135678391959799,0.22613065326633167,0.3165829145728643,0.4358974358974359,0.7688442211055276,1.763819095477387,25,0.18090452261306533,0.949748743718593,0.8140703517587939,54.166666666667,1.0402010050251256,0.7236180904522613,2.351758793969849,17.142857142857,39.877300613497,0.45226130653266333,0.7688442211055276,10.705477386934675,43.90243902439,1.8542713567839195,0.21039126088945712,0.1329138441809586,75.267379679144,7.010050251256281,33.82914572864322,12.301507537688442,0.3165829145728643,1.1758793969849246,0.4857142857142857,0.7688442211055276,0.40703517587939697,1.5829145728643217,14.246231155778895,1.6281407035175879,48.482412060301506,0.08189073972048322,0.3130915696971381,0.45355689604228466
Che Adams,Serie A,Torino,FW,33,1896,21.066666666666666,36.585365853659,1.2341772151898733,18.830126065727775,2.5632911392405062,0.2848101265822785,0.2848101265822785,0.8544303797468354,0.6829268292682927,1.3291139240506329,0.5221518987341772,14.285714285714,0.6645569620253164,0.8069620253164557,0.2848101265822785,46.428571428571,1.3291139240506329,0.7120253164556962,0.8544303797468354,11.320754716981,44.210526315789,0.04746835443037975,1.2341772151898733,9.600000000000001,71.428571428571,2.3259493670886076,0.3137469717855506,0.12470948815626919,75.140186915888,7.59493670886076,25.395569620253166,10.917721518987342,0.379746835443038,1.8037974683544304,0.33962264150943394,0.8544303797468354,0.7120253164556962,2.5158227848101267,14.382911392405063,0.6645569620253164,37.83227848101266,0.15234134624169882,0.18641152752186113,0.5856458038457115
Cristiano Biraghi,Serie A,Torino,DL,14,530,5.888888888888889,77.777777777778,1.1886792452830188,21.761786804985935,2.0377358490566038,0.0,0.0,0.33962264150943394,0.625,1.6981132075471697,3.0566037735849054,22.727272727273,7.471698113207546,0.0,0.6792452830188679,33.333333333333,0.5094339622641509,1.0188679245283019,1.5283018867924527,0,53.333333333333,0.5094339622641509,1.1886792452830188,8.463396226415094,46.153846153846,4.415094339622641,0.010513058670286861,0.03095511719584465,80.110497237569,8.320754716981131,30.735849056603772,14.60377358490566,0.33962264150943394,0.16981132075471697,0.0,0.0,0.16981132075471697,0.33962264150943394,14.60377358490566,1.5283018867924527,55.18867924528301,0.06185063473739714,0.07744875399149813,0.11992824306043813
Cyril Ngonge,Serie A,Torino,FW,20,1013,11.255555555555556,45,1.0661401776900294,20.477590130741213,3.1984205330700886,0.0,0.4442250740375123,0.4442250740375123,0.5294117647058824,0.7996051332675221,0.7996051332675221,22.222222222222,1.5992102665350443,1.5992102665350443,0.4442250740375123,59.375,2.843040473840079,1.5992102665350443,1.7769002961500493,4.1666666666667,48.484848484848,0.17769002961500494,1.0661401776900294,9.595261599210266,66.666666666667,2.132280355380059,0.04022618577340277,0.018865336198359728,69.803921568627,7.107601184600197,22.655478775913128,15.014807502467916,0.35538005923000987,1.2438302073050345,0.5,1.0661401776900294,0.8884501480750246,2.132280355380059,20.345508390918063,0.977295162882527,42.91214215202369,0.11876498818809399,0.009021096929966638,0.11454175609767965
Duván Zapata,Serie A,Torino,FW,28,1125,12.5,44.303797468354,0.8,15.18238804522844,2.64,0.32,0.48,0.8,0.47368421052631576,0.72,1.2,0,0.56,1.28,0.24,37.5,1.28,1.92,1.2,8.8235294117647,45.714285714286,0.08,0.8,9.6152,71.428571428571,1.12,0.2913073033094406,0.10709827327552963,73.061224489796,5.6,19.6,11.52,0.8,2.24,0.4411764705882353,1.2,0.48,2.72,14.4,0.32,35.04,0.21443242475390434,0.04382947489619255,0.479945772588253
Emirhan Ilkhan,Serie A,Torino,MC,19,1018,11.311111111111112,52,0.9724950884086443,19.53709971300306,4.597249508840864,0.1768172888015717,0.1768172888015717,0.44204322200392926,0.5737704918032787,3.0943025540275046,1.4145383104125735,42.857142857143,0.618860510805501,0.9724950884086443,1.0609037328094302,53.846153846154,1.0609037328094302,1.5913555992141453,0.9724950884086443,8.3333333333333,56.666666666667,1.149312377210216,0.9724950884086443,10.400392927308447,68.831168831169,6.80746561886051,0.20886117165216586,0.19687099327954152,83.966244725738,7.514734774066797,41.90569744597249,9.9901768172888,0.1768172888015717,0.3536345776031434,0.25,0.26522593320235754,0.7072691552062867,1.0609037328094302,8.929273084479371,2.298624754420432,58.7033398821218,0.10817143287553592,0.19171852247024682,0.3146235653599962
Faustino Anjorin,Serie A,Torino,MC,15,286,3.1777777777777776,53.333333333333,0.9440559440559441,13.126122915206,4.090909090909091,0.0,0.3146853146853147,0.9440559440559441,0.5714285714285714,1.2587412587412588,1.2587412587412588,100,0.3146853146853147,0.6293706293706294,0.6293706293706294,60,1.5734265734265735,0.3146853146853147,2.5174825174825175,0,48.148148148148,1.8881118881118881,0.9440559440559441,12.571678321678323,42.857142857143,2.202797202797203,0.19000605243694532,0.150949252769351,81.451612903226,9.125874125874127,39.02097902097902,12.272727272727273,0.9440559440559441,0.9440559440559441,0.25,0.3146853146853147,0.3146853146853147,1.2587412587412588,16.993006993006993,2.8321678321678325,57.90209790209791,0.037354037940658474,0.33842858350412414,0.44388056114003377
Franco Israel,Serie A,Torino,GK,9,810,9.0,75,0.0,0,7.333333333333333,0.0,0.0,0.0,0.36363636363636365,0.4444444444444444,1.1111111111111112,0,0.0,0.0,0.0,0,0.0,0.3333333333333333,0.0,0,100,0.0,0.0,2.282222222222222,34.254143646409,20.11111111111111,0.0,0,58.620689655172,1.0,32.22222222222222,13.333333333333334,0.0,0.0,0,0.0,0.0,0.0,0.0,0.0,41.111111111111114,0.0,0.17102777109377915,0.17102777109377915
Giovanni Simeone,Serie A,Torino,FW,32,2245,24.944444444444443,31.775700934579,0.9220489977728286,16.363650406244165,3.1269487750556797,0.0801781737193764,0.5211581291759466,0.801781737193764,0.45454545454545453,0.400890868596882,0.6414253897550112,11.111111111111,0.3608017817371938,1.804008908685969,0.400890868596882,42.307692307692,2.0846325167037865,1.6436525612472161,1.2427616926503342,13.924050632911,41.711229946524,0.200445434298441,0.9220489977728286,9.75086859688196,44.444444444444,0.7216035634743876,0.44826484507236025,0.14154072815575933,72.661870503597,4.169265033407573,16.71714922048998,11.465478841870825,0.7216035634743876,2.4855233853006684,0.35443037974683544,1.1224944320712695,0.6815144766146993,3.1670378619153676,16.51670378619154,0.6414253897550112,33.43429844097996,0.0744945481378079,0.06031794666016022,0.5633014805681323
Guillermo Maripán,Serie A,Torino,DC,27,2151,23.9,52.678571428571,0.3765690376569038,11.55838941486077,3.0962343096234313,0.0,0.12552301255230125,0.29288702928870297,0.3125,0.6276150627615064,6.317991631799163,33.333333333333,0.12552301255230125,0.3765690376569038,0.5857740585774059,66.666666666667,0.2092050209205021,0.29288702928870297,1.1297071129707115,11.111111111111,55.855855855856,1.1715481171548119,0.3765690376569038,9.270292887029289,46.39175257732,4.058577405857741,0.10187601771938253,0.13526871241629124,85.353535353535,3.1380753138075317,41.42259414225941,7.154811715481172,0.12552301255230125,0.6694560669456068,0.4444444444444444,0.3347280334728034,0.08368200836820085,0.7531380753138076,12.552301255230127,2.1338912133891212,57.19665271966527,0.014425914220231349,0.1953335948070223,0.21384261065322485
Gvidas Gineitis,Serie A,Torino,MC,29,1763,19.58888888888889,50.909090909091,1.3783323879750426,26.94727017620177,3.93079977311401,0.2552467385138968,0.0,0.45944412932501416,0.41304347826086957,0.9699376063528077,1.429381735677822,33.846153846154,3.3182076006806582,0.6636415201361316,0.5104934770277936,58.620689655172,1.4804310833806014,1.6335791264889394,2.1951219512195124,0,55.688622754491,1.1230856494611459,1.3783323879750426,10.213442994895065,37.704918032787,3.114010209869541,0.047800182668630606,0.034679721006088786,76.439790575916,6.585365853658537,29.25127623369257,12.966534316505957,0.30629608621667614,0.30629608621667614,0.18518518518518517,0.2552467385138968,1.0720363017583665,1.3783323879750426,17.50992626205332,2.297220646625071,49.26262053318208,0.13657353779325349,0.2101573697330934,0.2870025418136719
Ivan Ilic,Serie A,Torino,MC,8,415,4.611111111111111,36.363636363636,1.7349397590361448,,3.9036144578313254,0.2168674698795181,0.0,0.0,0.45454545454545453,1.0843373493975905,2.385542168674699,50,0.4337349397590362,1.7349397590361448,0.8674698795180724,66.666666666667,0.4337349397590362,0.8674698795180724,1.9518072289156627,0,38.235294117647,1.3012048192771086,1.7349397590361448,11.353012048192772,46.153846153846,2.8192771084337354,0.0,0,82.105263157895,8.891566265060241,41.204819277108435,10.843373493975905,0.2168674698795181,0.0,0,0.0,0.0,0.0,14.963855421686748,1.7349397590361448,53.34939759036145,0.1556299671710256,0.13024636672203802,0.2794618350734194
Kristjan Asllani,Serie A,Torino,MC,15,1135,12.61111111111111,18.181818181818,1.1894273127753305,28.41080204702713,4.995594713656388,0.07929515418502203,0.07929515418502203,0.5550660792951542,0.5777777777777777,4.1233480176211454,0.7929515418502203,25,4.1233480176211454,0.31718061674008813,0.8722466960352423,50,0.4757709251101322,1.1101321585903083,0.5550660792951542,0,59.677419354839,0.9515418502202644,1.1894273127753305,10.939559471365639,54.4,9.911894273127754,0.03174057593856352,0.020014196494594218,84.116693679092,7.850220264317181,48.92511013215859,12.687224669603525,0.31718061674008813,0.15859030837004406,0.2,0.31718061674008813,1.4273127753303965,1.5859030837004406,8.801762114537445,1.6651982378854626,62.801762114537446,0.08960839052426132,0.18116355567579753,0.2124188833742809
Marcus Pedersen,Serie A,Torino,DMR,29,2138,23.755555555555556,21.875,0.8419083255378859,16.74017438788506,2.315247895229186,0.16838166510757716,0.04209541627689429,0.16838166510757716,0.3582089552238806,1.010289990645463,0.9681945743685687,18.518518518519,4.546304957904583,0.5472404115996258,0.6314312441534143,42.857142857143,0.8419083255378859,0.25257249766136575,1.304957904583723,6.6666666666667,35.514018691589,0.42095416276894293,0.8419083255378859,10.27422825070159,32.786885245902,2.567820392890552,0.06839712768953408,0.10832078444461028,77.173913043478,4.588400374181478,23.23666978484565,13.512628624883067,0.16838166510757716,0.4630495790458372,0.2,0.12628624883068287,0.16838166510757716,0.6314312441534143,27.06735266604303,0.9681945743685687,43.94761459307764,0.12156612919321173,0.16933963211537298,0.3490786406083487
Niels Nkounkou,Serie A,Torino,DML,11,361,4.011111111111111,25,1.4958448753462603,20.03389043772704,2.9916897506925206,0.7479224376731302,0.0,0.24930747922437674,0.42857142857142855,0.7479224376731302,3.739612188365651,30,4.986149584487535,0.7479224376731302,0.997229916897507,66.666666666667,2.742382271468144,0.7479224376731302,0.997229916897507,0,63.414634146341,1.994459833795014,1.4958448753462603,10.214127423822715,42.857142857143,3.490304709141274,0.054287044873197986,0.05443784222006798,80.34188034188,7.728531855955679,29.168975069252078,13.961218836565097,0.24930747922437674,0.4986149584487535,0.25,0.24930747922437674,0.4986149584487535,0.997229916897507,18.44875346260388,3.988919667590028,63.57340720221607,0.22096011418735717,0.05966427072965207,0.27259687325527626
Nikola Vlasic,Serie A,Torino,AMC,37,3053,33.922222222222224,37.931034482759,1.5918768424500491,20.713991619105357,5.335735342286275,0.1473960039305601,0.05895840157222404,0.38322961021945623,0.5301204819277109,1.2970848345889288,0.8254176220111366,22.916666666667,1.415001637733377,1.415001637733377,0.8548968227972485,50.909090909091,1.5918768424500491,1.326564035375041,1.2970848345889288,16.326530612245,49.645390070922,0.6190632165083524,1.5918768424500491,10.575368490009826,55.555555555556,2.122502456600065,0.10617308520559127,0.07350259164006126,83.809523809524,10.877825090075335,34.04847690795938,10.848345889289224,0.4716672125777923,0.6190632165083524,0.3469387755102041,0.5011464133639043,0.8254176220111366,1.444480838519489,19.485751719620044,1.9751064526695052,50.20307893874877,0.1379752886971801,0.25148339082096155,0.43788251031130365
Rafael Obrador,Serie A,Torino,DML,16,1123,12.477777777777778,14.285714285714,1.0418521816562778,26.023158925249522,2.4844167408726623,0.16028495102404275,0.0,0.16028495102404275,0.3888888888888889,0.5609973285841496,1.9234194122885129,25.423728813559,4.728406055209261,0.40071237756010686,0.8014247551202137,32.142857142857,2.2439893143365985,0.40071237756010686,0.5609973285841496,14.285714285714,47.435897435897,0.8815672306322351,1.0418521816562778,9.569011576135352,37.837837837838,2.9652715939447907,0.013817293902830895,0.024629874687109674,81.33704735376,5.369545859305432,28.771148708815673,13.143365983971504,0.3205699020480855,0.16028495102404275,0.2857142857142857,0.16028495102404275,0.40071237756010686,0.5609973285841496,14.906500445235976,1.8432769367764916,53.45503116651825,0.08466526224068097,0.16661905389169657,0.22469572610124772
Sandro Kulenovic,Serie A,Torino,FW,13,310,3.4444444444444446,30.769230769231,1.4516129032258063,19.560411855856977,4.354838709677419,0.0,0.29032258064516125,0.5806451612903225,0.5,0.29032258064516125,1.161290322580645,100,0.29032258064516125,1.7419354838709677,0.29032258064516125,40,1.4516129032258063,1.161290322580645,3.193548387096774,0,33.333333333333,0.29032258064516125,1.4516129032258063,11.482258064516127,33.333333333333,0.8709677419354839,0.24725002597176257,0.17032779566943645,63.076923076923,5.806451612903225,18.870967741935484,13.064516129032258,0.8709677419354839,1.161290322580645,0.4,0.5806451612903225,0.29032258064516125,1.4516129032258063,26.419354838709676,1.161290322580645,36.29032258064516,0.09909426288739327,0.062108913977299965,0.3791159301275207
Saúl Coco,Serie A,Torino,DC,35,3090,34.333333333333336,53.658536585366,0.3203883495145631,15.664755411723707,2.5631067961165046,0.0,0.0,0.08737864077669902,0.45652173913043476,1.2233009708737863,5.009708737864077,20,0.14563106796116504,0.2912621359223301,0.3786407766990291,63.636363636364,0.2912621359223301,0.9902912621359222,1.3398058252427183,6.6666666666667,58.579881656805,1.2524271844660193,0.3203883495145631,9.059417475728155,45.355191256831,5.330097087378641,0.03369710909076107,0.0771289385855198,85.278514588859,3.436893203883495,43.922330097087375,7.893203883495145,0.058252427184466014,0.2912621359223301,0.26666666666666666,0.11650485436893203,0.14563106796116504,0.4368932038834951,12.116504854368932,1.6893203883495145,58.89320388349514,0.022102283548961564,0.1733641491895451,0.19208524938564275
Valentino Lazaro,Serie A,Torino,DML,31,2263,25.144444444444446,38.461538461538,1.2328767123287672,21.262955714033872,3.7384003535130357,0.27839151568714093,0.0,0.11931064958020327,0.42105263157894735,1.2726469288555016,1.988510826336721,27.205882352941,5.4087494476358815,0.11931064958020327,0.8351745470614228,44,0.9942554131683605,0.3579319487406098,1.4714980114891736,0,47.517730496454,0.8749447635881573,1.2328767123287672,9.649049933716306,44.554455445545,4.016791869200176,0.016837600611193066,0.05292151414323598,79.383886255924,7.715422006186477,33.56606274856385,13.919575784357047,0.3977021652673442,0.1988510826336721,0.25,0.07954043305346885,0.11931064958020327,0.3181617322138754,17.220503756076006,1.8692001767565178,57.189571365444095,0.14728964689560975,0.19665711625613735,0.251213031237796
Zakaria Aboukhlal,Serie A,Torino,AMC,15,520,5.777777777777778,30.769230769231,0.5192307692307693,17.781299102613932,4.153846153846154,0.17307692307692307,0.0,0.34615384615384615,0.13333333333333333,0.34615384615384615,1.3846153846153846,11.111111111111,3.1153846153846154,1.0384615384615385,1.903846153846154,35.294117647059,2.769230769230769,1.903846153846154,2.076923076923077,0,49.367088607595,0.17307692307692307,0.5192307692307693,10.071346153846154,37.5,2.769230769230769,0.0713384159339162,0.05888250204069274,74.096385542169,6.923076923076923,28.73076923076923,17.307692307692307,0.34615384615384615,0.8653846153846154,0.2857142857142857,0.34615384615384615,0.34615384615384615,1.2115384615384615,25.615384615384617,3.807692307692308,55.21153846153846,0.10342568141193344,0.07835278065445332,0.23217044684749383
Enzo Ebosse,Serie A,"Torino,Verona",DC,17,1331,14.78888888888889,47.058823529412,0.40570999248685197,10.751527742504907,2.2314049586776856,0.067618332081142,0.0,0.0,0.38095238095238093,1.081893313298272,3.989481592787378,42.857142857143,0.47332832456799395,0.40570999248685197,0.33809166040571,50,0.270473328324568,0.67618332081142,1.4199849737039818,0,41.379310344828,0.67618332081142,0.47332832456799395,9.631555221637866,44.047619047619,5.679939894815927,0.0039605231805908145,0.05857173725962639,89.721886336155,7.09992486851991,55.92036063110443,7.505634861006762,0.0,0.067618332081142,0.0,0.0,0.0,0.067618332081142,13.117956423741546,0.8114199849737039,67.21262208865514,0.0,0.019584021409994493,0.019584021409994493
Abdoulaye Camara,Serie A,Udinese,Non,1,11,0.12222222222222222,0,8.181818181818182,0,0.0,0.0,0.0,0.0,1.0,8.181818181818182,0.0,100,16.363636363636363,0.0,0.0,0,0.0,0.0,0.0,0,0,0.0,8.181818181818182,16.28181818181818,100,8.181818181818182,0.0,0,100,24.545454545454547,73.63636363636364,0.0,0.0,0.0,0,0.0,0.0,0.0,32.72727272727273,0.0,90.0,0.35214133899320255,0.3141138025305488,0.3141138025305488
Adam Buksa,Serie A,Udinese,FW,25,926,10.28888888888889,54.545454545455,1.0691144708423326,12.239201412665127,1.9438444924406046,0.19438444924406045,0.19438444924406045,0.3887688984881209,0.75,0.2915766738660907,1.1663066954643628,50,0.19438444924406045,1.1663066954643628,0.5831533477321814,20,0.9719222462203023,1.5550755939524836,2.3326133909287257,25,36.619718309859,0.19438444924406045,1.0691144708423326,10.523002159827213,75,0.3887688984881209,0.27057545448675524,0.2319933989395698,60.773480662983,4.1792656587473,17.591792656587472,12.149028077753778,0.2915766738660907,1.0691144708423326,0.5,0.5831533477321814,0.09719222462203023,1.1663066954643628,14.481641468682504,0.9719222462203023,31.490280777537794,0.09711974614237477,0.05575300685128048,0.38064354165712644
Alessandro Zanoli,Serie A,Udinese,DMR,19,1290,14.333333333333334,68,1.0465116279069766,22.065039515626946,3.488372093023256,0.20930232558139533,0.0,0.0,0.4782608695652174,0.7674418604651162,2.511627906976744,30.769230769231,2.7209302325581395,0.13953488372093023,0.627906976744186,42.424242424242,2.302325581395349,0.3488372093023256,1.1162790697674418,33.333333333333,48.888888888889,0.4883720930232558,1.0465116279069766,10.087674418604651,40.909090909091,1.5348837209302324,0.006975796160309813,0.033328803877035774,80.459770114943,6.069767441860465,24.27906976744186,10.674418604651162,0.27906976744186046,0.06976744186046512,0.3333333333333333,0.06976744186046512,0.13953488372093023,0.20930232558139533,21.627906976744185,1.744186046511628,45.69767441860465,0.10840832593655864,0.1660433120072581,0.2472262112640364
Arthur Atta,Serie A,Udinese,MC,32,2563,28.477777777777778,47.727272727273,1.1939133827545845,21.65159632198013,3.8977760436987903,0.1755754974639095,0.10534529847834569,0.667186890362856,0.37037037037037035,0.702301989855638,1.2290284822473663,27.272727272727,1.9313304721030042,2.3175965665236054,0.5618415918845103,52.5,4.213811939133827,1.1236831837690207,0.8076472883339836,8.7719298245614,43.165467625899,0.667186890362856,1.1939133827545845,10.49730784237222,51.315789473684,2.668747561451424,0.14870885156394448,0.07429644962151845,83.156881616939,11.271946937182989,36.48458837300039,15.099492781896215,0.49161139289894656,1.1587982832618027,0.3508771929824561,0.702301989855638,0.8427623878267655,2.0015606710885683,17.20639875146313,0.9481076863051112,58.466640655481854,0.114251907414877,0.28812482031560066,0.5074786167218264
Branimir Mlacic,Serie A,Udinese,DC,7,162,1.8,28.571428571429,0.5555555555555556,0,2.2222222222222223,0.0,0.0,0.5555555555555556,0.7142857142857143,2.7777777777777777,3.333333333333333,0,0.5555555555555556,0.5555555555555556,0.5555555555555556,100,0.5555555555555556,0.0,2.2222222222222223,0,40,1.1111111111111112,0.5555555555555556,8.083333333333334,62.5,4.444444444444445,0.0,0.0,87.179487179487,3.888888888888889,43.333333333333336,6.666666666666666,0.0,0.0,0.0,0.0,0.5555555555555556,0.5555555555555556,8.88888888888889,1.6666666666666665,55.0,0.02973567901386155,0.022926895568768185,0.022926895568768185
Christian Kabasele,Serie A,Udinese,DC,30,2262,25.133333333333333,65,0.03978779840848806,11.521600795236743,2.1883289124668437,0.0,0.0,0.07957559681697612,0.4222222222222222,0.7559681697612732,6.246684350132626,0,0.0,0.15915119363395225,0.1989389920424403,83.333333333333,0.2387267904509284,0.9946949602122016,1.3129973474801062,30,54.117647058824,1.4323607427055702,0.03978779840848806,8.712334217506632,50,3.8196286472148544,0.06659304382235048,0.1673705168068409,88.347205707491,1.0344827586206897,33.46153846153846,4.694960212201591,0.0,0.35809018567639256,0.6,0.2387267904509284,0.03978779840848806,0.3978779840848806,10.822281167108754,0.7161803713527851,46.90981432360743,0.0025229830917376105,0.09025997847852245,0.09479719637806679
Daniele Padelli,Serie A,Udinese,GK,2,180,2.0,0,0.0,,8.5,0.0,0.0,0.0,1.0,0.5,1.0,0,0.0,0.0,0.0,0,0.0,0.0,0.0,0,0,0.0,0.0,5.495,25,14.0,0.0,0,66.666666666667,0.0,31.5,10.5,0.0,0.0,0,0.0,0.0,0.0,0.0,0.0,38.0,0.0,0.0,0.0
Hassane Kamara,Serie A,Udinese,DL,26,1869,20.766666666666666,62.068965517241,1.1075441412520064,23.028967427714946,3.467094703049759,0.28892455858747995,0.048154093097913325,0.14446227929373998,0.45098039215686275,1.1075441412520064,2.792937399678973,20.731707317073,3.948635634028893,0.5296950240770466,0.3852327447833066,53.125,1.5409309791332264,0.5296950240770466,0.7704654895666132,0,55.660377358491,1.1075441412520064,1.1556982343499198,9.564847512038524,40,3.611556982343499,0.042845864225639387,0.05561036127619445,81.743869209809,7.512038523274478,35.34510433386838,14.157303370786517,0.14446227929373998,0.3852327447833066,0.3125,0.24077046548956663,0.3852327447833066,0.7704654895666132,20.70626003210273,1.492776886035313,58.555377207062605,0.12105066804618936,0.19807080129822224,0.30713268443583297
Idrissa Gueye,Serie A,Udinese,FW,19,427,4.7444444444444445,51.219512195122,0.8430913348946136,14.031139353802393,1.2646370023419204,0.0,0.6323185011709602,1.6861826697892273,1.0,0.2107728337236534,0.8430913348946136,25,0.8430913348946136,1.2646370023419204,0.8430913348946136,40,1.053864168618267,1.8969555035128804,3.161592505854801,5,43.589743589744,0.6323185011709602,0.8430913348946136,11.029742388758782,0,0.0,0.025915457960872516,0.006147722527384758,67.605633802817,4.6370023419203745,14.964871194379391,12.224824355971897,0.0,3.5831381733021077,0.3,1.2646370023419204,0.6323185011709602,4.215456674473068,20.234192037470727,1.2646370023419204,36.46370023419204,0.0,0.0,0.009806816503231085
Iker Bravo,Serie A,Udinese,FW,8,216,2.4,16.666666666667,1.25,20.83378322860379,4.166666666666667,0.0,0.0,1.25,0.625,2.0833333333333335,0.0,0,1.6666666666666667,2.5,0.8333333333333334,50,0.8333333333333334,0.4166666666666667,1.25,25,20,0.0,1.25,11.308333333333334,100,1.25,0.1921507234995564,0.11529043409973383,81.818181818182,5.833333333333334,18.333333333333336,10.833333333333334,0.8333333333333334,0.4166666666666667,0.25,0.4166666666666667,1.25,1.6666666666666667,20.416666666666668,0.4166666666666667,31.25,0.09267760906368494,0.08457525943716368,0.3276732455318173
Jakub Piotrowski,Serie A,Udinese,MC,33,1697,18.855555555555554,53.658536585366,0.6364172068355922,19.176396292075253,4.295816146140248,0.05303476723629936,0.15910430170889805,0.7424867413081909,0.4827586206896552,0.7424867413081909,1.8562168532704775,0,1.2728344136711844,0.7424867413081909,0.6894519740718916,44.827586206897,1.4849734826163818,1.5380082498526813,1.5380082498526813,2.7777777777778,55.063291139241,0.901591043017089,0.6364172068355922,10.479670005892752,46.153846153846,2.068355922215675,0.1699980483793763,0.08903910126537085,82.097649186257,6.788450206246318,29.328226281673544,10.182675309369476,0.42427813789039487,1.0076605774896878,0.25,0.4773129051266942,0.901591043017089,1.9092516205067769,19.67589864466706,2.386564525633471,47.83736004714202,0.04128352915083372,0.17039841771428735,0.3454047098918283
Jesper Karlström,Serie A,Udinese,MC,36,3152,35.022222222222226,53.571428571429,0.45685279187817257,20.35872892025742,4.1116751269035525,0.028553299492385786,0.0,0.25697969543147203,0.4536082474226804,1.2563451776649746,2.1700507614213196,13.333333333333,0.42829949238578674,0.39974619289340096,0.45685279187817257,47.619047619048,0.5710659898477157,0.8565989847715735,1.170685279187817,5,52.906976744186,1.0279187817258881,0.45685279187817257,10.377125634517766,38.028169014085,4.054568527918781,0.026964643691798792,0.047218087175861,81.342182890855,6.138959390862944,38.71827411167512,9.308375634517766,0.31408629441624364,0.22842639593908629,0.15,0.08565989847715735,0.3426395939086294,0.5710659898477157,12.991751269035532,1.5418781725888324,50.51078680203045,0.025659432982775347,0.18750385955084814,0.22422117054660987
Jordan Zemura,Serie A,Udinese,DML,17,1128,12.533333333333333,30.434782608696,0.9574468085106383,20.621970267211093,3.670212765957447,0.1595744680851064,0.0,0.0797872340425532,0.52,1.0372340425531914,2.154255319148936,27.777777777778,2.872340425531915,0.9574468085106383,0.7978723404255319,30,2.393617021276596,0.8776595744680851,2.074468085106383,0,43.220338983051,0.5585106382978724,0.9574468085106383,8.964893617021277,37.5,3.1914893617021276,0.026434681259412715,0.06626293435692787,73.573573573574,7.5,26.569148936170212,15.0,0.1595744680851064,0.2393617021276596,0.2,0.0797872340425532,0.1595744680851064,0.39893617021276595,15.47872340425532,2.473404255319149,52.819148936170215,0.101332267439191,0.1369248535186845,0.1711196740197533
Juan Arizala,Serie A,Udinese,DMR,10,197,2.188888888888889,40,0.45685279187817257,24.81183082568061,2.284263959390863,0.0,0.0,0.0,0.5,0.9137055837563451,0.9137055837563451,0,2.7411167512690353,0.9137055837563451,0.45685279187817257,40,2.284263959390863,0.45685279187817257,0.45685279187817257,0,61.111111111111,0.45685279187817257,0.45685279187817257,10.356852791878172,100,0.9137055837563451,0.012400825767952777,0.02714402973651886,89.333333333333,9.593908629441623,34.263959390862944,12.79187817258883,0.0,0.0,1.0,0.45685279187817257,0.45685279187817257,0.45685279187817257,20.558375634517766,3.6548223350253806,61.67512690355329,0.06168868335975607,0.17092860374732063,0.2450181128750295
Jurgen Ekkelenkamp,Serie A,Udinese,MC,31,2203,24.477777777777778,39.473684210526,1.1030413073082161,20.79703294843881,3.6359509759418973,0.1634135270086246,0.1634135270086246,0.2451202905129369,0.5833333333333334,0.8579210167952792,1.06218792555606,15.625,1.3073082160689968,0.817067635043123,0.4085338175215615,64,1.0213345438039039,0.7762142532909668,0.8987743985474353,15.151515151515,57.342657342657,0.6128007262823423,1.1438946890603723,10.964230594643668,26.666666666667,1.2256014525646846,0.19323890671113703,0.14333512171199828,79.00466562986,7.271901951883795,26.268724466636407,9.151157512482978,0.36768043576940534,0.5719473445301861,0.45454545454545453,0.6128007262823423,0.7762142532909668,1.348161597821153,21.080344984112575,1.920108942351339,39.750340444847936,0.10438191166288789,0.15825863418609404,0.4239662370381981
Keinan Davis,Serie A,Udinese,FW,30,2079,23.1,43.065693430657,1.3419913419913418,14.700315960315443,3.2467532467532467,0.2597402597402597,0.30303030303030304,0.5194805194805194,0.8888888888888888,0.3463203463203463,1.1255411255411254,0,0.21645021645021645,1.7316017316017316,0.21645021645021645,68.181818181818,1.9047619047619047,2.0346320346320343,1.7748917748917747,20,48.618784530387,0.08658008658008658,1.3419913419913418,9.063203463203463,72.727272727273,0.47619047619047616,0.29631778984874874,0.13689881891012193,77.777777777778,5.367965367965367,17.142857142857142,9.047619047619047,0.6493506493506493,1.948051948051948,0.5,1.0822510822510822,0.21645021645021645,2.1645021645021645,16.88311688311688,0.47619047619047616,31.99134199134199,0.1873464826736357,0.22358330006981308,0.5811818047261341
Kingsley Ehizibue,Serie A,Udinese,DMR,32,1829,20.322222222222223,44.444444444444,0.3936577364680153,17.28721491266129,3.739748496446145,0.09841443411700382,0.04920721705850191,0.09841443411700382,0.5,0.8857299070530344,2.5095680699835974,12.5,1.574630945872061,0.7873154729360305,0.4920721705850191,26.923076923077,1.2301804264625478,1.1317659923455439,1.673045379989065,25,46.896551724138,0.590486604702023,0.3936577364680153,9.208146528157462,51.219512195122,2.0174958993985785,0.07051640722295702,0.1791312622372061,79.245283018868,4.5270639693821755,23.471842536905413,11.366867140513941,0.09841443411700382,0.2952433023510115,0.25,0.09841443411700382,0.09841443411700382,0.3936577364680153,15.15582285401859,1.9190814652815746,45.31984691088026,0.034099924543586305,0.13888781989057444,0.2391950292599338
Lennon Miller,Serie A,Udinese,MC,24,1018,11.311111111111112,66.666666666667,1.237721021611002,22.136415460557522,4.597249508840864,0.26522593320235754,0.0,0.1768172888015717,0.43243243243243246,1.4145383104125735,1.5913555992141453,21.875,2.829076620825147,0.7956777996070726,0.618860510805501,66.666666666667,1.237721021611002,1.5029469548133594,1.237721021611002,0,58.536585365854,0.618860510805501,1.237721021611002,11.152750491159136,38.461538461538,3.447937131630648,0.027071183185094935,0.03402279565731684,77.604166666667,6.895874263261296,33.948919449901766,13.349705304518663,0.44204322200392926,0.08840864440078584,0.1111111111111111,0.08840864440078584,0.7072691552062867,0.7956777996070726,12.819253438113948,1.856581532416503,51.807465618860505,0.11895188326217336,0.11014007820522738,0.21298090291478486
Maduka Okoye,Serie A,Udinese,GK,30,2617,29.07777777777778,85.714285714286,0.06878104700038211,,7.050057317539166,0.0,0.0,0.0,0.6162790697674418,1.822697745510126,0.9285441345051585,0,0.0,0.0,0.0,0,0.0,0.13756209400076422,0.06878104700038211,0,60,0.0,0.06878104700038211,3.8837218188765763,39.731285988484,17.91746274359954,0.0,0,64.712389380531,1.0317157050057317,31.089033244172715,11.07374856706152,0.0,0.0,0,0.0,0.0,0.0,0.3095147115017195,0.0,38.75811998471532,0.002454145084447336,0.06788474245350644,0.06844639024395818
Matteo Palma,Serie A,Udinese,DC,5,124,1.3777777777777778,72.727272727273,0.0,0,4.354838709677419,0.0,0.0,0.0,0.6666666666666666,1.4516129032258065,6.532258064516129,0,0.7258064516129032,0.0,0.7258064516129032,0,0.0,0.0,2.1774193548387095,0,33.333333333333,1.4516129032258065,0.0,10.095967741935484,22.222222222222,6.532258064516129,0.0,0,75.471698113208,3.629032258064516,38.46774193548387,13.064516129032258,0.0,0.0,0,0.0,0.0,0.0,13.064516129032258,1.4516129032258065,57.33870967741935,0.0,0.14556017779414693,0.14556017779414693
Nicolo Zaniolo,Serie A,Udinese,FW,32,2269,25.211111111111112,32.727272727273,2.0229175848391363,22.051700637465395,3.649184662847069,0.2776553547818422,0.2379903040987219,0.9916262670780079,0.45901639344262296,1.110621419127369,0.0,26.612903225806,4.918466284706919,2.4988981930365797,0.7933010136624064,35.106382978723,3.7285147642133096,2.4195680916703393,2.4592331423534595,6.9444444444444,38.125,0.15866020273248127,2.1022476862053767,9.898810048479506,60,1.7849272807404142,0.2436986421438081,0.08533213256547849,78.065630397237,7.298369325694138,22.966064345526664,17.80960775672102,0.9916262670780079,1.3089466725429704,0.3055555555555556,0.872631115028647,1.5469369766416923,2.855883649184663,20.14984574702512,1.110621419127369,49.14499779638607,0.2258142494871956,0.13681131405628635,0.4775975206140355
Nicolò Bertola,Serie A,Udinese,DC,28,1780,19.77777777777778,60.344827586207,0.5561797752808989,17.939450603657622,3.286516853932584,0.15168539325842695,0.05056179775280899,0.15168539325842695,0.323943661971831,1.1629213483146066,4.348314606741573,0,0.4044943820224719,0.3033707865168539,0.7078651685393258,31.25,0.8089887640449438,0.6067415730337078,1.0112359550561798,0,52.941176470588,1.1629213483146066,0.5561797752808989,9.595112359550562,38.167938931298,6.623595505617978,0.05034468009063367,0.07659276116352814,78.212974296206,4.095505617977528,41.30898876404494,11.932584269662922,0.15168539325842695,0.4550561797752809,0.3076923076923077,0.20224719101123595,0.20224719101123595,0.6573033707865168,13.196629213483146,1.8707865168539326,57.79213483146067,0.07832198975126395,0.14451019887634542,0.22679861054724354
Oier Zarraga,Serie A,Udinese,MC,24,497,5.522222222222222,57.142857142857,0.36217303822937624,18.8850580848442,4.7082494969818915,0.18108651911468812,0.18108651911468812,0.36217303822937624,0.625,0.9054325955734407,2.535211267605634,16.666666666667,2.1730382293762576,0.5432595573440644,2.716297786720322,33.333333333333,0.5432595573440644,0.9054325955734407,1.448692152917505,0,30,1.0865191146881288,0.36217303822937624,11.029979879275654,36.363636363636,1.9919517102615694,0.10809907311165116,0.1492367759346962,89.873417721519,7.062374245472837,28.611670020120723,7.062374245472837,0.36217303822937624,0.5432595573440644,0.25,0.18108651911468812,0.18108651911468812,0.7243460764587525,22.092555331991953,1.0865191146881288,44.00402414486921,0.02402181401698882,0.18457855675107157,0.29590039843809557
Oumar Solet,Serie A,Udinese,DC,35,2961,32.9,54.347826086957,0.668693009118541,17.777048019873025,5.167173252279635,0.0911854103343465,0.0911854103343465,0.24316109422492402,0.44,1.337386018237082,3.799392097264438,10,0.60790273556231,0.729483282674772,0.668693009118541,70.689655172414,1.7325227963525838,0.8814589665653496,0.9118541033434651,9.0909090909091,61.637931034483,1.458966565349544,0.6990881458966566,8.96838905775076,59.448818897638,7.720364741641338,0.06498425782836498,0.0647873358349457,89.253012048193,8.419452887537995,63.06990881458967,9.969604863221885,0.1519756838905775,0.60790273556231,0.18181818181818182,0.182370820668693,0.3951367781155015,1.0030395136778116,14.407294832826748,2.2796352583586628,80.3951367781155,0.06989909834185995,0.2842531189050718,0.32658395637675985
Razvan Sava,Serie A,Udinese,GK,7,619,6.877777777777778,0,0.0,0,6.688206785137318,0.0,0.0,0.0,0.5,0.14539579967689822,1.0177705977382876,0,0.0,0.0,0.14539579967689822,0,0.0,0.0,0.0,0,0,0.0,0.0,1.4786752827140548,32.258064516129,9.014539579967689,0.0,0,75,0.7269789983844911,25.00807754442649,6.3974151857835215,0.0,0.0,0,0.0,0.0,0.0,0.14539579967689822,0.0,32.2778675282714,0.0,0.02578016921203818,0.02578016921203818
Rui Modesto,Serie A,Udinese,DMR,3,116,1.288888888888889,25,1.5517241379310345,31.191001433345956,3.103448275862069,0.7758620689655172,0.0,0.0,0.3333333333333333,1.5517241379310345,1.5517241379310345,40,3.879310344827586,1.5517241379310345,0.7758620689655172,0,0.0,0.0,0.0,0,50,0.7758620689655172,1.5517241379310345,10.458620689655172,25,3.103448275862069,0.00878953680010705,0.011328736320137978,72.727272727273,10.086206896551724,34.137931034482754,18.620689655172413,0.0,0.0,1.0,0.7758620689655172,0.7758620689655172,0.7758620689655172,20.17241379310345,4.655172413793103,63.62068965517241,0.34429473095926744,0.16826339965236597,0.5125581190503876
Saba Goglichidze,Serie A,Udinese,DC,8,422,4.688888888888889,50,0.42654028436018954,10.887373623676185,2.772511848341232,0.0,0.21327014218009477,0.0,0.7142857142857143,4.265402843601896,3.4123222748815163,50,0.42654028436018954,0.21327014218009477,0.42654028436018954,0,0.0,0.8530805687203791,1.066350710900474,0,65.217391304348,1.7061611374407581,0.42654028436018954,9.432938388625592,68.085106382979,10.023696682464454,0.11815391463267294,0.1846701924999555,81.521739130435,5.971563981042654,39.24170616113744,8.744075829383887,0.0,0.6398104265402843,0.3333333333333333,0.21327014218009477,0.0,0.6398104265402843,13.43601895734597,2.3459715639810423,53.1042654028436,0.013523229896598517,0.24238632426937043,0.2515846271932972
Thomas Thiesson Kristensen,Serie A,Udinese,DC,28,2475,27.5,63.28125,0.10909090909090909,12.657680761369546,3.0545454545454547,0.0,0.03636363636363636,0.07272727272727272,0.35,1.018181818181818,7.2,25,0.14545454545454545,0.07272727272727272,0.6181818181818182,50,0.43636363636363634,0.32727272727272727,0.9090909090909091,27.272727272727,47.126436781609,0.9090909090909091,0.10909090909090909,8.808363636363636,52.980132450331,5.490909090909091,0.068308468230746,0.17077117057686503,85.588470776621,3.672727272727273,45.41818181818182,7.636363636363637,0.0,0.32727272727272727,0.5454545454545454,0.21818181818181817,0.07272727272727272,0.4,11.854545454545455,0.9454545454545454,59.41818181818182,0.008158849382942373,0.1489117948169058,0.16404991773041813
Vakoun Bayo,Serie A,Udinese,FW,15,451,5.011111111111111,45.454545454545,0.5986696230598669,15.411003778866322,2.3946784922394677,0.19955654101995565,0.5986696230598669,0.0,0.3333333333333333,0.3991130820399113,0.3991130820399113,0,0.19955654101995565,1.1973392461197339,0.19955654101995565,14.285714285714,1.3968957871396896,1.1973392461197339,2.9933481152993346,0,25.714285714286,0.0,0.5986696230598669,9.405099778270511,33.333333333333,1.1973392461197339,0.2645246091271914,0.09468301485425659,75,7.782705099778271,22.350332594235034,12.971175166297117,0.19955654101995565,1.9955654101995566,0.14285714285714285,0.3991130820399113,0.7982261640798226,2.7937915742793793,22.54988913525499,0.3991130820399113,38.31485587583148,0.14587050696169987,0.06774124047179973,0.3546432398895665
Sandi Lovric,Serie A,"Udinese,Verona",MC,14,535,5.944444444444445,33.333333333333,2.0186915887850465,18.957702686855104,5.214953271028037,0.6728971962616822,0.16822429906542055,0.0,0.64,2.691588785046729,2.3551401869158877,34.042553191489,7.906542056074766,1.514018691588785,1.8504672897196262,62.5,1.3457943925233644,0.6728971962616822,1.514018691588785,0,49.206349206349,1.8504672897196262,2.0186915887850465,11.385420560747665,61.538461538462,4.373831775700935,0.022221681653199907,0.022015925341596205,87.71186440678,8.411214953271028,39.70093457943925,14.130841121495326,0.3364485981308411,0.8411214953271028,0.3333333333333333,0.3364485981308411,0.16822429906542055,1.0093457943925233,11.607476635514018,3.7009345794392523,66.61682242990653,0.19644281992288393,0.042936230374273854,0.06515791328084246
Abdou Harroui,Serie A,Verona,MC,23,929,10.322222222222223,6.25,1.356297093649085,23.27637670214634,4.553283100107643,0.0,0.0,0.581270182992465,0.2692307692307692,0.6781485468245425,0.77502691065662,24.137931034483,2.809472551130247,1.356297093649085,0.77502691065662,45.833333333333,2.32508073196986,0.0968783638320775,2.131324004305705,8.3333333333333,41.489361702128,0.0968783638320775,1.356297093649085,11.331862217438104,40,2.906350914962325,0.03992967929117646,0.03434691857546568,81.717451523546,8.815931108719052,34.973089343379975,14.531754574811625,1.0656620021528525,0.4843918191603875,0.16666666666666666,0.193756727664155,0.6781485468245425,1.16254036598493,21.31324004305705,2.6157158234660924,53.86437029063509,0.06651714242156695,0.26176668275488524,0.35336835861739385
Al Musrati,Serie A,Verona,MC,18,847,9.411111111111111,45.161290322581,0.743801652892562,24.927119396296717,5.419126328217237,0.0,0.0,0.5312868949232585,0.5957446808510638,2.975206611570248,2.656434474616293,50,0.21251475796930341,0.743801652892562,1.062573789846517,0,0.0,0.3187721369539551,1.5938606847697756,0,33.333333333333,0.9563164108618654,0.743801652892562,10.386658795749705,51.5625,6.800472255017709,0.02071054806270875,0.021656585443351004,82.708333333333,7.969303423848878,51.00354191263282,11.050767414403778,0.21251475796930341,0.0,0.1111111111111111,0.10625737898465171,0.9563164108618654,0.9563164108618654,9.669421487603305,1.487603305785124,63.43565525383707,0.04360764302805928,0.10464986790644518,0.15257753076640956
Amin Sarr,Serie A,Verona,FW,34,1087,12.077777777777778,36.538461538462,1.2419503219871206,17.33497301122626,3.311867525298988,0.0827966881324747,0.0827966881324747,0.49678012879484823,0.6,0.49678012879484823,0.9107635694572217,16.666666666667,0.9935602575896965,1.7387304507819688,0.3311867525298988,43.478260869565,1.9043238270469183,1.8215271389144434,2.0699172033118676,0,43.92523364486,0.24839006439742412,1.2419503219871206,0.0,60,0.4139834406623735,0.13391148240717596,0.08512384875824577,75.261324041812,7.865685372585097,23.76264949402024,12.33670653173873,0.49678012879484823,0.9935602575896965,0.3157894736842105,0.49678012879484823,0.5795768169273229,1.5731370745170195,0.0,1.2419503219871206,41.5639374425023,0.11345611611019611,0.15860531203236292,0.34364774828329475
Andrias Edmundsson,Serie A,Verona,DC,15,1320,14.666666666666666,49.367088607595,0.13636363636363638,35.65726571513119,3.9545454545454546,0.0,0.0,0.0,0.4657534246575342,2.3181818181818183,7.9772727272727275,25,0.27272727272727276,0.20454545454545456,0.6818181818181819,50,0.13636363636363638,0.4772727272727273,0.8863636363636364,0,56.896551724138,1.840909090909091,0.13636363636363638,9.617045454545456,37.984496124031,8.795454545454545,0.011030418078669094,0.04044486628845334,75.381679389313,3.4772727272727275,35.72727272727273,10.295454545454547,0.20454545454545456,0.13636363636363638,0.25,0.06818181818181819,0.13636363636363638,0.27272727272727276,13.15909090909091,1.7727272727272727,54.27272727272727,0.0025381667708808727,0.08666388775137338,0.09659923672337424
Antoine Bernede,Serie A,Verona,MC,32,2320,25.77777777777778,34.210526315789,1.1637931034482758,22.83738465210875,5.818965517241379,0.11637931034482758,0.03879310344827586,0.27155172413793105,0.4,1.0862068965517242,0.6982758620689655,18.518518518519,1.0474137931034482,1.3189655172413792,1.125,45.945945945946,1.396551724137931,0.7758620689655172,2.133620689655172,4.7619047619048,43.852459016393,0.5431034482758621,1.1637931034482758,10.237887931034484,34.146341463415,3.1810344827586206,0.03960518662994406,0.04861589046638636,77.415730337079,9.155172413793103,34.525862068965516,13.267241379310345,0.3103448275862069,0.23275862068965517,0.19047619047619047,0.15517241379310345,0.5818965517241379,0.814655172413793,18.814655172413794,2.71551724137931,51.24568965517241,0.0752832084765722,0.13760644659913818,0.22941984058004514
Armel Bella Kotchap,Serie A,Verona,DC,19,1355,15.055555555555555,83.333333333333,0.06642066420664207,19.033635744839817,4.915129151291513,0.0,0.0,0.06642066420664207,0.4857142857142857,1.1291512915129152,5.712177121771218,0,0.06642066420664207,0.06642066420664207,0.2656826568265683,25,0.2656826568265683,1.1291512915129152,1.4612546125461254,0,56.923076923077,2.125461254612546,0.06642066420664207,9.418450184501847,37.096774193548,4.118081180811808,0.005062936004457438,0.025408438096443813,84.275618374558,2.7232472324723247,37.59409594095941,6.841328413284133,0.06642066420664207,0.13284132841328414,0.0,0.0,0.06642066420664207,0.1992619926199262,13.881918819188192,1.3284132841328413,53.800738007380076,0.0031017389189713115,0.1576387095385372,0.16017851799836458
Cheikh Niasse,Serie A,Verona,MC,20,983,10.922222222222222,38.181818181818,1.007121057985758,23.167565596298562,3.7538148524923702,0.0,0.0,0.09155645981688708,0.35294117647058826,0.5493387589013224,1.6480162767039674,50,1.0986775178026449,0.4577822990844354,0.9155645981688708,66.666666666667,0.4577822990844354,1.3733468972533063,1.8311291963377416,0,54.794520547945,1.281790437436419,1.007121057985758,9.916480162767039,33.333333333333,1.9226856561546286,0.016093749073566158,0.029296583961695433,81.163434903047,5.676500508646999,33.05188199389624,9.064089521871821,0.18311291963377416,0.18311291963377416,0.16666666666666666,0.09155645981688708,0.3662258392675483,0.5493387589013224,17.304170905391658,1.9226856561546286,49.074262461851475,0.05435530880763596,0.1897179804143561,0.24841413669295737
Daniel Mosquera,Serie A,Verona,FW,22,610,6.777777777777778,29.310344827586,0.7377049180327869,15.027031816699822,3.098360655737705,0.29508196721311475,0.0,0.7377049180327869,0.3333333333333333,0.14754098360655737,0.8852459016393442,0,0.29508196721311475,2.2131147540983607,0.8852459016393442,43.75,2.360655737704918,0.8852459016393442,3.2459016393442623,0,25.757575757576,0.29508196721311475,0.7377049180327869,10.53295081967213,0,0.29508196721311475,0.16166684617761706,0.06848387233912945,73.684210526316,3.9836065573770494,16.81967213114754,12.836065573770492,0.5901639344262295,2.360655737704918,0.3125,0.7377049180327869,0.0,2.360655737704918,20.65573770491803,0.7377049180327869,34.08196721311475,0.14581526901389733,0.06951544091838305,0.23773801210718076
Daniel Oyegoke,Serie A,Verona,DMR,15,606,6.733333333333333,43.75,0.44554455445544555,23.970969070479374,3.712871287128713,0.0,0.0,0.0,0.26666666666666666,0.594059405940594,1.7821782178217822,18.75,4.752475247524752,1.0396039603960396,0.44554455445544555,58.333333333333,1.7821782178217822,0.7425742574257426,1.9306930693069306,0,51.851851851852,1.0396039603960396,0.44554455445544555,10.549009900990098,36.363636363636,1.6336633663366336,0.011396348697714286,0.02557847152153651,75.141242937853,6.534653465346534,26.287128712871286,16.93069306930693,0.0,0.297029702970297,0.3333333333333333,0.1485148514851485,0.1485148514851485,0.44554455445544555,21.237623762376238,2.376237623762376,54.05940594059406,0.015799809745190168,0.08465083435841717,0.10728909532622535
Domagoj Bradaric,Serie A,Verona,DML,29,1976,21.955555555555556,25.925925925926,1.2753036437246963,20.911249497724814,3.507085020242915,0.22773279352226722,0.04554655870445344,0.18218623481781376,0.4098360655737705,1.138663967611336,1.7307692307692308,25.688073394495,4.9645748987854255,0.18218623481781376,0.5465587044534413,38.888888888889,0.7742914979757085,0.45546558704453444,0.3643724696356275,0,58.024691358025,0.409919028340081,1.2753036437246963,10.160526315789474,30.357142857143,2.5506072874493926,0.02745810501665812,0.04637368847257816,75.894538606403,4.5091093117408905,24.18522267206478,13.117408906882591,0.3188259109311741,0.3643724696356275,0.46153846153846156,0.2732793522267207,0.22773279352226722,0.5921052631578947,22.591093117408906,1.3663967611336032,43.54251012145749,0.13639240080739565,0.15288232863401835,0.2914451430118096
Fallou Cham,Serie A,Verona,DMR,6,235,2.611111111111111,50,1.5319148936170213,15.595683935433149,2.2978723404255317,0.3829787234042553,0.0,0.0,0.4,0.7659574468085106,2.2978723404255317,10,3.829787234042553,0.3829787234042553,1.1489361702127658,50,0.7659574468085106,1.9148936170212765,2.6808510638297873,0,62.5,1.5319148936170213,1.5319148936170213,8.915744680851065,60,1.9148936170212765,0.13172333037599604,0.0687888503074646,60.377358490566,3.829787234042553,20.29787234042553,16.085106382978722,0.0,1.9148936170212765,0.4,0.7659574468085106,0.0,1.9148936170212765,15.702127659574467,5.361702127659575,55.148936170212764,0.1955211470101742,0.01762403928219004,0.33863361909034406
Gift Orban,Serie A,Verona,FW,28,2036,22.622222222222224,32.584269662921,0.8840864440078585,20.02375894441925,2.5196463654223966,0.13261296660117877,0.5304518664047151,1.0609037328094302,0.2916666666666667,0.3094302554027505,0.3978388998035363,33.333333333333,0.6630648330058939,1.3703339882121808,0.3536345776031434,50,1.6797642436149312,0.9282907662082515,1.0166994106090372,8.2352941176471,36.206896551724,0.1768172888015717,0.8840864440078585,9.279813359528488,46.428571428571,1.237721021611002,0.47387537863910606,0.12611898966133595,71.808510638298,4.4204322200392925,16.62082514734774,10.078585461689586,0.44204322200392926,2.0333988212180745,0.32941176470588235,1.237721021611002,1.723968565815324,3.7573673870333986,14.896856581532415,0.1768172888015717,30.854616895874262,0.11185296651521195,0.11318721412360844,0.6709759354624304
Grigoris Kastanos,Serie A,Verona,AMC,6,59,0.6555555555555556,33.333333333333,1.5254237288135593,18.634812180432615,6.101694915254237,0.0,0.0,0.0,0.75,4.576271186440678,1.5254237288135593,50,3.0508474576271185,3.0508474576271185,4.576271186440678,50,3.0508474576271185,1.5254237288135593,4.576271186440678,0,43.75,4.576271186440678,1.5254237288135593,11.7,33.333333333333,4.576271186440678,0.042723267954789985,0.028007475659251213,69.230769230769,7.627118644067797,39.66101694915254,21.35593220338983,0.0,1.5254237288135593,0.0,0.0,0.0,1.5254237288135593,16.779661016949152,7.627118644067797,71.69491525423729,0.060530467811277355,0.0,0.042723267954789985
Ioan Vermesan,Serie A,Verona,Non,6,95,1.0555555555555556,80,0.0,21.988513865364563,4.7368421052631575,0.0,0.9473684210526315,0.0,0,0.0,0.9473684210526315,0,0.0,0.0,0.0,0,0.0,0.9473684210526315,0.0,0,50,0.0,0.0,11.084210526315788,50,1.894736842105263,0.4090048011980559,0.10793182253837585,75,11.368421052631579,26.526315789473685,10.421052631578947,0.9473684210526315,1.894736842105263,0.25,0.9473684210526315,1.894736842105263,3.789473684210526,22.736842105263158,0.0,39.78947368421053,0.0,0.054000336186666234,0.463005150619306
Isaac,Serie A,Verona,Non,3,37,0.4111111111111111,50,0.0,0,7.297297297297297,0.0,0.0,0.0,0,0.0,0.0,0,2.4324324324324325,2.4324324324324325,0.0,100,2.4324324324324325,4.864864864864865,2.4324324324324325,0,60,0.0,0.0,13.402702702702703,0,0.0,0.0,0,90.909090909091,17.027027027027028,53.513513513513516,9.72972972972973,2.4324324324324325,0.0,0,0.0,0.0,0.0,24.324324324324326,0.0,70.54054054054055,0.0,0.14903704358919248,0.14903704358919248
Jean-Daniel Akpa-Akpro,Serie A,Verona,MC,22,1507,16.744444444444444,44.262295081967,0.6569343065693432,18.553274935427876,4.95686794956868,0.0,0.059721300597213006,0.35832780358327804,0.7,0.8360982083609821,1.4333112143331121,16.666666666667,1.0749834107498342,0.8958195089581952,0.7763769077637691,62.162162162162,2.2096881220968814,0.8958195089581952,2.3291307232913074,7.6923076923077,51.25,1.3735899137358991,0.6569343065693432,9.95912408759124,46.666666666667,0.8958195089581952,0.05232166192372587,0.06739208933252555,74.805194805195,4.120769741207698,22.99270072992701,10.869276708692768,0.29860650298606506,0.41804910418049107,0.3076923076923077,0.23888520238885202,0.35832780358327804,0.7763769077637691,16.244193762441938,2.6277372262773726,42.46184472461845,0.023125907011928352,0.09197684706948259,0.15460800422156537
Jesús Santiago,Serie A,Verona,MC,2,11,0.12222222222222222,0,8.181818181818182,32.61564593687439,16.363636363636363,0.0,0.0,0.0,0,0.0,0.0,0,0.0,0.0,0.0,100,8.181818181818182,8.181818181818182,0.0,0,100,0.0,8.181818181818182,16.69090909090909,0,16.363636363636363,0.08235517804595557,0.005032816436141729,57.142857142857,16.363636363636363,57.27272727272727,24.545454545454547,0.0,0.0,0.5,8.181818181818182,16.363636363636363,16.363636363636363,32.72727272727273,16.363636363636363,106.36363636363637,0.33404858952218835,0.0,0.41640376756814396
Junior Ajayi,Serie A,Verona,Non,1,1,0.011111111111111112,100,0.0,0,0.0,0.0,0.0,0.0,0,0.0,0.0,0,0.0,90.0,0.0,0,0.0,0.0,0.0,0,0,0.0,0.0,0.0,0,0.0,0.0,0,100,90.0,90.0,180.0,0.0,0.0,0,0.0,0.0,0.0,0.0,0.0,360.0,0.0,0.0,0.0
Kieron Bowie,Serie A,Verona,FW,14,1204,13.377777777777778,36.585365853659,0.9717607973421927,19.26114920435186,2.6162790697674416,0.07475083056478406,0.29900332225913623,0.5980066445182725,0.6363636363636364,0.5232558139534883,0.5980066445182725,0,0.4485049833887043,1.420265780730897,0.07475083056478406,33.333333333333,1.1212624584717608,2.0182724252491693,2.5415282392026577,12.121212121212,39.805825242718,0.0,0.9717607973421927,10.563039867109634,53.846153846154,0.9717607973421927,0.3064261903472715,0.12422125696232825,70,4.634551495016611,14.95016611295681,11.735880398671096,0.5232558139534883,1.569767441860465,0.3333333333333333,0.8222591362126246,0.8970099667774086,2.4667774086378738,19.435215946843854,0.6727574750830565,32.74086378737542,0.032957920625162285,0.06167451240759702,0.382562763509387
Lorenzo Montipò,Serie A,Verona,GK,35,3150,35.0,100,0.08571428571428572,,7.371428571428571,0.05714285714285714,0.0,0.0,0.45614035087719296,0.7428571428571429,0.8857142857142857,0,0.0,0.0,0.0,100,0.02857142857142857,0.22857142857142856,0.0,0,100,0.0,0.08571428571428572,2.9954285714285716,32.510288065844,20.82857142857143,0.0,0,46.336206896552,1.542857142857143,26.514285714285716,14.314285714285715,0.0,0.0,0,0.0,0.0,0.0,0.2857142857142857,0.02857142857142857,34.51428571428571,0.006240664103201458,0.056282803868608816,0.06252346839755774
Martin Frese,Serie A,Verona,DML,31,2412,26.8,62.5,1.1194029850746268,23.788341777986933,2.425373134328358,0.14925373134328357,0.03731343283582089,0.11194029850746269,0.2727272727272727,0.5597014925373134,3.2835820895522385,27.777777777778,2.6865671641791042,0.11194029850746269,0.8208955223880596,0,0.0,0.7462686567164178,1.716417910447761,9.5238095238095,57.777777777778,1.0820895522388059,1.1567164179104477,10.178358208955222,34,3.7313432835820897,0.050861067972632484,0.06490841055555004,75.069637883008,4.701492537313433,26.791044776119403,13.32089552238806,0.14925373134328357,0.44776119402985076,0.5238095238095238,0.4104477611940298,0.33582089552238803,0.7835820895522387,17.089552238805968,3.134328358208955,49.21641791044776,0.10321427716998689,0.06251149442491691,0.16923213975309437
Nicolás Valentini,Serie A,Verona,DC,21,1406,15.622222222222222,63.855421686747,0.25604551920341395,14.214736840939613,3.5206258890469417,0.12802275960170698,0.06401137980085349,0.0,0.375,1.5362731152204836,6.3371266002844955,33.333333333333,0.9601706970128023,0.12802275960170698,0.7681365576102418,83.333333333333,0.3840682788051209,0.44807965860597443,1.9203413940256047,0,50,0.9601706970128023,0.25604551920341395,9.078733997155052,29.032258064516,5.953058321479374,0.05089809599426571,0.0496963353944011,71.734892787524,3.5206258890469417,32.83783783783784,11.20199146514936,0.06401137980085349,0.8321479374110954,0.4375,0.44807965860597443,0.19203413940256045,1.0241820768136558,10.945945945945946,1.9843527738264581,49.480796586059746,0.0401421442394745,0.12111428078491861,0.19363483622044877
Pol Lirola,Serie A,Verona,DR,6,313,3.477777777777778,33.333333333333,0.28753993610223644,,4.313099041533547,0.0,0.0,0.0,0.18181818181818182,0.5750798722044729,1.7252396166134185,6.25,4.600638977635783,0.5750798722044729,0.5750798722044729,25,1.1501597444089458,0.0,0.8626198083067093,0,37.5,1.1501597444089458,0.28753993610223644,10.000638977635782,28.571428571429,4.02555910543131,0.0,0,62.83185840708,5.463258785942492,32.49201277955272,21.56549520766773,0.0,0.0,0,0.0,0.0,0.0,17.53993610223642,1.4376996805111821,56.35782747603834,0.022890290941674107,0.0,0.022890290941674107
Rafik Belghali,Serie A,Verona,DMR,26,1926,21.4,26.470588235294,1.3084112149532712,18.933209683442005,4.018691588785047,0.09345794392523366,0.09345794392523366,0.3738317757009346,0.5405405405405406,0.9345794392523366,1.074766355140187,26.666666666667,2.8037383177570097,0.8411214953271029,0.5607476635514019,54.929577464789,3.2710280373831777,0.4672897196261683,0.9345794392523366,9.5238095238095,46.666666666667,0.8411214953271029,1.3084112149532712,10.242990654205608,39.024390243902,1.9158878504672898,0.1215326832172191,0.12384759146897566,76.829268292683,7.4299065420560755,22.990654205607477,13.271028037383179,0.28037383177570097,0.5140186915887851,0.2857142857142857,0.28037383177570097,0.4672897196261683,0.9813084112149534,16.261682242990656,0.9813084112149534,45.373831775700936,0.10327203194915413,0.13286818066942638,0.31311809224572695
Roberto Gagliardini,Serie A,Verona,MC,29,2216,24.622222222222224,62.365591397849,0.6498194945848376,16.38911915336668,5.279783393501805,0.0,0.0812274368231047,0.24368231046931407,0.5104166666666666,1.9900722021660648,2.8429602888086642,37.5,0.6498194945848376,0.48736462093862815,0.9341155234657039,60,0.40613718411552346,1.4214801444043321,1.8276173285198556,6.6666666666667,57.8125,2.193140794223827,0.6498194945848376,10.852797833935018,40,4.67057761732852,0.054070452990561776,0.08875564727932214,81.115879828326,9.381768953068592,47.314981949458485,11.859205776173285,0.40613718411552346,0.40613718411552346,0.2,0.12184115523465704,0.20306859205776173,0.6092057761732852,12.549638989169674,2.9648014440433212,64.49458483754512,0.026981297969508794,0.1270575395496125,0.1602371389824655
Simone Perilli,Serie A,Verona,GK,3,270,3.0,0,0.0,0,6.0,0.0,0.0,0.0,0.25,0.3333333333333333,0.6666666666666666,0,0.0,0.0,0.0,0,0.0,0.0,0.0,0,0,0.0,0.0,1.9266666666666667,28.571428571429,18.666666666666668,0.0,0,47.435897435897,1.0,26.0,13.666666666666666,0.0,0.0,0,0.0,0.0,0.0,0.3333333333333333,0.0,32.666666666666664,0.0,0.08615489800771077,0.08615489800771077
Suat Serdar,Serie A,Verona,MC,20,1116,12.4,36.363636363636,1.0483870967741935,20.11667492986726,4.354838709677419,0.16129032258064516,0.24193548387096772,0.48387096774193544,0.46,1.8548387096774193,1.2903225806451613,14.285714285714,0.564516129032258,1.0483870967741935,0.7258064516129032,52.941176470588,1.3709677419354838,0.9677419354838709,1.532258064516129,10.526315789474,52,0.7258064516129032,1.0483870967741935,9.976612903225806,44.642857142857,4.516129032258064,0.2153893822293368,0.14056991261283033,71.898734177215,9.435483870967742,31.85483870967742,12.661290322580644,0.48387096774193544,0.7258064516129032,0.3684210526315789,0.564516129032258,0.8064516129032258,1.532258064516129,12.17741935483871,2.5,46.61290322580645,0.11335578897306996,0.14529829514363118,0.3689781291740796
Tobias Slotsager,Serie A,Verona,DC,8,443,4.9222222222222225,80.769230769231,0.0,16.33339919918254,2.641083521444695,0.0,0.0,0.20316027088036115,0.2916666666666667,1.4221218961625282,6.907449209932279,50,0.4063205417607223,0.0,0.4063205417607223,0,0.0,1.0158013544018059,0.6094808126410834,0,79.166666666667,0.6094808126410834,0.0,9.164559819413093,25.714285714286,7.1106094808126405,0.028347658207871305,0.04651115772624811,77.533039647577,4.875846501128668,46.11738148984198,11.580135440180586,0.0,0.4063205417607223,0.3333333333333333,0.20316027088036115,0.20316027088036115,0.6094808126410834,10.36117381489842,2.8442437923250563,63.995485327313766,0.0,0.0821737206959361,0.08505697580764982
Tomás Suslov,Serie A,Verona,AMC,11,445,4.944444444444445,0,0.8089887640449438,27.009613905619812,5.258426966292134,0.0,0.20224719101123595,1.0112359550561798,0.5,1.0112359550561798,0.20224719101123595,25,4.044943820224719,1.0112359550561798,1.4157303370786516,23.529411764706,3.235955056179775,2.426966292134831,1.8202247191011236,0,42.105263157895,0.20224719101123595,0.8089887640449438,10.399550561797753,50,2.0224719101123596,0.08428367978652541,0.034727997689818345,83.333333333333,5.662921348314606,20.629213483146067,14.561797752808989,0.4044943820224719,0.20224719101123595,0.3333333333333333,0.8089887640449438,2.2247191011235956,2.426966292134831,22.651685393258425,1.6179775280898876,42.674157303370784,0.042603332884191124,0.024620309974370376,0.11282414767179595
Unai Núñez,Serie A,Verona,DC,17,1265,14.055555555555555,45.901639344262,0.3557312252964427,21.533994111136305,3.841897233201581,0.0,0.0,0.21343873517786563,0.421875,1.9209486166007905,4.41106719367589,27.272727272727,0.782608695652174,0.1422924901185771,0.4980237154150198,75,0.8537549407114625,0.7114624505928854,1.9209486166007905,0,53.164556962025,1.6363636363636365,0.3557312252964427,9.188537549407116,43.298969072165,6.901185770750988,0.028200706555379238,0.056625228242150376,78.079710144928,5.976284584980237,39.27272727272727,10.671936758893281,0.07114624505928854,0.3557312252964427,0.14285714285714285,0.07114624505928854,0.1422924901185771,0.4980237154150198,10.671936758893281,1.707509881422925,57.201581027667984,0.026760209042564213,0.175473180735712,0.1999843495680763
Victor Nelsson,Serie A,Verona,DC,38,3315,36.833333333333336,68.449197860963,0.08144796380090497,23.164276794287275,3.0407239819004523,0.0,0.027149321266968323,0.027149321266968323,0.3088235294117647,0.5701357466063348,7.085972850678733,0,0.13574660633484162,0.0,0.5701357466063348,75,0.10859728506787329,0.5429864253393665,1.1945701357466063,0,59.615384615385,1.846153846153846,0.08144796380090497,8.942714932126696,31.007751937984,3.502262443438914,0.012697670878463201,0.05846219300292432,84.065040650407,2.1176470588235294,33.393665158371036,6.298642533936651,0.027149321266968323,0.19004524886877827,0.125,0.027149321266968323,0.027149321266968323,0.21719457013574658,10.316742081447963,1.9547511312217194,48.81447963800905,0.001488197173468128,0.10619932065014116,0.11062032012985303
